ISO-10303-21;
HEADER;
FILE_DESCRIPTION (('ViewDefinition [CoordinationView]'), '2;1');
FILE_NAME ('Erg\X\E4nzung WSH Gleis 2.IFC', '2026-02-19T11:34:18', (''), (''), 'IfcEngine 1032', 'ProVI', '');
FILE_SCHEMA (('IFC2X3'));
ENDSEC;
DATA;

/* ------- General definitions ----------------------------------------------------------------- */
#1 = IFCDIMENSIONALEXPONENTS(0, 0, 0, 0, 0, 0, 0);
/* ------- Global X direction ------------------------------------------------------------------ */
#2 = IFCDIRECTION((1., 0., 0.));
/* ------- Global Y direction ------------------------------------------------------------------ */
#3 = IFCDIRECTION((0., 1., 0.));
/* ------- Global Z direction ------------------------------------------------------------------ */
#4 = IFCDIRECTION((0., 0., 1.));
/* ------- True north direction ---------------------------------------------------------------- */
#5 = IFCDIRECTION((0., 1.));
/* ------- Global origin ----------------------------------------------------------------------- */
#6 = IFCCARTESIANPOINT((0., 0., 0.));
/* ------- IfcOwnerHistory contain information about the person and organization --------------- */
/* ------- that produced this file ------------------------------------------------------------- */
#7 = IFCOWNERHISTORY(#12, #16, $, .NOCHANGE., $, $, $, 1771497259);
#8 = IFCACTORROLE(.CIVILENGINEER., $, $);
#9 = IFCPOSTALADDRESS(.OFFICE., $, $, $, ('Europlatz 1'), $, 'Berlin', $, '10557', $);
#10 = IFCPERSON($, 'Pursche', 'Gina', $, $, $, (#8), (#9));
#11 = IFCORGANIZATION($, 'DB InfraGO', $, (#8), (#9));
#12 = IFCPERSONANDORGANIZATION(#10, #11, (#8));
#13 = IFCACTORROLE(.USERDEFINED., 'Softwareentwickler', $);
#14 = IFCPOSTALADDRESS(.OFFICE., 'Main office', $, 'MUC/IT', ('Garmischer Stra\X2\00DF\X0\e 19-21'), $, 'M\X2\00FC\X0\nchen', 'Bayern', '81373', 'Germany');
#15 = IFCORGANIZATION($, 'ProVI GmbH', 'www.provi-cad.de', (#13), (#14));
#16 = IFCAPPLICATION(#15, '7.5', 'Programmsystem f\X2\00FC\X0\r Verkehrs- und Infrastrukturplanung', 'ProVI');

/* ------- IfcProject is the top most element in the project structure ------------------------- */
#17 = IFCPROJECT('1CWdGJPjjFqun1zi9O9JJj', #7, 'Kressbronn VA', $, $, $, $, (#26), #18);
/* ------- IfcUnitAssignment defines the global units for measures and values ------------------ */
/* ------- when the units are not otherwise defined -------------------------------------------- */
#18 = IFCUNITASSIGNMENT((#19, #20, #21, #22, #23, #24, #25));
#19 = IFCSIUNIT(*, .LENGTHUNIT., $, .METRE.);
#20 = IFCSIUNIT(*, .AREAUNIT., $, .SQUARE_METRE.);
#21 = IFCSIUNIT(*, .VOLUMEUNIT., $, .CUBIC_METRE.);
#22 = IFCSIUNIT(*, .PLANEANGLEUNIT., $, .RADIAN.);
#23 = IFCSIUNIT(*, .MASSUNIT., .KILO., .GRAM.);
#24 = IFCSIUNIT(*, .TIMEUNIT., $, .SECOND.);
#25 = IFCMONETARYUNIT(.EUR.);
/* ------- IfcGeometricRepresentationContext is the global context of the data ----------------- */
#26 = IFCGEOMETRICREPRESENTATIONCONTEXT($, 'Model', 3, 1.E-6, #27, #5);
#27 = IFCAXIS2PLACEMENT3D(#6, #4, #2);
/* ------- MSI ePSet linked to ifcProject with information about the underlying ---------------- */
/* ------- geodetic coordinate reference system ------------------------------------------------ */
#28 = IFCPROPERTYSET('03ta1QqAfCwfMpSBlJ1_9u', #7, 'ePSet_ProjectedCRS', $, (#29, #30, #31, #32, #33, #34));
#29 = IFCPROPERTYSINGLEVALUE('Name', $, IFCLABEL('Unbekanntes Bezugssystem'), $);
#30 = IFCPROPERTYSINGLEVALUE('Description', $, $, $);
#31 = IFCPROPERTYSINGLEVALUE('GeodeticDatum', $, $, $);
#32 = IFCPROPERTYSINGLEVALUE('VerticalDatum', $, $, $);
#33 = IFCPROPERTYSINGLEVALUE('MapProjection', $, $, $);
#34 = IFCPROPERTYSINGLEVALUE('MapZone', $, $, $);
#35 = IFCRELDEFINESBYPROPERTIES('1R3SXQ0Qf5bw61vEya7dSX', #7, $, $, (#17), #28);
/* ------- MSI ePSet linked to ifcProject with information about the global-to-local ----------- */
/* ------- transformation ---------------------------------------------------------------------- */
#36 = IFCPROPERTYSET('0M$zB13dz1DR3AtY_Edec_', #7, 'ePSet_MapConversion', $, (#37, #39, #41, #43, #44, #45));
#37 = IFCPROPERTYSINGLEVALUE('Eastings', $, IFCREAL(0.), #38);
#38 = IFCSIUNIT(*, .LENGTHUNIT., $, .METRE.);
#39 = IFCPROPERTYSINGLEVALUE('Northings', $, IFCREAL(0.), #40);
#40 = IFCSIUNIT(*, .LENGTHUNIT., $, .METRE.);
#41 = IFCPROPERTYSINGLEVALUE('OrthogonalHeight', $, IFCREAL(0.), #42);
#42 = IFCSIUNIT(*, .LENGTHUNIT., $, .METRE.);
#43 = IFCPROPERTYSINGLEVALUE('XAxisAbscissa', $, IFCREAL(1.), $);
#44 = IFCPROPERTYSINGLEVALUE('XAxisOrdinate', $, IFCREAL(0.), $);
#45 = IFCPROPERTYSINGLEVALUE('Scale', $, IFCREAL(1.), $);
#46 = IFCRELDEFINESBYPROPERTIES('2vEASoIgX6A9YO7Z8R6hGw', #7, $, $, (#17), #36);

/* ------- IfcSite is the top most element in the spatial structure ---------------------------- */
#47 = IFCSITE('3uwUIwsbL0s9OaVlSmooCt', #7, $, $, $, #48, $, $, .ELEMENT., $, $, $, $, $);
#48 = IFCLOCALPLACEMENT($, #49);
#49 = IFCAXIS2PLACEMENT3D(#6, #4, #2);
#50 = IFCRELAGGREGATES('1FoygHhcbF$89kFIb3UJ$W', #7, $, $, #17, (#47));

/* ------- Container for all facilities within IFCSITE(#47) ------------------------------------ */
#51 = IFCRELAGGREGATES('2ihiXa2m56HuxOB0oLNJHY', #7, $, $, #47, (#52));

/* ------- There must be at least 1 IfcBuilding in the file ------------------------------------ */
#52 = IFCBUILDING('2TR9iA5EbDpRnGKD3cxzKj', #7, $, $, $, #53, $, $, .ELEMENT., 0., $, $);
#53 = IFCLOCALPLACEMENT(#48, #54);
#54 = IFCAXIS2PLACEMENT3D(#6, #4, #2);
#55 = IFCBUILDINGSTOREY('2DFD92bF547OeJk87bFKgk', #7, 'Neubau Decke 1 Erg\X2\00E4\X0\nzung WSH Bstg. Gleis 2', $, $, #56, $, $, .ELEMENT., 0.);
#56 = IFCLOCALPLACEMENT(#53, #57);
#57 = IFCAXIS2PLACEMENT3D(#6, #4, #2);

/* ------- Container for all storeys withinIFCBUILDING(#52) ------------------------------------ */
#58 = IFCRELAGGREGATES('1nOz5vYxTCKgqHVy1ktDuk', #7, $, $, #52, (#55));
#59 = IFCRELCONTAINEDINSPATIALSTRUCTURE('1T4o2D7HjDWRyddIA$C3P8', #7, $, $, (#60, #2147), #55);
#60 = IFCBUILDINGELEMENTPROXY('2bkq4to1n7zOPW8LrQtFDY', #7, 'Neubau Decke 1 Erg\X2\00E4\X0\nzung WSH Bstg. Gleis 2', $, $, #61, #106, $, .ELEMENT.);
#61 = IFCLOCALPLACEMENT(#56, #62);
#62 = IFCAXIS2PLACEMENT3D(#6, #4, #2);
#63 = IFCPROPERTYSET('2ufCZpGIL87PAaYnvCaDN0', #7, 'ProVI', $, (#64, #65, #66, #67, #68, #69, #70, #71, #73, #75, #76, #78, #80, #82));
#64 = IFCPROPERTYSINGLEVALUE('PVI_BEZEICHNUNG_PROJEKT', $, IFCLABEL('Kressbronn VA'), $);
#65 = IFCPROPERTYSINGLEVALUE('PVI_NUMMER_PROJEKT', $, IFCLABEL('522'), $);
#66 = IFCPROPERTYSINGLEVALUE('PVI_BEZEICHNUNG_DATEI', $, IFCLABEL('Trasse Bestand mit Erg\X2\00E4\X0\nzung WSH'), $);
#67 = IFCPROPERTYSINGLEVALUE('PVI_BAUTEILGRUPPE', $, IFCLABEL('Bahnsteige'), $);
#68 = IFCPROPERTYSINGLEVALUE('PVI_BAUTEILTYP', $, IFCLABEL('Neubau Decke 1 Erg\X2\00E4\X0\nzung WSH Bstg. Gleis 2'), $);
#69 = IFCPROPERTYSINGLEVALUE('PVI_KM_VON', $, IFCLABEL('13,9+56,184'), $);
#70 = IFCPROPERTYSINGLEVALUE('PVI_KM_BIS', $, IFCLABEL('13,9+62,782'), $);
#71 = IFCPROPERTYSINGLEVALUE('PVI_STAT_VON', $, IFCREAL(13956.184), #72);
#72 = IFCSIUNIT(*, .LENGTHUNIT., $, .METRE.);
#73 = IFCPROPERTYSINGLEVALUE('PVI_STAT_BIS', $, IFCREAL(13962.782), #74);
#74 = IFCSIUNIT(*, .LENGTHUNIT., $, .METRE.);
#75 = IFCPROPERTYSINGLEVALUE('PVI_STATIONSBEZUG', $, IFCLABEL('Achse 4530S (Kilometrierungslinie 4530 (DR0))'), $);
#76 = IFCPROPERTYSINGLEVALUE('PVI_SCHICHTSTAERKE', $, IFCREAL(0.), #77);
#77 = IFCSIUNIT(*, .LENGTHUNIT., $, .METRE.);
#78 = IFCPROPERTYSINGLEVALUE('PVI_VOLUMEN_M3', $, IFCREAL(1.603), #79);
#79 = IFCSIUNIT(*, .VOLUMEUNIT., $, .CUBIC_METRE.);
#80 = IFCPROPERTYSINGLEVALUE('PVI_FLAECHE_M2', $, IFCREAL(20.033), #81);
#81 = IFCSIUNIT(*, .AREAUNIT., $, .SQUARE_METRE.);
#82 = IFCPROPERTYSINGLEVALUE('PVI_VOLUMEN_REB_M3', $, IFCREAL(1.603), #83);
#83 = IFCSIUNIT(*, .VOLUMEUNIT., $, .CUBIC_METRE.);
#84 = IFCRELDEFINESBYPROPERTIES('3$whvWSunDgQCiUEFxBRyl', #7, $, $, (#60), #63);
#85 = IFCPROPERTYSET('051jtdV1f0IPSAaU4SsqyI', #7, 'DB', $, (#86, #87, #88, #89, #90, #91, #92));
#86 = IFCPROPERTYSINGLEVALUE('Zustand', $, IFCLABEL('Neubau'), $);
#87 = IFCPROPERTYSINGLEVALUE('Eigentuemer', $, IFCLABEL('-'), $);
#88 = IFCPROPERTYSINGLEVALUE('Datenquelle', $, IFCLABEL('Planung'), $);
#89 = IFCPROPERTYSINGLEVALUE('Equipment', $, IFCLABEL('80135450'), $);
#90 = IFCPROPERTYSINGLEVALUE('DBAnlagentyp', $, IFCLABEL('WandUndBodenbelaege'), $);
#91 = IFCPROPERTYSINGLEVALUE('Objektklasse', $, IFCLABEL('Bodenbelag'), $);
#92 = IFCPROPERTYSINGLEVALUE('Objekt', $, IFCLABEL('Pflasterdecke'), $);
#93 = IFCRELDEFINESBYPROPERTIES('3pXVhTCkP6DOdMiqnB5uXE', #7, $, $, (#60), #85);
#94 = IFCPROPERTYSET('2Qy2H5Y1z3YwbMH8FaPrVx', #7, 'Stammdaten Verkehrsanlage', $, (#95, #96, #97, #98, #99));
#95 = IFCPROPERTYSINGLEVALUE('Bf_Nr', $, IFCINTEGER(0), $);
#96 = IFCPROPERTYSINGLEVALUE('BhfK', $, IFCLABEL('-'), $);
#97 = IFCPROPERTYSINGLEVALUE('Durchfahrtsgeschwindigkeit', $, IFCLABEL('-'), $);
#98 = IFCPROPERTYSINGLEVALUE('Lagesystem', $, IFCLABEL('-'), $);
#99 = IFCPROPERTYSINGLEVALUE('Hoehensystem', $, IFCLABEL('-'), $);
#100 = IFCRELDEFINESBYPROPERTIES('3W0uNQhzD5RgaGL1pXvwuo', #7, $, $, (#60), #94);
#101 = IFCPROPERTYSET('1zvBRYNir8pf1VpKEkBAf7', #7, 'VST', $, (#102, #103, #104));
#102 = IFCPROPERTYSINGLEVALUE('VST_Baugruppe', $, IFCLABEL('Bstg Gl. 2'), $);
#103 = IFCPROPERTYSINGLEVALUE('Phase erstellt', $, IFCLABEL('-'), $);
#104 = IFCPROPERTYSINGLEVALUE('Phase abgebrochen', $, IFCLABEL('-'), $);
#105 = IFCRELDEFINESBYPROPERTIES('0kGz8IUPz5bfWOGe$esubw', #7, $, $, (#60), #101);
#106 = IFCPRODUCTDEFINITIONSHAPE($, $, (#107));
#107 = IFCSHAPEREPRESENTATION(#26, 'Body', 'SolidModel', (#108));
#108 = IFCFACETEDBREP(#114);
#109 = IFCSTYLEDITEM(#108, (#110), $);
#110 = IFCPRESENTATIONSTYLEASSIGNMENT((#111));
#111 = IFCSURFACESTYLE($, .POSITIVE., (#112));
#112 = IFCSURFACESTYLERENDERING(#113, $, $, $, $, $, $, $, .FLAT.);
#113 = IFCCOLOURRGB($, 2.19607843137255E-1, 2.43137254901961E-1, 2.58823529411765E-1);
#114 = IFCCLOSEDSHELL((#115, #121, #125, #129, #133, #137, #140, #144, #147, #150, #153, #158, #162, #165, #168, #172, #175, #178, #181, #186, #189, #193, #197, #200, #203, #206, #209, #214, #218, #221, #224, #228, #231, #234, #237, #242, #246, #249, #252, #256, #259, #262, #265, #270, #273, #277, #280, #284, #287, #290, #293, #298, #302, #305, #308, #312, #315, #318, #321, #326, #330, #333, #336, #340, #343, #346, #349, #354, #357, #361, #364, #368, #371, #374, #377, #382, #386, #389, #392, #396, #399, #402, #405, #410, #413, #417, #420, #424, #427, #430, #433, #438, #442, #445, #448, #452, #455, #458, #461, #466, #470, #473, #476, #480, #483, #486, #489, #494, #498, #501, #504, #508, #511, #514, #517, #522, #525, #529, #532, #536, #539, #542, #545, #550, #554, #557, #560, #564, #567, #570, #573, #578, #582, #585, #588, #592, #595, #598, #601, #606, #609, #613, #616, #620, #623, #626, #629, #634, #638, #641, #644, #648, #651, #654, #657, #662, #666, #669, #672, #676, #679, #682, #685, #690, #694, #697, #700, #704, #707, #710, #713, #718, #722, #725, #728, #732, #735, #738, #741, #746, #750, #753, #756, #760, #763, #766, #769, #774, #778, #781, #784, #788, #791, #794, #797, #802, #805, #809, #812, #816, #819, #822, #825, #830, #834, #837, #840, #844, #847, #850, #853, #858, #861, #865, #868, #872, #875, #878, #881, #886, #889, #893, #896, #900, #903, #906, #909, #914, #918, #921, #924, #928, #931, #934, #937, #942, #946, #949, #952, #956, #959, #962, #965, #970, #973, #977, #980, #984, #987, #990, #993, #998, #1002, #1005, #1008, #1012, #1015, #1018, #1021, #1026, #1029, #1033, #1036, #1040, #1043, #1046, #1049, #1054, #1058, #1061, #1064, #1068, #1071, #1074, #1077, #1082, #1085, #1089, #1092, #1096, #1099, #1102, #1105, #1110, #1114, #1117, #1120, #1124, #1127, #1130, #1133, #1138, #1141, #1145, #1148, #1152, #1155, #1158, #1161, #1166, #1170, #1173, #1176, #1180, #1183, #1186, #1189, #1194, #1198, #1201, #1204, #1208, #1211, #1214, #1217, #1222, #1225, #1229, #1232, #1236, #1239, #1242, #1245, #1250, #1254, #1257, #1260, #1264, #1267, #1270, #1273, #1278, #1282, #1285, #1288, #1292, #1295, #1298, #1301, #1306, #1309, #1313, #1316, #1320, #1323, #1326, #1329, #1334, #1338, #1341, #1344, #1348, #1351, #1354, #1357, #1362, #1366, #1369, #1372, #1376, #1379, #1382, #1385, #1390, #1393, #1397, #1400, #1404, #1407, #1410, #1413, #1418, #1422, #1425, #1428, #1432, #1435, #1438, #1441, #1446, #1450, #1453, #1456, #1460, #1463, #1466, #1469, #1474, #1477, #1481, #1484, #1488, #1491, #1494, #1497, #1502, #1506, #1509, #1512, #1516, #1519, #1522, #1525, #1530, #1533, #1537, #1540, #1544, #1547, #1550, #1553, #1558, #1561, #1565, #1568, #1572, #1575, #1578, #1581, #1586, #1590, #1593, #1596, #1600, #1603, #1606, #1609, #1614, #1618, #1621, #1624, #1628, #1631, #1634, #1637, #1642, #1646, #1649, #1652, #1656, #1659, #1662, #1665, #1670, #1674, #1677, #1680, #1684, #1687, #1690, #1693, #1698, #1701, #1705, #1708, #1712, #1715, #1718, #1721, #1726, #1730, #1733, #1736, #1740, #1743, #1746, #1749, #1754, #1757, #1761, #1764, #1768, #1771, #1774, #1777, #1782, #1785, #1789, #1792, #1796, #1799, #1802, #1805, #1810, #1813, #1817, #1820, #1824, #1827, #1830, #1833, #1838, #1842, #1845, #1848, #1852, #1855, #1858, #1861, #1866, #1870, #1873, #1876, #1880, #1883, #1886, #1889, #1894, #1898, #1901, #1904, #1908, #1911, #1914, #1917, #1922, #1925, #1929, #1932, #1936, #1939, #1942, #1945, #1950, #1954, #1957, #1960, #1964, #1967, #1970, #1973, #1978, #1982, #1985, #1988, #1992, #1995, #1998, #2001, #2006, #2009, #2013, #2016, #2020, #2023, #2026, #2029, #2034, #2038, #2041, #2044, #2048, #2051, #2054, #2057, #2062, #2066, #2069, #2072, #2076, #2079, #2082, #2085, #2090, #2093, #2097, #2100, #2104, #2107, #2110, #2113, #2118, #2121, #2124, #2128, #2131, #2135, #2138, #2141, #2144));
#115 = IFCFACE((#116));
#116 = IFCFACEOUTERBOUND(#117, .T.);
#117 = IFCPOLYLOOP((#118, #119, #120));
#118 = IFCCARTESIANPOINT((4984.15074952051, 10016.4243450798, 408.007250332392));
#119 = IFCCARTESIANPOINT((4984.1396579492, 10016.4363344255, 408.087288635618));
#120 = IFCCARTESIANPOINT((4984.15074952051, 10016.4243450798, 408.087266324386));
#121 = IFCFACE((#122));
#122 = IFCFACEOUTERBOUND(#123, .T.);
#123 = IFCPOLYLOOP((#124, #120, #119));
#124 = IFCCARTESIANPOINT((4982.81960093269, 10015.2126312453, 408.051283252711));
#125 = IFCFACE((#126));
#126 = IFCFACEOUTERBOUND(#127, .T.);
#127 = IFCPOLYLOOP((#120, #124, #128));
#128 = IFCCARTESIANPOINT((4982.830692504, 10015.2006418997, 408.0512609548));
#129 = IFCFACE((#130));
#130 = IFCFACEOUTERBOUND(#131, .T.);
#131 = IFCPOLYLOOP((#132, #128, #124));
#132 = IFCCARTESIANPOINT((4982.81960093269, 10015.2126312453, 407.97126725431));
#133 = IFCFACE((#134));
#134 = IFCFACEOUTERBOUND(#135, .T.);
#135 = IFCPOLYLOOP((#128, #132, #136));
#136 = IFCCARTESIANPOINT((4982.830692504, 10015.2006418997, 407.9712449564));
#137 = IFCFACE((#138));
#138 = IFCFACEOUTERBOUND(#139, .T.);
#139 = IFCPOLYLOOP((#136, #132, #118));
#140 = IFCFACE((#141));
#141 = IFCFACEOUTERBOUND(#142, .T.);
#142 = IFCPOLYLOOP((#143, #118, #132));
#143 = IFCCARTESIANPOINT((4984.1396579492, 10016.4363344255, 408.00727264364));
#144 = IFCFACE((#145));
#145 = IFCFACEOUTERBOUND(#146, .T.);
#146 = IFCPOLYLOOP((#119, #118, #143));
#147 = IFCFACE((#148));
#148 = IFCFACEOUTERBOUND(#149, .T.);
#149 = IFCPOLYLOOP((#124, #143, #132));
#150 = IFCFACE((#151));
#151 = IFCFACEOUTERBOUND(#152, .T.);
#152 = IFCPOLYLOOP((#119, #143, #124));
#153 = IFCFACE((#154));
#154 = IFCFACEOUTERBOUND(#155, .T.);
#155 = IFCPOLYLOOP((#156, #120, #157));
#156 = IFCCARTESIANPOINT((4984.2050752977, 10016.3656220385, 408.007141030505));
#157 = IFCCARTESIANPOINT((4984.2050752977, 10016.3656220385, 408.087157022577));
#158 = IFCFACE((#159));
#159 = IFCFACEOUTERBOUND(#160, .T.);
#160 = IFCPOLYLOOP((#157, #120, #161));
#161 = IFCCARTESIANPOINT((4982.88501828119, 10015.1419188584, 408.051151718253));
#162 = IFCFACE((#163));
#163 = IFCFACEOUTERBOUND(#164, .T.);
#164 = IFCPOLYLOOP((#128, #161, #120));
#165 = IFCFACE((#166));
#166 = IFCFACEOUTERBOUND(#167, .T.);
#167 = IFCPOLYLOOP((#136, #161, #128));
#168 = IFCFACE((#169));
#169 = IFCFACEOUTERBOUND(#170, .T.);
#170 = IFCPOLYLOOP((#161, #136, #171));
#171 = IFCCARTESIANPOINT((4982.88501828119, 10015.1419188584, 407.971135719853));
#172 = IFCFACE((#173));
#173 = IFCFACEOUTERBOUND(#174, .T.);
#174 = IFCPOLYLOOP((#118, #171, #136));
#175 = IFCFACE((#176));
#176 = IFCFACEOUTERBOUND(#177, .T.);
#177 = IFCPOLYLOOP((#171, #118, #156));
#178 = IFCFACE((#179));
#179 = IFCFACEOUTERBOUND(#180, .T.);
#180 = IFCPOLYLOOP((#120, #156, #118));
#181 = IFCFACE((#182));
#182 = IFCFACEOUTERBOUND(#183, .T.);
#183 = IFCPOLYLOOP((#184, #157, #185));
#184 = IFCCARTESIANPOINT((4984.20575438696, 10016.3648879821, 408.007140551822));
#185 = IFCCARTESIANPOINT((4984.20575438696, 10016.3648879821, 408.087156539768));
#186 = IFCFACE((#187));
#187 = IFCFACEOUTERBOUND(#188, .T.);
#188 = IFCPOLYLOOP((#161, #185, #157));
#189 = IFCFACE((#190));
#190 = IFCFACEOUTERBOUND(#191, .T.);
#191 = IFCPOLYLOOP((#185, #161, #192));
#192 = IFCCARTESIANPOINT((4981.89125441802, 10014.2193284062, 408.024030352795));
#193 = IFCFACE((#194));
#194 = IFCFACEOUTERBOUND(#195, .T.);
#195 = IFCPOLYLOOP((#192, #161, #196));
#196 = IFCCARTESIANPOINT((4981.89125441802, 10014.2193284062, 407.944014354396));
#197 = IFCFACE((#198));
#198 = IFCFACEOUTERBOUND(#199, .T.);
#199 = IFCPOLYLOOP((#171, #196, #161));
#200 = IFCFACE((#201));
#201 = IFCFACEOUTERBOUND(#202, .T.);
#202 = IFCPOLYLOOP((#156, #196, #171));
#203 = IFCFACE((#204));
#204 = IFCFACEOUTERBOUND(#205, .T.);
#205 = IFCPOLYLOOP((#196, #156, #184));
#206 = IFCFACE((#207));
#207 = IFCFACEOUTERBOUND(#208, .T.);
#208 = IFCPOLYLOOP((#157, #184, #156));
#209 = IFCFACE((#210));
#210 = IFCFACEOUTERBOUND(#211, .T.);
#211 = IFCPOLYLOOP((#212, #185, #213));
#212 = IFCCARTESIANPOINT((4984.21865844676, 10016.3509394392, 408.00711459003));
#213 = IFCCARTESIANPOINT((4984.21865844676, 10016.3509394392, 408.087130578007));
#214 = IFCFACE((#215));
#215 = IFCFACEOUTERBOUND(#216, .T.);
#216 = IFCPOLYLOOP((#213, #185, #217));
#217 = IFCCARTESIANPOINT((4981.90415847782, 10014.2053798633, 408.024004409117));
#218 = IFCFACE((#219));
#219 = IFCFACEOUTERBOUND(#220, .T.);
#220 = IFCPOLYLOOP((#192, #217, #185));
#221 = IFCFACE((#222));
#222 = IFCFACEOUTERBOUND(#223, .T.);
#223 = IFCPOLYLOOP((#196, #217, #192));
#224 = IFCFACE((#225));
#225 = IFCFACEOUTERBOUND(#226, .T.);
#226 = IFCPOLYLOOP((#217, #196, #227));
#227 = IFCCARTESIANPOINT((4981.90415847782, 10014.2053798633, 407.943988410716));
#228 = IFCFACE((#229));
#229 = IFCFACEOUTERBOUND(#230, .T.);
#230 = IFCPOLYLOOP((#184, #227, #196));
#231 = IFCFACE((#232));
#232 = IFCFACEOUTERBOUND(#233, .T.);
#233 = IFCPOLYLOOP((#227, #184, #212));
#234 = IFCFACE((#235));
#235 = IFCFACEOUTERBOUND(#236, .T.);
#236 = IFCPOLYLOOP((#185, #212, #184));
#237 = IFCFACE((#238));
#238 = IFCFACEOUTERBOUND(#239, .T.);
#239 = IFCPOLYLOOP((#240, #213, #241));
#240 = IFCCARTESIANPOINT((4984.28656737302, 10016.2775337986, 408.006977949018));
#241 = IFCCARTESIANPOINT((4984.28656737302, 10016.2775337986, 408.086993937155));
#242 = IFCFACE((#243));
#243 = IFCFACEOUTERBOUND(#244, .T.);
#244 = IFCPOLYLOOP((#241, #213, #245));
#245 = IFCCARTESIANPOINT((4981.97206740408, 10014.1319742227, 408.023867863432));
#246 = IFCFACE((#247));
#247 = IFCFACEOUTERBOUND(#248, .T.);
#248 = IFCPOLYLOOP((#217, #245, #213));
#249 = IFCFACE((#250));
#250 = IFCFACEOUTERBOUND(#251, .T.);
#251 = IFCPOLYLOOP((#227, #245, #217));
#252 = IFCFACE((#253));
#253 = IFCFACEOUTERBOUND(#254, .T.);
#254 = IFCPOLYLOOP((#245, #227, #255));
#255 = IFCCARTESIANPOINT((4981.97206740408, 10014.1319742227, 407.943851865032));
#256 = IFCFACE((#257));
#257 = IFCFACEOUTERBOUND(#258, .T.);
#258 = IFCPOLYLOOP((#255, #227, #240));
#259 = IFCFACE((#260));
#260 = IFCFACEOUTERBOUND(#261, .T.);
#261 = IFCPOLYLOOP((#212, #240, #227));
#262 = IFCFACE((#263));
#263 = IFCFACEOUTERBOUND(#264, .T.);
#264 = IFCPOLYLOOP((#213, #240, #212));
#265 = IFCFACE((#266));
#266 = IFCFACEOUTERBOUND(#267, .T.);
#267 = IFCPOLYLOOP((#268, #241, #269));
#268 = IFCCARTESIANPOINT((4984.35447629928, 10016.2041281579, 408.006841308006));
#269 = IFCCARTESIANPOINT((4984.35447629928, 10016.2041281579, 408.086857296304));
#270 = IFCFACE((#271));
#271 = IFCFACEOUTERBOUND(#272, .T.);
#272 = IFCPOLYLOOP((#245, #269, #241));
#273 = IFCFACE((#274));
#274 = IFCFACEOUTERBOUND(#275, .T.);
#275 = IFCPOLYLOOP((#269, #245, #276));
#276 = IFCCARTESIANPOINT((4982.03997633034, 10014.058568582, 408.023731317748));
#277 = IFCFACE((#278));
#278 = IFCFACEOUTERBOUND(#279, .T.);
#279 = IFCPOLYLOOP((#255, #276, #245));
#280 = IFCFACE((#281));
#281 = IFCFACEOUTERBOUND(#282, .T.);
#282 = IFCPOLYLOOP((#276, #255, #283));
#283 = IFCCARTESIANPOINT((4982.03997633034, 10014.058568582, 407.943715319348));
#284 = IFCFACE((#285));
#285 = IFCFACEOUTERBOUND(#286, .T.);
#286 = IFCPOLYLOOP((#283, #255, #268));
#287 = IFCFACE((#288));
#288 = IFCFACEOUTERBOUND(#289, .T.);
#289 = IFCPOLYLOOP((#240, #268, #255));
#290 = IFCFACE((#291));
#291 = IFCFACEOUTERBOUND(#292, .T.);
#292 = IFCPOLYLOOP((#241, #268, #240));
#293 = IFCFACE((#294));
#294 = IFCFACEOUTERBOUND(#295, .T.);
#295 = IFCPOLYLOOP((#296, #269, #297));
#296 = IFCCARTESIANPOINT((4984.42238522554, 10016.1307225173, 408.006704666994));
#297 = IFCCARTESIANPOINT((4984.42238522554, 10016.1307225173, 408.086720655454));
#298 = IFCFACE((#299));
#299 = IFCFACEOUTERBOUND(#300, .T.);
#300 = IFCPOLYLOOP((#297, #269, #301));
#301 = IFCCARTESIANPOINT((4982.1078852566, 10013.9851629414, 408.023594772067));
#302 = IFCFACE((#303));
#303 = IFCFACEOUTERBOUND(#304, .T.);
#304 = IFCPOLYLOOP((#276, #301, #269));
#305 = IFCFACE((#306));
#306 = IFCFACEOUTERBOUND(#307, .T.);
#307 = IFCPOLYLOOP((#283, #301, #276));
#308 = IFCFACE((#309));
#309 = IFCFACEOUTERBOUND(#310, .T.);
#310 = IFCPOLYLOOP((#301, #283, #311));
#311 = IFCCARTESIANPOINT((4982.1078852566, 10013.9851629414, 407.943578773664));
#312 = IFCFACE((#313));
#313 = IFCFACEOUTERBOUND(#314, .T.);
#314 = IFCPOLYLOOP((#268, #311, #283));
#315 = IFCFACE((#316));
#316 = IFCFACEOUTERBOUND(#317, .T.);
#317 = IFCPOLYLOOP((#311, #268, #296));
#318 = IFCFACE((#319));
#319 = IFCFACEOUTERBOUND(#320, .T.);
#320 = IFCPOLYLOOP((#269, #296, #268));
#321 = IFCFACE((#322));
#322 = IFCFACEOUTERBOUND(#323, .T.);
#323 = IFCPOLYLOOP((#324, #297, #325));
#324 = IFCCARTESIANPOINT((4984.4902941518, 10016.0573168766, 408.006568025982));
#325 = IFCCARTESIANPOINT((4984.49029415179, 10016.0573168766, 408.086584014602));
#326 = IFCFACE((#327));
#327 = IFCFACEOUTERBOUND(#328, .T.);
#328 = IFCPOLYLOOP((#325, #297, #329));
#329 = IFCCARTESIANPOINT((4982.17579418285, 10013.9117573007, 408.02345822638));
#330 = IFCFACE((#331));
#331 = IFCFACEOUTERBOUND(#332, .T.);
#332 = IFCPOLYLOOP((#301, #329, #297));
#333 = IFCFACE((#334));
#334 = IFCFACEOUTERBOUND(#335, .T.);
#335 = IFCPOLYLOOP((#311, #329, #301));
#336 = IFCFACE((#337));
#337 = IFCFACEOUTERBOUND(#338, .T.);
#338 = IFCPOLYLOOP((#329, #311, #339));
#339 = IFCCARTESIANPOINT((4982.17579418285, 10013.9117573007, 407.94344222798));
#340 = IFCFACE((#341));
#341 = IFCFACEOUTERBOUND(#342, .T.);
#342 = IFCPOLYLOOP((#339, #311, #324));
#343 = IFCFACE((#344));
#344 = IFCFACEOUTERBOUND(#345, .T.);
#345 = IFCPOLYLOOP((#296, #324, #311));
#346 = IFCFACE((#347));
#347 = IFCFACEOUTERBOUND(#348, .T.);
#348 = IFCPOLYLOOP((#297, #324, #296));
#349 = IFCFACE((#350));
#350 = IFCFACEOUTERBOUND(#351, .T.);
#351 = IFCPOLYLOOP((#352, #325, #353));
#352 = IFCCARTESIANPOINT((4984.55820307805, 10015.983911236, 408.00643138497));
#353 = IFCCARTESIANPOINT((4984.55820307805, 10015.983911236, 408.086447373751));
#354 = IFCFACE((#355));
#355 = IFCFACEOUTERBOUND(#356, .T.);
#356 = IFCPOLYLOOP((#329, #353, #325));
#357 = IFCFACE((#358));
#358 = IFCFACEOUTERBOUND(#359, .T.);
#359 = IFCPOLYLOOP((#353, #329, #360));
#360 = IFCCARTESIANPOINT((4982.24370310911, 10013.8383516601, 408.023321680697));
#361 = IFCFACE((#362));
#362 = IFCFACEOUTERBOUND(#363, .T.);
#363 = IFCPOLYLOOP((#339, #360, #329));
#364 = IFCFACE((#365));
#365 = IFCFACEOUTERBOUND(#366, .T.);
#366 = IFCPOLYLOOP((#360, #339, #367));
#367 = IFCCARTESIANPOINT((4982.24370310911, 10013.8383516601, 407.943305682296));
#368 = IFCFACE((#369));
#369 = IFCFACEOUTERBOUND(#370, .T.);
#370 = IFCPOLYLOOP((#367, #339, #352));
#371 = IFCFACE((#372));
#372 = IFCFACEOUTERBOUND(#373, .T.);
#373 = IFCPOLYLOOP((#324, #352, #339));
#374 = IFCFACE((#375));
#375 = IFCFACEOUTERBOUND(#376, .T.);
#376 = IFCPOLYLOOP((#325, #352, #324));
#377 = IFCFACE((#378));
#378 = IFCFACEOUTERBOUND(#379, .T.);
#379 = IFCPOLYLOOP((#380, #353, #381));
#380 = IFCCARTESIANPOINT((4984.62611200431, 10015.9105055954, 408.006294743959));
#381 = IFCCARTESIANPOINT((4984.62611200431, 10015.9105055954, 408.0863107329));
#382 = IFCFACE((#383));
#383 = IFCFACEOUTERBOUND(#384, .T.);
#384 = IFCPOLYLOOP((#381, #353, #385));
#385 = IFCCARTESIANPOINT((4982.31161203537, 10013.7649460195, 408.023185135013));
#386 = IFCFACE((#387));
#387 = IFCFACEOUTERBOUND(#388, .T.);
#388 = IFCPOLYLOOP((#360, #385, #353));
#389 = IFCFACE((#390));
#390 = IFCFACEOUTERBOUND(#391, .T.);
#391 = IFCPOLYLOOP((#367, #385, #360));
#392 = IFCFACE((#393));
#393 = IFCFACEOUTERBOUND(#394, .T.);
#394 = IFCPOLYLOOP((#385, #367, #395));
#395 = IFCCARTESIANPOINT((4982.31161203537, 10013.7649460195, 407.943169136612));
#396 = IFCFACE((#397));
#397 = IFCFACEOUTERBOUND(#398, .T.);
#398 = IFCPOLYLOOP((#352, #395, #367));
#399 = IFCFACE((#400));
#400 = IFCFACEOUTERBOUND(#401, .T.);
#401 = IFCPOLYLOOP((#395, #352, #380));
#402 = IFCFACE((#403));
#403 = IFCFACEOUTERBOUND(#404, .T.);
#404 = IFCPOLYLOOP((#353, #380, #352));
#405 = IFCFACE((#406));
#406 = IFCFACEOUTERBOUND(#407, .T.);
#407 = IFCPOLYLOOP((#408, #381, #409));
#408 = IFCCARTESIANPOINT((4984.69402093057, 10015.8370999547, 408.006158102947));
#409 = IFCCARTESIANPOINT((4984.69402093057, 10015.8370999547, 408.086174092049));
#410 = IFCFACE((#411));
#411 = IFCFACEOUTERBOUND(#412, .T.);
#412 = IFCPOLYLOOP((#385, #409, #381));
#413 = IFCFACE((#414));
#414 = IFCFACEOUTERBOUND(#415, .T.);
#415 = IFCPOLYLOOP((#409, #385, #416));
#416 = IFCCARTESIANPOINT((4982.37952096163, 10013.6915403788, 408.023048589328));
#417 = IFCFACE((#418));
#418 = IFCFACEOUTERBOUND(#419, .T.);
#419 = IFCPOLYLOOP((#395, #416, #385));
#420 = IFCFACE((#421));
#421 = IFCFACEOUTERBOUND(#422, .T.);
#422 = IFCPOLYLOOP((#416, #395, #423));
#423 = IFCCARTESIANPOINT((4982.37952096163, 10013.6915403788, 407.943032590929));
#424 = IFCFACE((#425));
#425 = IFCFACEOUTERBOUND(#426, .T.);
#426 = IFCPOLYLOOP((#423, #395, #408));
#427 = IFCFACE((#428));
#428 = IFCFACEOUTERBOUND(#429, .T.);
#429 = IFCPOLYLOOP((#380, #408, #395));
#430 = IFCFACE((#431));
#431 = IFCFACEOUTERBOUND(#432, .T.);
#432 = IFCPOLYLOOP((#381, #408, #380));
#433 = IFCFACE((#434));
#434 = IFCFACEOUTERBOUND(#435, .T.);
#435 = IFCPOLYLOOP((#436, #409, #437));
#436 = IFCCARTESIANPOINT((4984.76192985683, 10015.7636943141, 408.006021461935));
#437 = IFCCARTESIANPOINT((4984.76192985683, 10015.7636943141, 408.086037451198));
#438 = IFCFACE((#439));
#439 = IFCFACEOUTERBOUND(#440, .T.);
#440 = IFCPOLYLOOP((#437, #409, #441));
#441 = IFCCARTESIANPOINT((4982.44742988789, 10013.6181347382, 408.022912043647));
#442 = IFCFACE((#443));
#443 = IFCFACEOUTERBOUND(#444, .T.);
#444 = IFCPOLYLOOP((#416, #441, #409));
#445 = IFCFACE((#446));
#446 = IFCFACEOUTERBOUND(#447, .T.);
#447 = IFCPOLYLOOP((#423, #441, #416));
#448 = IFCFACE((#449));
#449 = IFCFACEOUTERBOUND(#450, .T.);
#450 = IFCPOLYLOOP((#441, #423, #451));
#451 = IFCCARTESIANPOINT((4982.44742988789, 10013.6181347382, 407.942896045245));
#452 = IFCFACE((#453));
#453 = IFCFACEOUTERBOUND(#454, .T.);
#454 = IFCPOLYLOOP((#408, #451, #423));
#455 = IFCFACE((#456));
#456 = IFCFACEOUTERBOUND(#457, .T.);
#457 = IFCPOLYLOOP((#451, #408, #436));
#458 = IFCFACE((#459));
#459 = IFCFACEOUTERBOUND(#460, .T.);
#460 = IFCPOLYLOOP((#409, #436, #408));
#461 = IFCFACE((#462));
#462 = IFCFACEOUTERBOUND(#463, .T.);
#463 = IFCPOLYLOOP((#464, #437, #465));
#464 = IFCCARTESIANPOINT((4984.82983878309, 10015.6902886735, 408.005884820923));
#465 = IFCCARTESIANPOINT((4984.82983878309, 10015.6902886735, 408.085900810346));
#466 = IFCFACE((#467));
#467 = IFCFACEOUTERBOUND(#468, .T.);
#468 = IFCPOLYLOOP((#465, #437, #469));
#469 = IFCCARTESIANPOINT((4982.51533881414, 10013.5447290975, 408.022775497961));
#470 = IFCFACE((#471));
#471 = IFCFACEOUTERBOUND(#472, .T.);
#472 = IFCPOLYLOOP((#441, #469, #437));
#473 = IFCFACE((#474));
#474 = IFCFACEOUTERBOUND(#475, .T.);
#475 = IFCPOLYLOOP((#451, #469, #441));
#476 = IFCFACE((#477));
#477 = IFCFACEOUTERBOUND(#478, .T.);
#478 = IFCPOLYLOOP((#469, #451, #479));
#479 = IFCCARTESIANPOINT((4982.51533881414, 10013.5447290975, 407.942759499561));
#480 = IFCFACE((#481));
#481 = IFCFACEOUTERBOUND(#482, .T.);
#482 = IFCPOLYLOOP((#479, #451, #464));
#483 = IFCFACE((#484));
#484 = IFCFACEOUTERBOUND(#485, .T.);
#485 = IFCPOLYLOOP((#436, #464, #451));
#486 = IFCFACE((#487));
#487 = IFCFACEOUTERBOUND(#488, .T.);
#488 = IFCPOLYLOOP((#437, #464, #436));
#489 = IFCFACE((#490));
#490 = IFCFACEOUTERBOUND(#491, .T.);
#491 = IFCPOLYLOOP((#492, #465, #493));
#492 = IFCCARTESIANPOINT((4984.89774770934, 10015.6168830328, 408.005748179911));
#493 = IFCCARTESIANPOINT((4984.89774770934, 10015.6168830328, 408.085764169496));
#494 = IFCFACE((#495));
#495 = IFCFACEOUTERBOUND(#496, .T.);
#496 = IFCPOLYLOOP((#493, #465, #497));
#497 = IFCCARTESIANPOINT((4982.5832477404, 10013.4713234569, 408.02263895228));
#498 = IFCFACE((#499));
#499 = IFCFACEOUTERBOUND(#500, .T.);
#500 = IFCPOLYLOOP((#469, #497, #465));
#501 = IFCFACE((#502));
#502 = IFCFACEOUTERBOUND(#503, .T.);
#503 = IFCPOLYLOOP((#479, #497, #469));
#504 = IFCFACE((#505));
#505 = IFCFACEOUTERBOUND(#506, .T.);
#506 = IFCPOLYLOOP((#497, #479, #507));
#507 = IFCCARTESIANPOINT((4982.5832477404, 10013.4713234569, 407.942622953877));
#508 = IFCFACE((#509));
#509 = IFCFACEOUTERBOUND(#510, .T.);
#510 = IFCPOLYLOOP((#507, #479, #492));
#511 = IFCFACE((#512));
#512 = IFCFACEOUTERBOUND(#513, .T.);
#513 = IFCPOLYLOOP((#464, #492, #479));
#514 = IFCFACE((#515));
#515 = IFCFACEOUTERBOUND(#516, .T.);
#516 = IFCPOLYLOOP((#465, #492, #464));
#517 = IFCFACE((#518));
#518 = IFCFACEOUTERBOUND(#519, .T.);
#519 = IFCPOLYLOOP((#520, #493, #521));
#520 = IFCCARTESIANPOINT((4984.9656566356, 10015.5434773922, 408.005611538899));
#521 = IFCCARTESIANPOINT((4984.9656566356, 10015.5434773922, 408.085627528644));
#522 = IFCFACE((#523));
#523 = IFCFACEOUTERBOUND(#524, .T.);
#524 = IFCPOLYLOOP((#497, #521, #493));
#525 = IFCFACE((#526));
#526 = IFCFACEOUTERBOUND(#527, .T.);
#527 = IFCPOLYLOOP((#521, #497, #528));
#528 = IFCCARTESIANPOINT((4982.65115666666, 10013.3979178163, 408.022502406593));
#529 = IFCFACE((#530));
#530 = IFCFACEOUTERBOUND(#531, .T.);
#531 = IFCPOLYLOOP((#507, #528, #497));
#532 = IFCFACE((#533));
#533 = IFCFACEOUTERBOUND(#534, .T.);
#534 = IFCPOLYLOOP((#528, #507, #535));
#535 = IFCCARTESIANPOINT((4982.65115666666, 10013.3979178163, 407.942486408193));
#536 = IFCFACE((#537));
#537 = IFCFACEOUTERBOUND(#538, .T.);
#538 = IFCPOLYLOOP((#535, #507, #520));
#539 = IFCFACE((#540));
#540 = IFCFACEOUTERBOUND(#541, .T.);
#541 = IFCPOLYLOOP((#492, #520, #507));
#542 = IFCFACE((#543));
#543 = IFCFACEOUTERBOUND(#544, .T.);
#544 = IFCPOLYLOOP((#493, #520, #492));
#545 = IFCFACE((#546));
#546 = IFCFACEOUTERBOUND(#547, .T.);
#547 = IFCPOLYLOOP((#548, #521, #549));
#548 = IFCCARTESIANPOINT((4985.03356556186, 10015.4700717515, 408.005474897887));
#549 = IFCCARTESIANPOINT((4985.03356556186, 10015.4700717515, 408.085490887794));
#550 = IFCFACE((#551));
#551 = IFCFACEOUTERBOUND(#552, .T.);
#552 = IFCPOLYLOOP((#549, #521, #553));
#553 = IFCCARTESIANPOINT((4982.71906559292, 10013.3245121756, 408.022365860912));
#554 = IFCFACE((#555));
#555 = IFCFACEOUTERBOUND(#556, .T.);
#556 = IFCPOLYLOOP((#528, #553, #521));
#557 = IFCFACE((#558));
#558 = IFCFACEOUTERBOUND(#559, .T.);
#559 = IFCPOLYLOOP((#535, #553, #528));
#560 = IFCFACE((#561));
#561 = IFCFACEOUTERBOUND(#562, .T.);
#562 = IFCPOLYLOOP((#553, #535, #563));
#563 = IFCCARTESIANPOINT((4982.71906559292, 10013.3245121756, 407.942349862509));
#564 = IFCFACE((#565));
#565 = IFCFACEOUTERBOUND(#566, .T.);
#566 = IFCPOLYLOOP((#520, #563, #535));
#567 = IFCFACE((#568));
#568 = IFCFACEOUTERBOUND(#569, .T.);
#569 = IFCPOLYLOOP((#563, #520, #548));
#570 = IFCFACE((#571));
#571 = IFCFACEOUTERBOUND(#572, .T.);
#572 = IFCPOLYLOOP((#521, #548, #520));
#573 = IFCFACE((#574));
#574 = IFCFACEOUTERBOUND(#575, .T.);
#575 = IFCPOLYLOOP((#576, #549, #577));
#576 = IFCCARTESIANPOINT((4985.10147448812, 10015.3966661109, 408.005338256875));
#577 = IFCCARTESIANPOINT((4985.10147448812, 10015.3966661109, 408.085354246942));
#578 = IFCFACE((#579));
#579 = IFCFACEOUTERBOUND(#580, .T.);
#580 = IFCPOLYLOOP((#577, #549, #581));
#581 = IFCCARTESIANPOINT((4982.78697451917, 10013.251106535, 408.022229315226));
#582 = IFCFACE((#583));
#583 = IFCFACEOUTERBOUND(#584, .T.);
#584 = IFCPOLYLOOP((#553, #581, #549));
#585 = IFCFACE((#586));
#586 = IFCFACEOUTERBOUND(#587, .T.);
#587 = IFCPOLYLOOP((#563, #581, #553));
#588 = IFCFACE((#589));
#589 = IFCFACEOUTERBOUND(#590, .T.);
#590 = IFCPOLYLOOP((#581, #563, #591));
#591 = IFCCARTESIANPOINT((4982.78697451917, 10013.251106535, 407.942213316825));
#592 = IFCFACE((#593));
#593 = IFCFACEOUTERBOUND(#594, .T.);
#594 = IFCPOLYLOOP((#591, #563, #576));
#595 = IFCFACE((#596));
#596 = IFCFACEOUTERBOUND(#597, .T.);
#597 = IFCPOLYLOOP((#548, #576, #563));
#598 = IFCFACE((#599));
#599 = IFCFACEOUTERBOUND(#600, .T.);
#600 = IFCPOLYLOOP((#549, #576, #548));
#601 = IFCFACE((#602));
#602 = IFCFACEOUTERBOUND(#603, .T.);
#603 = IFCPOLYLOOP((#604, #577, #605));
#604 = IFCCARTESIANPOINT((4985.16938341437, 10015.3232604703, 408.005201615863));
#605 = IFCCARTESIANPOINT((4985.16938341437, 10015.3232604703, 408.085217606091));
#606 = IFCFACE((#607));
#607 = IFCFACEOUTERBOUND(#608, .T.);
#608 = IFCPOLYLOOP((#581, #605, #577));
#609 = IFCFACE((#610));
#610 = IFCFACEOUTERBOUND(#611, .T.);
#611 = IFCPOLYLOOP((#605, #581, #612));
#612 = IFCCARTESIANPOINT((4982.85488344543, 10013.1777008943, 408.022092769543));
#613 = IFCFACE((#614));
#614 = IFCFACEOUTERBOUND(#615, .T.);
#615 = IFCPOLYLOOP((#591, #612, #581));
#616 = IFCFACE((#617));
#617 = IFCFACEOUTERBOUND(#618, .T.);
#618 = IFCPOLYLOOP((#612, #591, #619));
#619 = IFCCARTESIANPOINT((4982.85488344543, 10013.1777008943, 407.942076771141));
#620 = IFCFACE((#621));
#621 = IFCFACEOUTERBOUND(#622, .T.);
#622 = IFCPOLYLOOP((#619, #591, #604));
#623 = IFCFACE((#624));
#624 = IFCFACEOUTERBOUND(#625, .T.);
#625 = IFCPOLYLOOP((#576, #604, #591));
#626 = IFCFACE((#627));
#627 = IFCFACEOUTERBOUND(#628, .T.);
#628 = IFCPOLYLOOP((#577, #604, #576));
#629 = IFCFACE((#630));
#630 = IFCFACEOUTERBOUND(#631, .T.);
#631 = IFCPOLYLOOP((#632, #605, #633));
#632 = IFCCARTESIANPOINT((4985.23729234063, 10015.2498548296, 408.005064974852));
#633 = IFCCARTESIANPOINT((4985.23729234063, 10015.2498548296, 408.08508096524));
#634 = IFCFACE((#635));
#635 = IFCFACEOUTERBOUND(#636, .T.);
#636 = IFCPOLYLOOP((#633, #605, #637));
#637 = IFCCARTESIANPOINT((4982.92279237169, 10013.1042952537, 408.021956223858));
#638 = IFCFACE((#639));
#639 = IFCFACEOUTERBOUND(#640, .T.);
#640 = IFCPOLYLOOP((#612, #637, #605));
#641 = IFCFACE((#642));
#642 = IFCFACEOUTERBOUND(#643, .T.);
#643 = IFCPOLYLOOP((#619, #637, #612));
#644 = IFCFACE((#645));
#645 = IFCFACEOUTERBOUND(#646, .T.);
#646 = IFCPOLYLOOP((#637, #619, #647));
#647 = IFCCARTESIANPOINT((4982.92279237169, 10013.1042952537, 407.941940225457));
#648 = IFCFACE((#649));
#649 = IFCFACEOUTERBOUND(#650, .T.);
#650 = IFCPOLYLOOP((#604, #647, #619));
#651 = IFCFACE((#652));
#652 = IFCFACEOUTERBOUND(#653, .T.);
#653 = IFCPOLYLOOP((#647, #604, #632));
#654 = IFCFACE((#655));
#655 = IFCFACEOUTERBOUND(#656, .T.);
#656 = IFCPOLYLOOP((#605, #632, #604));
#657 = IFCFACE((#658));
#658 = IFCFACEOUTERBOUND(#659, .T.);
#659 = IFCPOLYLOOP((#660, #633, #661));
#660 = IFCCARTESIANPOINT((4985.30520126689, 10015.176449189, 408.00492833384));
#661 = IFCCARTESIANPOINT((4985.30520126689, 10015.176449189, 408.084944324389));
#662 = IFCFACE((#663));
#663 = IFCFACEOUTERBOUND(#664, .T.);
#664 = IFCPOLYLOOP((#661, #633, #665));
#665 = IFCCARTESIANPOINT((4982.99070129795, 10013.0308896131, 408.021819678175));
#666 = IFCFACE((#667));
#667 = IFCFACEOUTERBOUND(#668, .T.);
#668 = IFCPOLYLOOP((#637, #665, #633));
#669 = IFCFACE((#670));
#670 = IFCFACEOUTERBOUND(#671, .T.);
#671 = IFCPOLYLOOP((#647, #665, #637));
#672 = IFCFACE((#673));
#673 = IFCFACEOUTERBOUND(#674, .T.);
#674 = IFCPOLYLOOP((#665, #647, #675));
#675 = IFCCARTESIANPOINT((4982.99070129795, 10013.0308896131, 407.941803679773));
#676 = IFCFACE((#677));
#677 = IFCFACEOUTERBOUND(#678, .T.);
#678 = IFCPOLYLOOP((#675, #647, #660));
#679 = IFCFACE((#680));
#680 = IFCFACEOUTERBOUND(#681, .T.);
#681 = IFCPOLYLOOP((#632, #660, #647));
#682 = IFCFACE((#683));
#683 = IFCFACEOUTERBOUND(#684, .T.);
#684 = IFCPOLYLOOP((#633, #660, #632));
#685 = IFCFACE((#686));
#686 = IFCFACEOUTERBOUND(#687, .T.);
#687 = IFCPOLYLOOP((#688, #661, #689));
#688 = IFCCARTESIANPOINT((4985.37311019315, 10015.1030435483, 408.004791692828));
#689 = IFCCARTESIANPOINT((4985.37311019315, 10015.1030435483, 408.084807683538));
#690 = IFCFACE((#691));
#691 = IFCFACEOUTERBOUND(#692, .T.);
#692 = IFCPOLYLOOP((#689, #661, #693));
#693 = IFCCARTESIANPOINT((4983.05861022421, 10012.9574839724, 408.021683132491));
#694 = IFCFACE((#695));
#695 = IFCFACEOUTERBOUND(#696, .T.);
#696 = IFCPOLYLOOP((#665, #693, #661));
#697 = IFCFACE((#698));
#698 = IFCFACEOUTERBOUND(#699, .T.);
#699 = IFCPOLYLOOP((#675, #693, #665));
#700 = IFCFACE((#701));
#701 = IFCFACEOUTERBOUND(#702, .T.);
#702 = IFCPOLYLOOP((#693, #675, #703));
#703 = IFCCARTESIANPOINT((4983.05861022421, 10012.9574839724, 407.941667134089));
#704 = IFCFACE((#705));
#705 = IFCFACEOUTERBOUND(#706, .T.);
#706 = IFCPOLYLOOP((#703, #675, #688));
#707 = IFCFACE((#708));
#708 = IFCFACEOUTERBOUND(#709, .T.);
#709 = IFCPOLYLOOP((#660, #688, #675));
#710 = IFCFACE((#711));
#711 = IFCFACEOUTERBOUND(#712, .T.);
#712 = IFCPOLYLOOP((#661, #688, #660));
#713 = IFCFACE((#714));
#714 = IFCFACEOUTERBOUND(#715, .T.);
#715 = IFCPOLYLOOP((#716, #689, #717));
#716 = IFCCARTESIANPOINT((4985.4410191194, 10015.0296379077, 408.004655051816));
#717 = IFCCARTESIANPOINT((4985.4410191194, 10015.0296379077, 408.084671042687));
#718 = IFCFACE((#719));
#719 = IFCFACEOUTERBOUND(#720, .T.);
#720 = IFCPOLYLOOP((#717, #689, #721));
#721 = IFCCARTESIANPOINT((4983.12651915046, 10012.8840783318, 408.021546586808));
#722 = IFCFACE((#723));
#723 = IFCFACEOUTERBOUND(#724, .T.);
#724 = IFCPOLYLOOP((#693, #721, #689));
#725 = IFCFACE((#726));
#726 = IFCFACEOUTERBOUND(#727, .T.);
#727 = IFCPOLYLOOP((#703, #721, #693));
#728 = IFCFACE((#729));
#729 = IFCFACEOUTERBOUND(#730, .T.);
#730 = IFCPOLYLOOP((#721, #703, #731));
#731 = IFCCARTESIANPOINT((4983.12651915046, 10012.8840783318, 407.941530588405));
#732 = IFCFACE((#733));
#733 = IFCFACEOUTERBOUND(#734, .T.);
#734 = IFCPOLYLOOP((#731, #703, #716));
#735 = IFCFACE((#736));
#736 = IFCFACEOUTERBOUND(#737, .T.);
#737 = IFCPOLYLOOP((#688, #716, #703));
#738 = IFCFACE((#739));
#739 = IFCFACEOUTERBOUND(#740, .T.);
#740 = IFCPOLYLOOP((#689, #716, #688));
#741 = IFCFACE((#742));
#742 = IFCFACEOUTERBOUND(#743, .T.);
#743 = IFCPOLYLOOP((#744, #717, #745));
#744 = IFCCARTESIANPOINT((4985.50892804566, 10014.9562322671, 408.004518410804));
#745 = IFCCARTESIANPOINT((4985.50892804566, 10014.9562322671, 408.084534401835));
#746 = IFCFACE((#747));
#747 = IFCFACEOUTERBOUND(#748, .T.);
#748 = IFCPOLYLOOP((#745, #717, #749));
#749 = IFCCARTESIANPOINT((4983.19442807672, 10012.8106726912, 408.021410041121));
#750 = IFCFACE((#751));
#751 = IFCFACEOUTERBOUND(#752, .T.);
#752 = IFCPOLYLOOP((#721, #749, #717));
#753 = IFCFACE((#754));
#754 = IFCFACEOUTERBOUND(#755, .T.);
#755 = IFCPOLYLOOP((#731, #749, #721));
#756 = IFCFACE((#757));
#757 = IFCFACEOUTERBOUND(#758, .T.);
#758 = IFCPOLYLOOP((#749, #731, #759));
#759 = IFCCARTESIANPOINT((4983.19442807672, 10012.8106726912, 407.941394042722));
#760 = IFCFACE((#761));
#761 = IFCFACEOUTERBOUND(#762, .T.);
#762 = IFCPOLYLOOP((#759, #731, #744));
#763 = IFCFACE((#764));
#764 = IFCFACEOUTERBOUND(#765, .T.);
#765 = IFCPOLYLOOP((#716, #744, #731));
#766 = IFCFACE((#767));
#767 = IFCFACEOUTERBOUND(#768, .T.);
#768 = IFCPOLYLOOP((#717, #744, #716));
#769 = IFCFACE((#770));
#770 = IFCFACEOUTERBOUND(#771, .T.);
#771 = IFCPOLYLOOP((#772, #745, #773));
#772 = IFCCARTESIANPOINT((4985.57683697192, 10014.8828266264, 408.004381769792));
#773 = IFCCARTESIANPOINT((4985.57683697192, 10014.8828266264, 408.084397760985));
#774 = IFCFACE((#775));
#775 = IFCFACEOUTERBOUND(#776, .T.);
#776 = IFCPOLYLOOP((#773, #745, #777));
#777 = IFCCARTESIANPOINT((4983.26233700298, 10012.7372670505, 408.02127349544));
#778 = IFCFACE((#779));
#779 = IFCFACEOUTERBOUND(#780, .T.);
#780 = IFCPOLYLOOP((#749, #777, #745));
#781 = IFCFACE((#782));
#782 = IFCFACEOUTERBOUND(#783, .T.);
#783 = IFCPOLYLOOP((#759, #777, #749));
#784 = IFCFACE((#785));
#785 = IFCFACEOUTERBOUND(#786, .T.);
#786 = IFCPOLYLOOP((#777, #759, #787));
#787 = IFCCARTESIANPOINT((4983.26233700298, 10012.7372670505, 407.941257497038));
#788 = IFCFACE((#789));
#789 = IFCFACEOUTERBOUND(#790, .T.);
#790 = IFCPOLYLOOP((#744, #787, #759));
#791 = IFCFACE((#792));
#792 = IFCFACEOUTERBOUND(#793, .T.);
#793 = IFCPOLYLOOP((#787, #744, #772));
#794 = IFCFACE((#795));
#795 = IFCFACEOUTERBOUND(#796, .T.);
#796 = IFCPOLYLOOP((#745, #772, #744));
#797 = IFCFACE((#798));
#798 = IFCFACEOUTERBOUND(#799, .T.);
#799 = IFCPOLYLOOP((#800, #773, #801));
#800 = IFCCARTESIANPOINT((4985.64474589818, 10014.8094209858, 408.00424512878));
#801 = IFCCARTESIANPOINT((4985.64474589818, 10014.8094209858, 408.084261120133));
#802 = IFCFACE((#803));
#803 = IFCFACEOUTERBOUND(#804, .T.);
#804 = IFCPOLYLOOP((#777, #801, #773));
#805 = IFCFACE((#806));
#806 = IFCFACEOUTERBOUND(#807, .T.);
#807 = IFCPOLYLOOP((#801, #777, #808));
#808 = IFCCARTESIANPOINT((4983.33024592924, 10012.6638614099, 408.021136949754));
#809 = IFCFACE((#810));
#810 = IFCFACEOUTERBOUND(#811, .T.);
#811 = IFCPOLYLOOP((#787, #808, #777));
#812 = IFCFACE((#813));
#813 = IFCFACEOUTERBOUND(#814, .T.);
#814 = IFCPOLYLOOP((#808, #787, #815));
#815 = IFCCARTESIANPOINT((4983.33024592924, 10012.6638614099, 407.941120951354));
#816 = IFCFACE((#817));
#817 = IFCFACEOUTERBOUND(#818, .T.);
#818 = IFCPOLYLOOP((#815, #787, #800));
#819 = IFCFACE((#820));
#820 = IFCFACEOUTERBOUND(#821, .T.);
#821 = IFCPOLYLOOP((#772, #800, #787));
#822 = IFCFACE((#823));
#823 = IFCFACEOUTERBOUND(#824, .T.);
#824 = IFCPOLYLOOP((#773, #800, #772));
#825 = IFCFACE((#826));
#826 = IFCFACEOUTERBOUND(#827, .T.);
#827 = IFCPOLYLOOP((#828, #801, #829));
#828 = IFCCARTESIANPOINT((4985.71265482444, 10014.7360153451, 408.004108487768));
#829 = IFCCARTESIANPOINT((4985.71265482444, 10014.7360153451, 408.084124479282));
#830 = IFCFACE((#831));
#831 = IFCFACEOUTERBOUND(#832, .T.);
#832 = IFCPOLYLOOP((#829, #801, #833));
#833 = IFCCARTESIANPOINT((4983.39815485549, 10012.5904557692, 408.021000404071));
#834 = IFCFACE((#835));
#835 = IFCFACEOUTERBOUND(#836, .T.);
#836 = IFCPOLYLOOP((#808, #833, #801));
#837 = IFCFACE((#838));
#838 = IFCFACEOUTERBOUND(#839, .T.);
#839 = IFCPOLYLOOP((#815, #833, #808));
#840 = IFCFACE((#841));
#841 = IFCFACEOUTERBOUND(#842, .T.);
#842 = IFCPOLYLOOP((#833, #815, #843));
#843 = IFCCARTESIANPOINT((4983.39815485549, 10012.5904557692, 407.94098440567));
#844 = IFCFACE((#845));
#845 = IFCFACEOUTERBOUND(#846, .T.);
#846 = IFCPOLYLOOP((#800, #843, #815));
#847 = IFCFACE((#848));
#848 = IFCFACEOUTERBOUND(#849, .T.);
#849 = IFCPOLYLOOP((#843, #800, #828));
#850 = IFCFACE((#851));
#851 = IFCFACEOUTERBOUND(#852, .T.);
#852 = IFCPOLYLOOP((#801, #828, #800));
#853 = IFCFACE((#854));
#854 = IFCFACEOUTERBOUND(#855, .T.);
#855 = IFCPOLYLOOP((#856, #829, #857));
#856 = IFCCARTESIANPOINT((4985.78056375069, 10014.6626097045, 408.003971846756));
#857 = IFCCARTESIANPOINT((4985.78056375069, 10014.6626097045, 408.083987838431));
#858 = IFCFACE((#859));
#859 = IFCFACEOUTERBOUND(#860, .T.);
#860 = IFCPOLYLOOP((#833, #857, #829));
#861 = IFCFACE((#862));
#862 = IFCFACEOUTERBOUND(#863, .T.);
#863 = IFCPOLYLOOP((#857, #833, #864));
#864 = IFCCARTESIANPOINT((4983.46606378175, 10012.5170501286, 408.020863858384));
#865 = IFCFACE((#866));
#866 = IFCFACEOUTERBOUND(#867, .T.);
#867 = IFCPOLYLOOP((#843, #864, #833));
#868 = IFCFACE((#869));
#869 = IFCFACEOUTERBOUND(#870, .T.);
#870 = IFCPOLYLOOP((#864, #843, #871));
#871 = IFCCARTESIANPOINT((4983.46606378175, 10012.5170501286, 407.940847859986));
#872 = IFCFACE((#873));
#873 = IFCFACEOUTERBOUND(#874, .T.);
#874 = IFCPOLYLOOP((#871, #843, #856));
#875 = IFCFACE((#876));
#876 = IFCFACEOUTERBOUND(#877, .T.);
#877 = IFCPOLYLOOP((#828, #856, #843));
#878 = IFCFACE((#879));
#879 = IFCFACEOUTERBOUND(#880, .T.);
#880 = IFCPOLYLOOP((#829, #856, #828));
#881 = IFCFACE((#882));
#882 = IFCFACEOUTERBOUND(#883, .T.);
#883 = IFCPOLYLOOP((#884, #857, #885));
#884 = IFCCARTESIANPOINT((4985.79713216488, 10014.6447001994, 408.003938506349));
#885 = IFCCARTESIANPOINT((4985.79713216488, 10014.6447001994, 408.083954498063));
#886 = IFCFACE((#887));
#887 = IFCFACEOUTERBOUND(#888, .T.);
#888 = IFCPOLYLOOP((#864, #885, #857));
#889 = IFCFACE((#890));
#890 = IFCFACEOUTERBOUND(#891, .T.);
#891 = IFCPOLYLOOP((#885, #864, #892));
#892 = IFCCARTESIANPOINT((4983.48263219594, 10012.4991406235, 408.02083054124));
#893 = IFCFACE((#894));
#894 = IFCFACEOUTERBOUND(#895, .T.);
#895 = IFCPOLYLOOP((#871, #892, #864));
#896 = IFCFACE((#897));
#897 = IFCFACEOUTERBOUND(#898, .T.);
#898 = IFCPOLYLOOP((#892, #871, #899));
#899 = IFCCARTESIANPOINT((4983.48263219594, 10012.4991406235, 407.940814542839));
#900 = IFCFACE((#901));
#901 = IFCFACEOUTERBOUND(#902, .T.);
#902 = IFCPOLYLOOP((#899, #871, #884));
#903 = IFCFACE((#904));
#904 = IFCFACEOUTERBOUND(#905, .T.);
#905 = IFCPOLYLOOP((#856, #884, #871));
#906 = IFCFACE((#907));
#907 = IFCFACEOUTERBOUND(#908, .T.);
#908 = IFCPOLYLOOP((#857, #884, #856));
#909 = IFCFACE((#910));
#910 = IFCFACEOUTERBOUND(#911, .T.);
#911 = IFCPOLYLOOP((#912, #885, #913));
#912 = IFCCARTESIANPOINT((4985.84855215214, 10014.589277738, 408.003874745081));
#913 = IFCCARTESIANPOINT((4985.84855215214, 10014.589277738, 408.083890736917));
#914 = IFCFACE((#915));
#915 = IFCFACEOUTERBOUND(#916, .T.);
#916 = IFCPOLYLOOP((#913, #885, #917));
#917 = IFCCARTESIANPOINT((4983.5340521832, 10012.4437181621, 408.020766852042));
#918 = IFCFACE((#919));
#919 = IFCFACEOUTERBOUND(#920, .T.);
#920 = IFCPOLYLOOP((#892, #917, #885));
#921 = IFCFACE((#922));
#922 = IFCFACEOUTERBOUND(#923, .T.);
#923 = IFCPOLYLOOP((#899, #917, #892));
#924 = IFCFACE((#925));
#925 = IFCFACEOUTERBOUND(#926, .T.);
#926 = IFCPOLYLOOP((#917, #899, #927));
#927 = IFCCARTESIANPOINT((4983.5340521832, 10012.4437181621, 407.940750853639));
#928 = IFCFACE((#929));
#929 = IFCFACEOUTERBOUND(#930, .T.);
#930 = IFCPOLYLOOP((#884, #927, #899));
#931 = IFCFACE((#932));
#932 = IFCFACEOUTERBOUND(#933, .T.);
#933 = IFCPOLYLOOP((#927, #884, #912));
#934 = IFCFACE((#935));
#935 = IFCFACEOUTERBOUND(#936, .T.);
#936 = IFCPOLYLOOP((#885, #912, #884));
#937 = IFCFACE((#938));
#938 = IFCFACEOUTERBOUND(#939, .T.);
#939 = IFCPOLYLOOP((#940, #913, #941));
#940 = IFCCARTESIANPOINT((4985.91656620432, 10014.5159695499, 408.00379040478));
#941 = IFCCARTESIANPOINT((4985.91656620432, 10014.5159695499, 408.083806396776));
#942 = IFCFACE((#943));
#943 = IFCFACEOUTERBOUND(#944, .T.);
#944 = IFCPOLYLOOP((#941, #913, #945));
#945 = IFCCARTESIANPOINT((4983.60206623537, 10012.370409974, 408.020682607066));
#946 = IFCFACE((#947));
#947 = IFCFACEOUTERBOUND(#948, .T.);
#948 = IFCPOLYLOOP((#917, #945, #913));
#949 = IFCFACE((#950));
#950 = IFCFACEOUTERBOUND(#951, .T.);
#951 = IFCPOLYLOOP((#927, #945, #917));
#952 = IFCFACE((#953));
#953 = IFCFACEOUTERBOUND(#954, .T.);
#954 = IFCPOLYLOOP((#945, #927, #955));
#955 = IFCCARTESIANPOINT((4983.60206623537, 10012.370409974, 407.940666608665));
#956 = IFCFACE((#957));
#957 = IFCFACEOUTERBOUND(#958, .T.);
#958 = IFCPOLYLOOP((#955, #927, #940));
#959 = IFCFACE((#960));
#960 = IFCFACEOUTERBOUND(#961, .T.);
#961 = IFCPOLYLOOP((#912, #940, #927));
#962 = IFCFACE((#963));
#963 = IFCFACEOUTERBOUND(#964, .T.);
#964 = IFCPOLYLOOP((#913, #940, #912));
#965 = IFCFACE((#966));
#966 = IFCFACEOUTERBOUND(#967, .T.);
#967 = IFCPOLYLOOP((#968, #941, #969));
#968 = IFCCARTESIANPOINT((4985.98458025649, 10014.4426613618, 408.003706064478));
#969 = IFCCARTESIANPOINT((4985.98458025649, 10014.4426613618, 408.083722056636));
#970 = IFCFACE((#971));
#971 = IFCFACEOUTERBOUND(#972, .T.);
#972 = IFCPOLYLOOP((#945, #969, #941));
#973 = IFCFACE((#974));
#974 = IFCFACEOUTERBOUND(#975, .T.);
#975 = IFCPOLYLOOP((#969, #945, #976));
#976 = IFCCARTESIANPOINT((4983.67008028755, 10012.2971017859, 408.020598362096));
#977 = IFCFACE((#978));
#978 = IFCFACEOUTERBOUND(#979, .T.);
#979 = IFCPOLYLOOP((#955, #976, #945));
#980 = IFCFACE((#981));
#981 = IFCFACEOUTERBOUND(#982, .T.);
#982 = IFCPOLYLOOP((#976, #955, #983));
#983 = IFCCARTESIANPOINT((4983.67008028755, 10012.2971017859, 407.940582363692));
#984 = IFCFACE((#985));
#985 = IFCFACEOUTERBOUND(#986, .T.);
#986 = IFCPOLYLOOP((#983, #955, #968));
#987 = IFCFACE((#988));
#988 = IFCFACEOUTERBOUND(#989, .T.);
#989 = IFCPOLYLOOP((#940, #968, #955));
#990 = IFCFACE((#991));
#991 = IFCFACEOUTERBOUND(#992, .T.);
#992 = IFCPOLYLOOP((#941, #968, #940));
#993 = IFCFACE((#994));
#994 = IFCFACEOUTERBOUND(#995, .T.);
#995 = IFCPOLYLOOP((#996, #969, #997));
#996 = IFCCARTESIANPOINT((4986.05259430866, 10014.3693531737, 408.003621724177));
#997 = IFCCARTESIANPOINT((4986.05259430866, 10014.3693531737, 408.083637716495));
#998 = IFCFACE((#999));
#999 = IFCFACEOUTERBOUND(#1000, .T.);
#1000 = IFCPOLYLOOP((#997, #969, #1001));
#1001 = IFCCARTESIANPOINT((4983.73809433972, 10012.2237935978, 408.020514117121));
#1002 = IFCFACE((#1003));
#1003 = IFCFACEOUTERBOUND(#1004, .T.);
#1004 = IFCPOLYLOOP((#976, #1001, #969));
#1005 = IFCFACE((#1006));
#1006 = IFCFACEOUTERBOUND(#1007, .T.);
#1007 = IFCPOLYLOOP((#983, #1001, #976));
#1008 = IFCFACE((#1009));
#1009 = IFCFACEOUTERBOUND(#1010, .T.);
#1010 = IFCPOLYLOOP((#1001, #983, #1011));
#1011 = IFCCARTESIANPOINT((4983.73809433972, 10012.2237935978, 407.940498118718));
#1012 = IFCFACE((#1013));
#1013 = IFCFACEOUTERBOUND(#1014, .T.);
#1014 = IFCPOLYLOOP((#968, #1011, #983));
#1015 = IFCFACE((#1016));
#1016 = IFCFACEOUTERBOUND(#1017, .T.);
#1017 = IFCPOLYLOOP((#1011, #968, #996));
#1018 = IFCFACE((#1019));
#1019 = IFCFACEOUTERBOUND(#1020, .T.);
#1020 = IFCPOLYLOOP((#969, #996, #968));
#1021 = IFCFACE((#1022));
#1022 = IFCFACEOUTERBOUND(#1023, .T.);
#1023 = IFCPOLYLOOP((#1024, #997, #1025));
#1024 = IFCCARTESIANPOINT((4986.12060836083, 10014.2960449856, 408.003537383875));
#1025 = IFCCARTESIANPOINT((4986.12060836083, 10014.2960449856, 408.083553376354));
#1026 = IFCFACE((#1027));
#1027 = IFCFACEOUTERBOUND(#1028, .T.);
#1028 = IFCPOLYLOOP((#1001, #1025, #997));
#1029 = IFCFACE((#1030));
#1030 = IFCFACEOUTERBOUND(#1031, .T.);
#1031 = IFCPOLYLOOP((#1025, #1001, #1032));
#1032 = IFCCARTESIANPOINT((4983.80610839189, 10012.1504854097, 408.020429872147));
#1033 = IFCFACE((#1034));
#1034 = IFCFACEOUTERBOUND(#1035, .T.);
#1035 = IFCPOLYLOOP((#1011, #1032, #1001));
#1036 = IFCFACE((#1037));
#1037 = IFCFACEOUTERBOUND(#1038, .T.);
#1038 = IFCPOLYLOOP((#1032, #1011, #1039));
#1039 = IFCCARTESIANPOINT((4983.80610839189, 10012.1504854097, 407.940413873745));
#1040 = IFCFACE((#1041));
#1041 = IFCFACEOUTERBOUND(#1042, .T.);
#1042 = IFCPOLYLOOP((#1039, #1011, #1024));
#1043 = IFCFACE((#1044));
#1044 = IFCFACEOUTERBOUND(#1045, .T.);
#1045 = IFCPOLYLOOP((#996, #1024, #1011));
#1046 = IFCFACE((#1047));
#1047 = IFCFACEOUTERBOUND(#1048, .T.);
#1048 = IFCPOLYLOOP((#997, #1024, #996));
#1049 = IFCFACE((#1050));
#1050 = IFCFACEOUTERBOUND(#1051, .T.);
#1051 = IFCPOLYLOOP((#1052, #1025, #1053));
#1052 = IFCCARTESIANPOINT((4986.188622413, 10014.2227367975, 408.003453043573));
#1053 = IFCCARTESIANPOINT((4986.188622413, 10014.2227367975, 408.083469036213));
#1054 = IFCFACE((#1055));
#1055 = IFCFACEOUTERBOUND(#1056, .T.);
#1056 = IFCPOLYLOOP((#1053, #1025, #1057));
#1057 = IFCCARTESIANPOINT((4983.87412244406, 10012.0771772216, 408.020345627172));
#1058 = IFCFACE((#1059));
#1059 = IFCFACEOUTERBOUND(#1060, .T.);
#1060 = IFCPOLYLOOP((#1032, #1057, #1025));
#1061 = IFCFACE((#1062));
#1062 = IFCFACEOUTERBOUND(#1063, .T.);
#1063 = IFCPOLYLOOP((#1039, #1057, #1032));
#1064 = IFCFACE((#1065));
#1065 = IFCFACEOUTERBOUND(#1066, .T.);
#1066 = IFCPOLYLOOP((#1057, #1039, #1067));
#1067 = IFCCARTESIANPOINT((4983.87412244406, 10012.0771772216, 407.940329628771));
#1068 = IFCFACE((#1069));
#1069 = IFCFACEOUTERBOUND(#1070, .T.);
#1070 = IFCPOLYLOOP((#1024, #1067, #1039));
#1071 = IFCFACE((#1072));
#1072 = IFCFACEOUTERBOUND(#1073, .T.);
#1073 = IFCPOLYLOOP((#1067, #1024, #1052));
#1074 = IFCFACE((#1075));
#1075 = IFCFACEOUTERBOUND(#1076, .T.);
#1076 = IFCPOLYLOOP((#1025, #1052, #1024));
#1077 = IFCFACE((#1078));
#1078 = IFCFACEOUTERBOUND(#1079, .T.);
#1079 = IFCPOLYLOOP((#1080, #1053, #1081));
#1080 = IFCCARTESIANPOINT((4986.25663646518, 10014.1494286094, 408.003368703272));
#1081 = IFCCARTESIANPOINT((4986.25663646518, 10014.1494286094, 408.083384696073));
#1082 = IFCFACE((#1083));
#1083 = IFCFACEOUTERBOUND(#1084, .T.);
#1084 = IFCPOLYLOOP((#1057, #1081, #1053));
#1085 = IFCFACE((#1086));
#1086 = IFCFACEOUTERBOUND(#1087, .T.);
#1087 = IFCPOLYLOOP((#1081, #1057, #1088));
#1088 = IFCCARTESIANPOINT((4983.94213649624, 10012.0038690335, 408.0202613822));
#1089 = IFCFACE((#1090));
#1090 = IFCFACEOUTERBOUND(#1091, .T.);
#1091 = IFCPOLYLOOP((#1067, #1088, #1057));
#1092 = IFCFACE((#1093));
#1093 = IFCFACEOUTERBOUND(#1094, .T.);
#1094 = IFCPOLYLOOP((#1088, #1067, #1095));
#1095 = IFCCARTESIANPOINT((4983.94213649624, 10012.0038690335, 407.940245383797));
#1096 = IFCFACE((#1097));
#1097 = IFCFACEOUTERBOUND(#1098, .T.);
#1098 = IFCPOLYLOOP((#1095, #1067, #1080));
#1099 = IFCFACE((#1100));
#1100 = IFCFACEOUTERBOUND(#1101, .T.);
#1101 = IFCPOLYLOOP((#1052, #1080, #1067));
#1102 = IFCFACE((#1103));
#1103 = IFCFACEOUTERBOUND(#1104, .T.);
#1104 = IFCPOLYLOOP((#1053, #1080, #1052));
#1105 = IFCFACE((#1106));
#1106 = IFCFACEOUTERBOUND(#1107, .T.);
#1107 = IFCPOLYLOOP((#1108, #1081, #1109));
#1108 = IFCCARTESIANPOINT((4986.32465051735, 10014.0761204213, 408.00328436297));
#1109 = IFCCARTESIANPOINT((4986.32465051735, 10014.0761204213, 408.083300355931));
#1110 = IFCFACE((#1111));
#1111 = IFCFACEOUTERBOUND(#1112, .T.);
#1112 = IFCPOLYLOOP((#1109, #1081, #1113));
#1113 = IFCCARTESIANPOINT((4984.01015054841, 10011.9305608454, 408.020177137225));
#1114 = IFCFACE((#1115));
#1115 = IFCFACEOUTERBOUND(#1116, .T.);
#1116 = IFCPOLYLOOP((#1088, #1113, #1081));
#1117 = IFCFACE((#1118));
#1118 = IFCFACEOUTERBOUND(#1119, .T.);
#1119 = IFCPOLYLOOP((#1095, #1113, #1088));
#1120 = IFCFACE((#1121));
#1121 = IFCFACEOUTERBOUND(#1122, .T.);
#1122 = IFCPOLYLOOP((#1113, #1095, #1123));
#1123 = IFCCARTESIANPOINT((4984.01015054841, 10011.9305608454, 407.940161138824));
#1124 = IFCFACE((#1125));
#1125 = IFCFACEOUTERBOUND(#1126, .T.);
#1126 = IFCPOLYLOOP((#1080, #1123, #1095));
#1127 = IFCFACE((#1128));
#1128 = IFCFACEOUTERBOUND(#1129, .T.);
#1129 = IFCPOLYLOOP((#1123, #1080, #1108));
#1130 = IFCFACE((#1131));
#1131 = IFCFACEOUTERBOUND(#1132, .T.);
#1132 = IFCPOLYLOOP((#1081, #1108, #1080));
#1133 = IFCFACE((#1134));
#1134 = IFCFACEOUTERBOUND(#1135, .T.);
#1135 = IFCPOLYLOOP((#1136, #1109, #1137));
#1136 = IFCCARTESIANPOINT((4986.39266456952, 10014.0028122332, 408.003200022668));
#1137 = IFCCARTESIANPOINT((4986.39266456952, 10014.0028122332, 408.083216015791));
#1138 = IFCFACE((#1139));
#1139 = IFCFACEOUTERBOUND(#1140, .T.);
#1140 = IFCPOLYLOOP((#1113, #1137, #1109));
#1141 = IFCFACE((#1142));
#1142 = IFCFACEOUTERBOUND(#1143, .T.);
#1143 = IFCPOLYLOOP((#1137, #1113, #1144));
#1144 = IFCCARTESIANPOINT((4984.07816460058, 10011.8572526573, 408.020092892251));
#1145 = IFCFACE((#1146));
#1146 = IFCFACEOUTERBOUND(#1147, .T.);
#1147 = IFCPOLYLOOP((#1123, #1144, #1113));
#1148 = IFCFACE((#1149));
#1149 = IFCFACEOUTERBOUND(#1150, .T.);
#1150 = IFCPOLYLOOP((#1144, #1123, #1151));
#1151 = IFCCARTESIANPOINT((4984.07816460058, 10011.8572526573, 407.94007689385));
#1152 = IFCFACE((#1153));
#1153 = IFCFACEOUTERBOUND(#1154, .T.);
#1154 = IFCPOLYLOOP((#1151, #1123, #1136));
#1155 = IFCFACE((#1156));
#1156 = IFCFACEOUTERBOUND(#1157, .T.);
#1157 = IFCPOLYLOOP((#1108, #1136, #1123));
#1158 = IFCFACE((#1159));
#1159 = IFCFACEOUTERBOUND(#1160, .T.);
#1160 = IFCPOLYLOOP((#1109, #1136, #1108));
#1161 = IFCFACE((#1162));
#1162 = IFCFACEOUTERBOUND(#1163, .T.);
#1163 = IFCPOLYLOOP((#1164, #1137, #1165));
#1164 = IFCCARTESIANPOINT((4986.4606786217, 10013.9295040451, 408.003115682367));
#1165 = IFCCARTESIANPOINT((4986.4606786217, 10013.9295040451, 408.083131675649));
#1166 = IFCFACE((#1167));
#1167 = IFCFACEOUTERBOUND(#1168, .T.);
#1168 = IFCPOLYLOOP((#1165, #1137, #1169));
#1169 = IFCCARTESIANPOINT((4984.14617865275, 10011.7839444692, 408.020008647276));
#1170 = IFCFACE((#1171));
#1171 = IFCFACEOUTERBOUND(#1172, .T.);
#1172 = IFCPOLYLOOP((#1144, #1169, #1137));
#1173 = IFCFACE((#1174));
#1174 = IFCFACEOUTERBOUND(#1175, .T.);
#1175 = IFCPOLYLOOP((#1151, #1169, #1144));
#1176 = IFCFACE((#1177));
#1177 = IFCFACEOUTERBOUND(#1178, .T.);
#1178 = IFCPOLYLOOP((#1169, #1151, #1179));
#1179 = IFCCARTESIANPOINT((4984.14617865275, 10011.7839444692, 407.939992648877));
#1180 = IFCFACE((#1181));
#1181 = IFCFACEOUTERBOUND(#1182, .T.);
#1182 = IFCPOLYLOOP((#1179, #1151, #1164));
#1183 = IFCFACE((#1184));
#1184 = IFCFACEOUTERBOUND(#1185, .T.);
#1185 = IFCPOLYLOOP((#1136, #1164, #1151));
#1186 = IFCFACE((#1187));
#1187 = IFCFACEOUTERBOUND(#1188, .T.);
#1188 = IFCPOLYLOOP((#1137, #1164, #1136));
#1189 = IFCFACE((#1190));
#1190 = IFCFACEOUTERBOUND(#1191, .T.);
#1191 = IFCPOLYLOOP((#1192, #1165, #1193));
#1192 = IFCCARTESIANPOINT((4986.52869267387, 10013.8561958571, 408.003031342065));
#1193 = IFCCARTESIANPOINT((4986.52869267387, 10013.8561958571, 408.083047335509));
#1194 = IFCFACE((#1195));
#1195 = IFCFACEOUTERBOUND(#1196, .T.);
#1196 = IFCPOLYLOOP((#1193, #1165, #1197));
#1197 = IFCCARTESIANPOINT((4984.21419270493, 10011.7106362811, 408.019924402302));
#1198 = IFCFACE((#1199));
#1199 = IFCFACEOUTERBOUND(#1200, .T.);
#1200 = IFCPOLYLOOP((#1169, #1197, #1165));
#1201 = IFCFACE((#1202));
#1202 = IFCFACEOUTERBOUND(#1203, .T.);
#1203 = IFCPOLYLOOP((#1179, #1197, #1169));
#1204 = IFCFACE((#1205));
#1205 = IFCFACEOUTERBOUND(#1206, .T.);
#1206 = IFCPOLYLOOP((#1197, #1179, #1207));
#1207 = IFCCARTESIANPOINT((4984.21419270493, 10011.7106362811, 407.939908403903));
#1208 = IFCFACE((#1209));
#1209 = IFCFACEOUTERBOUND(#1210, .T.);
#1210 = IFCPOLYLOOP((#1164, #1207, #1179));
#1211 = IFCFACE((#1212));
#1212 = IFCFACEOUTERBOUND(#1213, .T.);
#1213 = IFCPOLYLOOP((#1207, #1164, #1192));
#1214 = IFCFACE((#1215));
#1215 = IFCFACEOUTERBOUND(#1216, .T.);
#1216 = IFCPOLYLOOP((#1165, #1192, #1164));
#1217 = IFCFACE((#1218));
#1218 = IFCFACEOUTERBOUND(#1219, .T.);
#1219 = IFCPOLYLOOP((#1220, #1193, #1221));
#1220 = IFCCARTESIANPOINT((4986.59670672604, 10013.782887669, 408.002947001764));
#1221 = IFCCARTESIANPOINT((4986.59670672604, 10013.782887669, 408.082962995368));
#1222 = IFCFACE((#1223));
#1223 = IFCFACEOUTERBOUND(#1224, .T.);
#1224 = IFCPOLYLOOP((#1197, #1221, #1193));
#1225 = IFCFACE((#1226));
#1226 = IFCFACEOUTERBOUND(#1227, .T.);
#1227 = IFCPOLYLOOP((#1221, #1197, #1228));
#1228 = IFCCARTESIANPOINT((4984.2822067571, 10011.6373280931, 408.019840157331));
#1229 = IFCFACE((#1230));
#1230 = IFCFACEOUTERBOUND(#1231, .T.);
#1231 = IFCPOLYLOOP((#1207, #1228, #1197));
#1232 = IFCFACE((#1233));
#1233 = IFCFACEOUTERBOUND(#1234, .T.);
#1234 = IFCPOLYLOOP((#1228, #1207, #1235));
#1235 = IFCCARTESIANPOINT((4984.2822067571, 10011.6373280931, 407.939824158929));
#1236 = IFCFACE((#1237));
#1237 = IFCFACEOUTERBOUND(#1238, .T.);
#1238 = IFCPOLYLOOP((#1235, #1207, #1220));
#1239 = IFCFACE((#1240));
#1240 = IFCFACEOUTERBOUND(#1241, .T.);
#1241 = IFCPOLYLOOP((#1192, #1220, #1207));
#1242 = IFCFACE((#1243));
#1243 = IFCFACEOUTERBOUND(#1244, .T.);
#1244 = IFCPOLYLOOP((#1193, #1220, #1192));
#1245 = IFCFACE((#1246));
#1246 = IFCFACEOUTERBOUND(#1247, .T.);
#1247 = IFCPOLYLOOP((#1248, #1221, #1249));
#1248 = IFCCARTESIANPOINT((4986.66472077821, 10013.7095794809, 408.002862661462));
#1249 = IFCCARTESIANPOINT((4986.66472077821, 10013.7095794809, 408.082878655227));
#1250 = IFCFACE((#1251));
#1251 = IFCFACEOUTERBOUND(#1252, .T.);
#1252 = IFCPOLYLOOP((#1249, #1221, #1253));
#1253 = IFCCARTESIANPOINT((4984.35022080927, 10011.564019905, 408.019755912357));
#1254 = IFCFACE((#1255));
#1255 = IFCFACEOUTERBOUND(#1256, .T.);
#1256 = IFCPOLYLOOP((#1228, #1253, #1221));
#1257 = IFCFACE((#1258));
#1258 = IFCFACEOUTERBOUND(#1259, .T.);
#1259 = IFCPOLYLOOP((#1235, #1253, #1228));
#1260 = IFCFACE((#1261));
#1261 = IFCFACEOUTERBOUND(#1262, .T.);
#1262 = IFCPOLYLOOP((#1253, #1235, #1263));
#1263 = IFCCARTESIANPOINT((4984.35022080927, 10011.564019905, 407.939739913956));
#1264 = IFCFACE((#1265));
#1265 = IFCFACEOUTERBOUND(#1266, .T.);
#1266 = IFCPOLYLOOP((#1220, #1263, #1235));
#1267 = IFCFACE((#1268));
#1268 = IFCFACEOUTERBOUND(#1269, .T.);
#1269 = IFCPOLYLOOP((#1263, #1220, #1248));
#1270 = IFCFACE((#1271));
#1271 = IFCFACEOUTERBOUND(#1272, .T.);
#1272 = IFCPOLYLOOP((#1221, #1248, #1220));
#1273 = IFCFACE((#1274));
#1274 = IFCFACEOUTERBOUND(#1275, .T.);
#1275 = IFCPOLYLOOP((#1276, #1249, #1277));
#1276 = IFCCARTESIANPOINT((4986.73273483039, 10013.6362712928, 408.002778321161));
#1277 = IFCCARTESIANPOINT((4986.73273483039, 10013.6362712928, 408.082794315087));
#1278 = IFCFACE((#1279));
#1279 = IFCFACEOUTERBOUND(#1280, .T.);
#1280 = IFCPOLYLOOP((#1277, #1249, #1281));
#1281 = IFCCARTESIANPOINT((4984.41823486144, 10011.4907117169, 408.019671667384));
#1282 = IFCFACE((#1283));
#1283 = IFCFACEOUTERBOUND(#1284, .T.);
#1284 = IFCPOLYLOOP((#1253, #1281, #1249));
#1285 = IFCFACE((#1286));
#1286 = IFCFACEOUTERBOUND(#1287, .T.);
#1287 = IFCPOLYLOOP((#1263, #1281, #1253));
#1288 = IFCFACE((#1289));
#1289 = IFCFACEOUTERBOUND(#1290, .T.);
#1290 = IFCPOLYLOOP((#1281, #1263, #1291));
#1291 = IFCCARTESIANPOINT((4984.41823486144, 10011.4907117169, 407.939655668982));
#1292 = IFCFACE((#1293));
#1293 = IFCFACEOUTERBOUND(#1294, .T.);
#1294 = IFCPOLYLOOP((#1291, #1263, #1276));
#1295 = IFCFACE((#1296));
#1296 = IFCFACEOUTERBOUND(#1297, .T.);
#1297 = IFCPOLYLOOP((#1248, #1276, #1263));
#1298 = IFCFACE((#1299));
#1299 = IFCFACEOUTERBOUND(#1300, .T.);
#1300 = IFCPOLYLOOP((#1249, #1276, #1248));
#1301 = IFCFACE((#1302));
#1302 = IFCFACEOUTERBOUND(#1303, .T.);
#1303 = IFCPOLYLOOP((#1304, #1277, #1305));
#1304 = IFCCARTESIANPOINT((4986.80074888256, 10013.5629631047, 408.002693980859));
#1305 = IFCCARTESIANPOINT((4986.80074888256, 10013.5629631047, 408.082709974945));
#1306 = IFCFACE((#1307));
#1307 = IFCFACEOUTERBOUND(#1308, .T.);
#1308 = IFCPOLYLOOP((#1281, #1305, #1277));
#1309 = IFCFACE((#1310));
#1310 = IFCFACEOUTERBOUND(#1311, .T.);
#1311 = IFCPOLYLOOP((#1305, #1281, #1312));
#1312 = IFCCARTESIANPOINT((4984.48624891362, 10011.4174035288, 408.019587422408));
#1313 = IFCFACE((#1314));
#1314 = IFCFACEOUTERBOUND(#1315, .T.);
#1315 = IFCPOLYLOOP((#1291, #1312, #1281));
#1316 = IFCFACE((#1317));
#1317 = IFCFACEOUTERBOUND(#1318, .T.);
#1318 = IFCPOLYLOOP((#1312, #1291, #1319));
#1319 = IFCCARTESIANPOINT((4984.48624891362, 10011.4174035288, 407.939571424009));
#1320 = IFCFACE((#1321));
#1321 = IFCFACEOUTERBOUND(#1322, .T.);
#1322 = IFCPOLYLOOP((#1319, #1291, #1304));
#1323 = IFCFACE((#1324));
#1324 = IFCFACEOUTERBOUND(#1325, .T.);
#1325 = IFCPOLYLOOP((#1276, #1304, #1291));
#1326 = IFCFACE((#1327));
#1327 = IFCFACEOUTERBOUND(#1328, .T.);
#1328 = IFCPOLYLOOP((#1277, #1304, #1276));
#1329 = IFCFACE((#1330));
#1330 = IFCFACEOUTERBOUND(#1331, .T.);
#1331 = IFCPOLYLOOP((#1332, #1305, #1333));
#1332 = IFCCARTESIANPOINT((4986.86876293473, 10013.4896549166, 408.002609640557));
#1333 = IFCCARTESIANPOINT((4986.86876293473, 10013.4896549166, 408.082625634805));
#1334 = IFCFACE((#1335));
#1335 = IFCFACEOUTERBOUND(#1336, .T.);
#1336 = IFCPOLYLOOP((#1333, #1305, #1337));
#1337 = IFCCARTESIANPOINT((4984.55426296579, 10011.3440953407, 408.019503177436));
#1338 = IFCFACE((#1339));
#1339 = IFCFACEOUTERBOUND(#1340, .T.);
#1340 = IFCPOLYLOOP((#1312, #1337, #1305));
#1341 = IFCFACE((#1342));
#1342 = IFCFACEOUTERBOUND(#1343, .T.);
#1343 = IFCPOLYLOOP((#1319, #1337, #1312));
#1344 = IFCFACE((#1345));
#1345 = IFCFACEOUTERBOUND(#1346, .T.);
#1346 = IFCPOLYLOOP((#1337, #1319, #1347));
#1347 = IFCCARTESIANPOINT((4984.55426296579, 10011.3440953407, 407.939487179035));
#1348 = IFCFACE((#1349));
#1349 = IFCFACEOUTERBOUND(#1350, .T.);
#1350 = IFCPOLYLOOP((#1304, #1347, #1319));
#1351 = IFCFACE((#1352));
#1352 = IFCFACEOUTERBOUND(#1353, .T.);
#1353 = IFCPOLYLOOP((#1347, #1304, #1332));
#1354 = IFCFACE((#1355));
#1355 = IFCFACEOUTERBOUND(#1356, .T.);
#1356 = IFCPOLYLOOP((#1305, #1332, #1304));
#1357 = IFCFACE((#1358));
#1358 = IFCFACEOUTERBOUND(#1359, .T.);
#1359 = IFCPOLYLOOP((#1360, #1333, #1361));
#1360 = IFCCARTESIANPOINT((4986.9367769869, 10013.4163467285, 408.002525300256));
#1361 = IFCCARTESIANPOINT((4986.9367769869, 10013.4163467285, 408.082541294664));
#1362 = IFCFACE((#1363));
#1363 = IFCFACEOUTERBOUND(#1364, .T.);
#1364 = IFCPOLYLOOP((#1361, #1333, #1365));
#1365 = IFCCARTESIANPOINT((4984.62227701796, 10011.2707871526, 408.019418932461));
#1366 = IFCFACE((#1367));
#1367 = IFCFACEOUTERBOUND(#1368, .T.);
#1368 = IFCPOLYLOOP((#1337, #1365, #1333));
#1369 = IFCFACE((#1370));
#1370 = IFCFACEOUTERBOUND(#1371, .T.);
#1371 = IFCPOLYLOOP((#1347, #1365, #1337));
#1372 = IFCFACE((#1373));
#1373 = IFCFACEOUTERBOUND(#1374, .T.);
#1374 = IFCPOLYLOOP((#1365, #1347, #1375));
#1375 = IFCCARTESIANPOINT((4984.62227701796, 10011.2707871526, 407.939402934061));
#1376 = IFCFACE((#1377));
#1377 = IFCFACEOUTERBOUND(#1378, .T.);
#1378 = IFCPOLYLOOP((#1375, #1347, #1360));
#1379 = IFCFACE((#1380));
#1380 = IFCFACEOUTERBOUND(#1381, .T.);
#1381 = IFCPOLYLOOP((#1332, #1360, #1347));
#1382 = IFCFACE((#1383));
#1383 = IFCFACEOUTERBOUND(#1384, .T.);
#1384 = IFCPOLYLOOP((#1333, #1360, #1332));
#1385 = IFCFACE((#1386));
#1386 = IFCFACEOUTERBOUND(#1387, .T.);
#1387 = IFCPOLYLOOP((#1388, #1361, #1389));
#1388 = IFCCARTESIANPOINT((4987.00479103907, 10013.3430385404, 408.002440959954));
#1389 = IFCCARTESIANPOINT((4987.00479103907, 10013.3430385404, 408.082456954523));
#1390 = IFCFACE((#1391));
#1391 = IFCFACEOUTERBOUND(#1392, .T.);
#1392 = IFCPOLYLOOP((#1365, #1389, #1361));
#1393 = IFCFACE((#1394));
#1394 = IFCFACEOUTERBOUND(#1395, .T.);
#1395 = IFCPOLYLOOP((#1389, #1365, #1396));
#1396 = IFCCARTESIANPOINT((4984.69029107013, 10011.1974789645, 408.019334687488));
#1397 = IFCFACE((#1398));
#1398 = IFCFACEOUTERBOUND(#1399, .T.);
#1399 = IFCPOLYLOOP((#1375, #1396, #1365));
#1400 = IFCFACE((#1401));
#1401 = IFCFACEOUTERBOUND(#1402, .T.);
#1402 = IFCPOLYLOOP((#1396, #1375, #1403));
#1403 = IFCCARTESIANPOINT((4984.69029107013, 10011.1974789645, 407.939318689088));
#1404 = IFCFACE((#1405));
#1405 = IFCFACEOUTERBOUND(#1406, .T.);
#1406 = IFCPOLYLOOP((#1403, #1375, #1388));
#1407 = IFCFACE((#1408));
#1408 = IFCFACEOUTERBOUND(#1409, .T.);
#1409 = IFCPOLYLOOP((#1360, #1388, #1375));
#1410 = IFCFACE((#1411));
#1411 = IFCFACEOUTERBOUND(#1412, .T.);
#1412 = IFCPOLYLOOP((#1361, #1388, #1360));
#1413 = IFCFACE((#1414));
#1414 = IFCFACEOUTERBOUND(#1415, .T.);
#1415 = IFCPOLYLOOP((#1416, #1389, #1417));
#1416 = IFCCARTESIANPOINT((4987.07280509125, 10013.2697303523, 408.002356619652));
#1417 = IFCCARTESIANPOINT((4987.07280509125, 10013.2697303523, 408.082372614383));
#1418 = IFCFACE((#1419));
#1419 = IFCFACEOUTERBOUND(#1420, .T.);
#1420 = IFCPOLYLOOP((#1417, #1389, #1421));
#1421 = IFCCARTESIANPOINT((4984.75830512231, 10011.1241707764, 408.019250442516));
#1422 = IFCFACE((#1423));
#1423 = IFCFACEOUTERBOUND(#1424, .T.);
#1424 = IFCPOLYLOOP((#1396, #1421, #1389));
#1425 = IFCFACE((#1426));
#1426 = IFCFACEOUTERBOUND(#1427, .T.);
#1427 = IFCPOLYLOOP((#1403, #1421, #1396));
#1428 = IFCFACE((#1429));
#1429 = IFCFACEOUTERBOUND(#1430, .T.);
#1430 = IFCPOLYLOOP((#1421, #1403, #1431));
#1431 = IFCCARTESIANPOINT((4984.75830512231, 10011.1241707764, 407.939234444114));
#1432 = IFCFACE((#1433));
#1433 = IFCFACEOUTERBOUND(#1434, .T.);
#1434 = IFCPOLYLOOP((#1388, #1431, #1403));
#1435 = IFCFACE((#1436));
#1436 = IFCFACEOUTERBOUND(#1437, .T.);
#1437 = IFCPOLYLOOP((#1431, #1388, #1416));
#1438 = IFCFACE((#1439));
#1439 = IFCFACEOUTERBOUND(#1440, .T.);
#1440 = IFCPOLYLOOP((#1389, #1416, #1388));
#1441 = IFCFACE((#1442));
#1442 = IFCFACEOUTERBOUND(#1443, .T.);
#1443 = IFCPOLYLOOP((#1444, #1417, #1445));
#1444 = IFCCARTESIANPOINT((4987.14081914342, 10013.1964221642, 408.002272279351));
#1445 = IFCCARTESIANPOINT((4987.14081914342, 10013.1964221642, 408.082288274242));
#1446 = IFCFACE((#1447));
#1447 = IFCFACEOUTERBOUND(#1448, .T.);
#1448 = IFCPOLYLOOP((#1445, #1417, #1449));
#1449 = IFCCARTESIANPOINT((4984.82631917448, 10011.0508625883, 408.019166197542));
#1450 = IFCFACE((#1451));
#1451 = IFCFACEOUTERBOUND(#1452, .T.);
#1452 = IFCPOLYLOOP((#1421, #1449, #1417));
#1453 = IFCFACE((#1454));
#1454 = IFCFACEOUTERBOUND(#1455, .T.);
#1455 = IFCPOLYLOOP((#1431, #1449, #1421));
#1456 = IFCFACE((#1457));
#1457 = IFCFACEOUTERBOUND(#1458, .T.);
#1458 = IFCPOLYLOOP((#1449, #1431, #1459));
#1459 = IFCCARTESIANPOINT((4984.82631917448, 10011.0508625883, 407.939150199141));
#1460 = IFCFACE((#1461));
#1461 = IFCFACEOUTERBOUND(#1462, .T.);
#1462 = IFCPOLYLOOP((#1459, #1431, #1444));
#1463 = IFCFACE((#1464));
#1464 = IFCFACEOUTERBOUND(#1465, .T.);
#1465 = IFCPOLYLOOP((#1416, #1444, #1431));
#1466 = IFCFACE((#1467));
#1467 = IFCFACEOUTERBOUND(#1468, .T.);
#1468 = IFCPOLYLOOP((#1417, #1444, #1416));
#1469 = IFCFACE((#1470));
#1470 = IFCFACEOUTERBOUND(#1471, .T.);
#1471 = IFCPOLYLOOP((#1472, #1445, #1473));
#1472 = IFCCARTESIANPOINT((4987.20883319559, 10013.1231139761, 408.002187939049));
#1473 = IFCCARTESIANPOINT((4987.20883319559, 10013.1231139761, 408.082203934101));
#1474 = IFCFACE((#1475));
#1475 = IFCFACEOUTERBOUND(#1476, .T.);
#1476 = IFCPOLYLOOP((#1449, #1473, #1445));
#1477 = IFCFACE((#1478));
#1478 = IFCFACEOUTERBOUND(#1479, .T.);
#1479 = IFCPOLYLOOP((#1473, #1449, #1480));
#1480 = IFCCARTESIANPOINT((4984.89433322665, 10010.9775544002, 408.019081952567));
#1481 = IFCFACE((#1482));
#1482 = IFCFACEOUTERBOUND(#1483, .T.);
#1483 = IFCPOLYLOOP((#1459, #1480, #1449));
#1484 = IFCFACE((#1485));
#1485 = IFCFACEOUTERBOUND(#1486, .T.);
#1486 = IFCPOLYLOOP((#1480, #1459, #1487));
#1487 = IFCCARTESIANPOINT((4984.89433322665, 10010.9775544002, 407.939065954167));
#1488 = IFCFACE((#1489));
#1489 = IFCFACEOUTERBOUND(#1490, .T.);
#1490 = IFCPOLYLOOP((#1487, #1459, #1472));
#1491 = IFCFACE((#1492));
#1492 = IFCFACEOUTERBOUND(#1493, .T.);
#1493 = IFCPOLYLOOP((#1444, #1472, #1459));
#1494 = IFCFACE((#1495));
#1495 = IFCFACEOUTERBOUND(#1496, .T.);
#1496 = IFCPOLYLOOP((#1445, #1472, #1444));
#1497 = IFCFACE((#1498));
#1498 = IFCFACEOUTERBOUND(#1499, .T.);
#1499 = IFCPOLYLOOP((#1500, #1473, #1501));
#1500 = IFCCARTESIANPOINT((4987.27684724777, 10013.049805788, 408.002103598748));
#1501 = IFCCARTESIANPOINT((4987.27684724777, 10013.049805788, 408.08211959396));
#1502 = IFCFACE((#1503));
#1503 = IFCFACEOUTERBOUND(#1504, .T.);
#1504 = IFCPOLYLOOP((#1501, #1473, #1505));
#1505 = IFCCARTESIANPOINT((4984.96234727883, 10010.9042462121, 408.018997707593));
#1506 = IFCFACE((#1507));
#1507 = IFCFACEOUTERBOUND(#1508, .T.);
#1508 = IFCPOLYLOOP((#1480, #1505, #1473));
#1509 = IFCFACE((#1510));
#1510 = IFCFACEOUTERBOUND(#1511, .T.);
#1511 = IFCPOLYLOOP((#1487, #1505, #1480));
#1512 = IFCFACE((#1513));
#1513 = IFCFACEOUTERBOUND(#1514, .T.);
#1514 = IFCPOLYLOOP((#1505, #1487, #1515));
#1515 = IFCCARTESIANPOINT((4984.96234727883, 10010.9042462121, 407.938981709193));
#1516 = IFCFACE((#1517));
#1517 = IFCFACEOUTERBOUND(#1518, .T.);
#1518 = IFCPOLYLOOP((#1472, #1515, #1487));
#1519 = IFCFACE((#1520));
#1520 = IFCFACEOUTERBOUND(#1521, .T.);
#1521 = IFCPOLYLOOP((#1515, #1472, #1500));
#1522 = IFCFACE((#1523));
#1523 = IFCFACEOUTERBOUND(#1524, .T.);
#1524 = IFCPOLYLOOP((#1473, #1500, #1472));
#1525 = IFCFACE((#1526));
#1526 = IFCFACEOUTERBOUND(#1527, .T.);
#1527 = IFCPOLYLOOP((#1528, #1501, #1529));
#1528 = IFCCARTESIANPOINT((4987.34486129994, 10012.9764975999, 408.002019258446));
#1529 = IFCCARTESIANPOINT((4987.34486129994, 10012.9764975999, 408.082035253819));
#1530 = IFCFACE((#1531));
#1531 = IFCFACEOUTERBOUND(#1532, .T.);
#1532 = IFCPOLYLOOP((#1505, #1529, #1501));
#1533 = IFCFACE((#1534));
#1534 = IFCFACEOUTERBOUND(#1535, .T.);
#1535 = IFCPOLYLOOP((#1529, #1505, #1536));
#1536 = IFCCARTESIANPOINT((4985.030361331, 10010.830938024, 408.01891346262));
#1537 = IFCFACE((#1538));
#1538 = IFCFACEOUTERBOUND(#1539, .T.);
#1539 = IFCPOLYLOOP((#1515, #1536, #1505));
#1540 = IFCFACE((#1541));
#1541 = IFCFACEOUTERBOUND(#1542, .T.);
#1542 = IFCPOLYLOOP((#1536, #1515, #1543));
#1543 = IFCCARTESIANPOINT((4985.030361331, 10010.830938024, 407.93889746422));
#1544 = IFCFACE((#1545));
#1545 = IFCFACEOUTERBOUND(#1546, .T.);
#1546 = IFCPOLYLOOP((#1543, #1515, #1528));
#1547 = IFCFACE((#1548));
#1548 = IFCFACEOUTERBOUND(#1549, .T.);
#1549 = IFCPOLYLOOP((#1500, #1528, #1515));
#1550 = IFCFACE((#1551));
#1551 = IFCFACEOUTERBOUND(#1552, .T.);
#1552 = IFCPOLYLOOP((#1501, #1528, #1500));
#1553 = IFCFACE((#1554));
#1554 = IFCFACEOUTERBOUND(#1555, .T.);
#1555 = IFCPOLYLOOP((#1556, #1529, #1557));
#1556 = IFCCARTESIANPOINT((4987.41287535211, 10012.9031894118, 408.001934918144));
#1557 = IFCCARTESIANPOINT((4987.41287535211, 10012.9031894118, 408.081950913678));
#1558 = IFCFACE((#1559));
#1559 = IFCFACEOUTERBOUND(#1560, .T.);
#1560 = IFCPOLYLOOP((#1536, #1557, #1529));
#1561 = IFCFACE((#1562));
#1562 = IFCFACEOUTERBOUND(#1563, .T.);
#1563 = IFCPOLYLOOP((#1557, #1536, #1564));
#1564 = IFCCARTESIANPOINT((4985.09837538317, 10010.7576298359, 408.018829217646));
#1565 = IFCFACE((#1566));
#1566 = IFCFACEOUTERBOUND(#1567, .T.);
#1567 = IFCPOLYLOOP((#1543, #1564, #1536));
#1568 = IFCFACE((#1569));
#1569 = IFCFACEOUTERBOUND(#1570, .T.);
#1570 = IFCPOLYLOOP((#1564, #1543, #1571));
#1571 = IFCCARTESIANPOINT((4985.09837538317, 10010.7576298359, 407.938813219246));
#1572 = IFCFACE((#1573));
#1573 = IFCFACEOUTERBOUND(#1574, .T.);
#1574 = IFCPOLYLOOP((#1571, #1543, #1556));
#1575 = IFCFACE((#1576));
#1576 = IFCFACEOUTERBOUND(#1577, .T.);
#1577 = IFCPOLYLOOP((#1528, #1556, #1543));
#1578 = IFCFACE((#1579));
#1579 = IFCFACEOUTERBOUND(#1580, .T.);
#1580 = IFCPOLYLOOP((#1529, #1556, #1528));
#1581 = IFCFACE((#1582));
#1582 = IFCFACEOUTERBOUND(#1583, .T.);
#1583 = IFCPOLYLOOP((#1584, #1557, #1585));
#1584 = IFCCARTESIANPOINT((4987.48088940428, 10012.8298812237, 408.001850577843));
#1585 = IFCCARTESIANPOINT((4987.48088940428, 10012.8298812237, 408.081866573537));
#1586 = IFCFACE((#1587));
#1587 = IFCFACEOUTERBOUND(#1588, .T.);
#1588 = IFCPOLYLOOP((#1585, #1557, #1589));
#1589 = IFCCARTESIANPOINT((4985.16638943534, 10010.6843216478, 408.018744972673));
#1590 = IFCFACE((#1591));
#1591 = IFCFACEOUTERBOUND(#1592, .T.);
#1592 = IFCPOLYLOOP((#1564, #1589, #1557));
#1593 = IFCFACE((#1594));
#1594 = IFCFACEOUTERBOUND(#1595, .T.);
#1595 = IFCPOLYLOOP((#1571, #1589, #1564));
#1596 = IFCFACE((#1597));
#1597 = IFCFACEOUTERBOUND(#1598, .T.);
#1598 = IFCPOLYLOOP((#1589, #1571, #1599));
#1599 = IFCCARTESIANPOINT((4985.16638943534, 10010.6843216478, 407.938728974273));
#1600 = IFCFACE((#1601));
#1601 = IFCFACEOUTERBOUND(#1602, .T.);
#1602 = IFCPOLYLOOP((#1556, #1599, #1571));
#1603 = IFCFACE((#1604));
#1604 = IFCFACEOUTERBOUND(#1605, .T.);
#1605 = IFCPOLYLOOP((#1599, #1556, #1584));
#1606 = IFCFACE((#1607));
#1607 = IFCFACEOUTERBOUND(#1608, .T.);
#1608 = IFCPOLYLOOP((#1557, #1584, #1556));
#1609 = IFCFACE((#1610));
#1610 = IFCFACEOUTERBOUND(#1611, .T.);
#1611 = IFCPOLYLOOP((#1612, #1585, #1613));
#1612 = IFCCARTESIANPOINT((4987.54890345645, 10012.7565730356, 408.001766237541));
#1613 = IFCCARTESIANPOINT((4987.54890345645, 10012.7565730356, 408.081782233396));
#1614 = IFCFACE((#1615));
#1615 = IFCFACEOUTERBOUND(#1616, .T.);
#1616 = IFCPOLYLOOP((#1613, #1585, #1617));
#1617 = IFCCARTESIANPOINT((4985.23440348751, 10010.6110134597, 408.018660727697));
#1618 = IFCFACE((#1619));
#1619 = IFCFACEOUTERBOUND(#1620, .T.);
#1620 = IFCPOLYLOOP((#1589, #1617, #1585));
#1621 = IFCFACE((#1622));
#1622 = IFCFACEOUTERBOUND(#1623, .T.);
#1623 = IFCPOLYLOOP((#1599, #1617, #1589));
#1624 = IFCFACE((#1625));
#1625 = IFCFACEOUTERBOUND(#1626, .T.);
#1626 = IFCPOLYLOOP((#1617, #1599, #1627));
#1627 = IFCCARTESIANPOINT((4985.23440348751, 10010.6110134597, 407.938644729299));
#1628 = IFCFACE((#1629));
#1629 = IFCFACEOUTERBOUND(#1630, .T.);
#1630 = IFCPOLYLOOP((#1584, #1627, #1599));
#1631 = IFCFACE((#1632));
#1632 = IFCFACEOUTERBOUND(#1633, .T.);
#1633 = IFCPOLYLOOP((#1627, #1584, #1612));
#1634 = IFCFACE((#1635));
#1635 = IFCFACEOUTERBOUND(#1636, .T.);
#1636 = IFCPOLYLOOP((#1585, #1612, #1584));
#1637 = IFCFACE((#1638));
#1638 = IFCFACEOUTERBOUND(#1639, .T.);
#1639 = IFCPOLYLOOP((#1640, #1613, #1641));
#1640 = IFCCARTESIANPOINT((4987.61691750863, 10012.6832648476, 408.001681897239));
#1641 = IFCCARTESIANPOINT((4987.61691750863, 10012.6832648476, 408.081697893256));
#1642 = IFCFACE((#1643));
#1643 = IFCFACEOUTERBOUND(#1644, .T.);
#1644 = IFCPOLYLOOP((#1641, #1613, #1645));
#1645 = IFCCARTESIANPOINT((4985.30241753969, 10010.5377052716, 408.018576482726));
#1646 = IFCFACE((#1647));
#1647 = IFCFACEOUTERBOUND(#1648, .T.);
#1648 = IFCPOLYLOOP((#1617, #1645, #1613));
#1649 = IFCFACE((#1650));
#1650 = IFCFACEOUTERBOUND(#1651, .T.);
#1651 = IFCPOLYLOOP((#1627, #1645, #1617));
#1652 = IFCFACE((#1653));
#1653 = IFCFACEOUTERBOUND(#1654, .T.);
#1654 = IFCPOLYLOOP((#1645, #1627, #1655));
#1655 = IFCCARTESIANPOINT((4985.30241753969, 10010.5377052716, 407.938560484325));
#1656 = IFCFACE((#1657));
#1657 = IFCFACEOUTERBOUND(#1658, .T.);
#1658 = IFCPOLYLOOP((#1655, #1627, #1640));
#1659 = IFCFACE((#1660));
#1660 = IFCFACEOUTERBOUND(#1661, .T.);
#1661 = IFCPOLYLOOP((#1612, #1640, #1627));
#1662 = IFCFACE((#1663));
#1663 = IFCFACEOUTERBOUND(#1664, .T.);
#1664 = IFCPOLYLOOP((#1613, #1640, #1612));
#1665 = IFCFACE((#1666));
#1666 = IFCFACEOUTERBOUND(#1667, .T.);
#1667 = IFCPOLYLOOP((#1668, #1641, #1669));
#1668 = IFCCARTESIANPOINT((4987.6849315608, 10012.6099566595, 408.001597556938));
#1669 = IFCCARTESIANPOINT((4987.6849315608, 10012.6099566595, 408.081613553115));
#1670 = IFCFACE((#1671));
#1671 = IFCFACEOUTERBOUND(#1672, .T.);
#1672 = IFCPOLYLOOP((#1669, #1641, #1673));
#1673 = IFCCARTESIANPOINT((4985.37043159186, 10010.4643970836, 408.018492237752));
#1674 = IFCFACE((#1675));
#1675 = IFCFACEOUTERBOUND(#1676, .T.);
#1676 = IFCPOLYLOOP((#1645, #1673, #1641));
#1677 = IFCFACE((#1678));
#1678 = IFCFACEOUTERBOUND(#1679, .T.);
#1679 = IFCPOLYLOOP((#1655, #1673, #1645));
#1680 = IFCFACE((#1681));
#1681 = IFCFACEOUTERBOUND(#1682, .T.);
#1682 = IFCPOLYLOOP((#1673, #1655, #1683));
#1683 = IFCCARTESIANPOINT((4985.37043159186, 10010.4643970836, 407.938476239352));
#1684 = IFCFACE((#1685));
#1685 = IFCFACEOUTERBOUND(#1686, .T.);
#1686 = IFCPOLYLOOP((#1640, #1683, #1655));
#1687 = IFCFACE((#1688));
#1688 = IFCFACEOUTERBOUND(#1689, .T.);
#1689 = IFCPOLYLOOP((#1683, #1640, #1668));
#1690 = IFCFACE((#1691));
#1691 = IFCFACEOUTERBOUND(#1692, .T.);
#1692 = IFCPOLYLOOP((#1641, #1668, #1640));
#1693 = IFCFACE((#1694));
#1694 = IFCFACEOUTERBOUND(#1695, .T.);
#1695 = IFCPOLYLOOP((#1696, #1669, #1697));
#1696 = IFCCARTESIANPOINT((4987.75294561297, 10012.5366484714, 408.001513216636));
#1697 = IFCCARTESIANPOINT((4987.75294561297, 10012.5366484714, 408.081529212974));
#1698 = IFCFACE((#1699));
#1699 = IFCFACEOUTERBOUND(#1700, .T.);
#1700 = IFCPOLYLOOP((#1673, #1697, #1669));
#1701 = IFCFACE((#1702));
#1702 = IFCFACEOUTERBOUND(#1703, .T.);
#1703 = IFCPOLYLOOP((#1697, #1673, #1704));
#1704 = IFCCARTESIANPOINT((4985.43844564403, 10010.3910888955, 408.018407992777));
#1705 = IFCFACE((#1706));
#1706 = IFCFACEOUTERBOUND(#1707, .T.);
#1707 = IFCPOLYLOOP((#1683, #1704, #1673));
#1708 = IFCFACE((#1709));
#1709 = IFCFACEOUTERBOUND(#1710, .T.);
#1710 = IFCPOLYLOOP((#1704, #1683, #1711));
#1711 = IFCCARTESIANPOINT((4985.43844564403, 10010.3910888955, 407.938391994378));
#1712 = IFCFACE((#1713));
#1713 = IFCFACEOUTERBOUND(#1714, .T.);
#1714 = IFCPOLYLOOP((#1711, #1683, #1696));
#1715 = IFCFACE((#1716));
#1716 = IFCFACEOUTERBOUND(#1717, .T.);
#1717 = IFCPOLYLOOP((#1668, #1696, #1683));
#1718 = IFCFACE((#1719));
#1719 = IFCFACEOUTERBOUND(#1720, .T.);
#1720 = IFCPOLYLOOP((#1669, #1696, #1668));
#1721 = IFCFACE((#1722));
#1722 = IFCFACEOUTERBOUND(#1723, .T.);
#1723 = IFCPOLYLOOP((#1724, #1697, #1725));
#1724 = IFCCARTESIANPOINT((4987.82095966514, 10012.4633402833, 408.001428876335));
#1725 = IFCCARTESIANPOINT((4987.82095966514, 10012.4633402833, 408.081444872833));
#1726 = IFCFACE((#1727));
#1727 = IFCFACEOUTERBOUND(#1728, .T.);
#1728 = IFCPOLYLOOP((#1725, #1697, #1729));
#1729 = IFCCARTESIANPOINT((4985.5064596962, 10010.3177807074, 408.018323747803));
#1730 = IFCFACE((#1731));
#1731 = IFCFACEOUTERBOUND(#1732, .T.);
#1732 = IFCPOLYLOOP((#1704, #1729, #1697));
#1733 = IFCFACE((#1734));
#1734 = IFCFACEOUTERBOUND(#1735, .T.);
#1735 = IFCPOLYLOOP((#1711, #1729, #1704));
#1736 = IFCFACE((#1737));
#1737 = IFCFACEOUTERBOUND(#1738, .T.);
#1738 = IFCPOLYLOOP((#1729, #1711, #1739));
#1739 = IFCCARTESIANPOINT((4985.5064596962, 10010.3177807074, 407.938307749405));
#1740 = IFCFACE((#1741));
#1741 = IFCFACEOUTERBOUND(#1742, .T.);
#1742 = IFCPOLYLOOP((#1696, #1739, #1711));
#1743 = IFCFACE((#1744));
#1744 = IFCFACEOUTERBOUND(#1745, .T.);
#1745 = IFCPOLYLOOP((#1739, #1696, #1724));
#1746 = IFCFACE((#1747));
#1747 = IFCFACEOUTERBOUND(#1748, .T.);
#1748 = IFCPOLYLOOP((#1697, #1724, #1696));
#1749 = IFCFACE((#1750));
#1750 = IFCFACEOUTERBOUND(#1751, .T.);
#1751 = IFCPOLYLOOP((#1752, #1725, #1753));
#1752 = IFCCARTESIANPOINT((4987.88897371732, 10012.3900320952, 408.001344536033));
#1753 = IFCCARTESIANPOINT((4987.88897371732, 10012.3900320952, 408.081360532693));
#1754 = IFCFACE((#1755));
#1755 = IFCFACEOUTERBOUND(#1756, .T.);
#1756 = IFCPOLYLOOP((#1729, #1753, #1725));
#1757 = IFCFACE((#1758));
#1758 = IFCFACEOUTERBOUND(#1759, .T.);
#1759 = IFCPOLYLOOP((#1753, #1729, #1760));
#1760 = IFCCARTESIANPOINT((4985.57447374838, 10010.2444725193, 408.018239502831));
#1761 = IFCFACE((#1762));
#1762 = IFCFACEOUTERBOUND(#1763, .T.);
#1763 = IFCPOLYLOOP((#1739, #1760, #1729));
#1764 = IFCFACE((#1765));
#1765 = IFCFACEOUTERBOUND(#1766, .T.);
#1766 = IFCPOLYLOOP((#1760, #1739, #1767));
#1767 = IFCCARTESIANPOINT((4985.57447374838, 10010.2444725193, 407.938223504431));
#1768 = IFCFACE((#1769));
#1769 = IFCFACEOUTERBOUND(#1770, .T.);
#1770 = IFCPOLYLOOP((#1767, #1739, #1752));
#1771 = IFCFACE((#1772));
#1772 = IFCFACEOUTERBOUND(#1773, .T.);
#1773 = IFCPOLYLOOP((#1724, #1752, #1739));
#1774 = IFCFACE((#1775));
#1775 = IFCFACEOUTERBOUND(#1776, .T.);
#1776 = IFCPOLYLOOP((#1725, #1752, #1724));
#1777 = IFCFACE((#1778));
#1778 = IFCFACEOUTERBOUND(#1779, .T.);
#1779 = IFCPOLYLOOP((#1780, #1753, #1781));
#1780 = IFCCARTESIANPOINT((4987.95698776949, 10012.3167239071, 408.001260195731));
#1781 = IFCCARTESIANPOINT((4987.95698776949, 10012.3167239071, 408.081276192552));
#1782 = IFCFACE((#1783));
#1783 = IFCFACEOUTERBOUND(#1784, .T.);
#1784 = IFCPOLYLOOP((#1760, #1781, #1753));
#1785 = IFCFACE((#1786));
#1786 = IFCFACEOUTERBOUND(#1787, .T.);
#1787 = IFCPOLYLOOP((#1781, #1760, #1788));
#1788 = IFCCARTESIANPOINT((4985.64248780055, 10010.1711643312, 408.01815525786));
#1789 = IFCFACE((#1790));
#1790 = IFCFACEOUTERBOUND(#1791, .T.);
#1791 = IFCPOLYLOOP((#1767, #1788, #1760));
#1792 = IFCFACE((#1793));
#1793 = IFCFACEOUTERBOUND(#1794, .T.);
#1794 = IFCPOLYLOOP((#1788, #1767, #1795));
#1795 = IFCCARTESIANPOINT((4985.64248780055, 10010.1711643312, 407.938139259457));
#1796 = IFCFACE((#1797));
#1797 = IFCFACEOUTERBOUND(#1798, .T.);
#1798 = IFCPOLYLOOP((#1795, #1767, #1780));
#1799 = IFCFACE((#1800));
#1800 = IFCFACEOUTERBOUND(#1801, .T.);
#1801 = IFCPOLYLOOP((#1752, #1780, #1767));
#1802 = IFCFACE((#1803));
#1803 = IFCFACEOUTERBOUND(#1804, .T.);
#1804 = IFCPOLYLOOP((#1753, #1780, #1752));
#1805 = IFCFACE((#1806));
#1806 = IFCFACEOUTERBOUND(#1807, .T.);
#1807 = IFCPOLYLOOP((#1808, #1781, #1809));
#1808 = IFCCARTESIANPOINT((4988.02500182166, 10012.243415719, 408.00117585543));
#1809 = IFCCARTESIANPOINT((4988.02500182166, 10012.243415719, 408.081191852412));
#1810 = IFCFACE((#1811));
#1811 = IFCFACEOUTERBOUND(#1812, .T.);
#1812 = IFCPOLYLOOP((#1788, #1809, #1781));
#1813 = IFCFACE((#1814));
#1814 = IFCFACEOUTERBOUND(#1815, .T.);
#1815 = IFCPOLYLOOP((#1809, #1788, #1816));
#1816 = IFCCARTESIANPOINT((4985.71050185272, 10010.0978561431, 408.018071012886));
#1817 = IFCFACE((#1818));
#1818 = IFCFACEOUTERBOUND(#1819, .T.);
#1819 = IFCPOLYLOOP((#1795, #1816, #1788));
#1820 = IFCFACE((#1821));
#1821 = IFCFACEOUTERBOUND(#1822, .T.);
#1822 = IFCPOLYLOOP((#1816, #1795, #1823));
#1823 = IFCCARTESIANPOINT((4985.71050185272, 10010.0978561431, 407.938055014484));
#1824 = IFCFACE((#1825));
#1825 = IFCFACEOUTERBOUND(#1826, .T.);
#1826 = IFCPOLYLOOP((#1823, #1795, #1808));
#1827 = IFCFACE((#1828));
#1828 = IFCFACEOUTERBOUND(#1829, .T.);
#1829 = IFCPOLYLOOP((#1780, #1808, #1795));
#1830 = IFCFACE((#1831));
#1831 = IFCFACEOUTERBOUND(#1832, .T.);
#1832 = IFCPOLYLOOP((#1781, #1808, #1780));
#1833 = IFCFACE((#1834));
#1834 = IFCFACEOUTERBOUND(#1835, .T.);
#1835 = IFCPOLYLOOP((#1836, #1809, #1837));
#1836 = IFCCARTESIANPOINT((4988.09301587384, 10012.1701075309, 408.001091515128));
#1837 = IFCCARTESIANPOINT((4988.09301587384, 10012.1701075309, 408.08110751227));
#1838 = IFCFACE((#1839));
#1839 = IFCFACEOUTERBOUND(#1840, .T.);
#1840 = IFCPOLYLOOP((#1837, #1809, #1841));
#1841 = IFCCARTESIANPOINT((4985.77851590489, 10010.024547955, 408.017986767911));
#1842 = IFCFACE((#1843));
#1843 = IFCFACEOUTERBOUND(#1844, .T.);
#1844 = IFCPOLYLOOP((#1816, #1841, #1809));
#1845 = IFCFACE((#1846));
#1846 = IFCFACEOUTERBOUND(#1847, .T.);
#1847 = IFCPOLYLOOP((#1823, #1841, #1816));
#1848 = IFCFACE((#1849));
#1849 = IFCFACEOUTERBOUND(#1850, .T.);
#1850 = IFCPOLYLOOP((#1841, #1823, #1851));
#1851 = IFCCARTESIANPOINT((4985.77851590489, 10010.024547955, 407.93797076951));
#1852 = IFCFACE((#1853));
#1853 = IFCFACEOUTERBOUND(#1854, .T.);
#1854 = IFCPOLYLOOP((#1808, #1851, #1823));
#1855 = IFCFACE((#1856));
#1856 = IFCFACEOUTERBOUND(#1857, .T.);
#1857 = IFCPOLYLOOP((#1851, #1808, #1836));
#1858 = IFCFACE((#1859));
#1859 = IFCFACEOUTERBOUND(#1860, .T.);
#1860 = IFCPOLYLOOP((#1809, #1836, #1808));
#1861 = IFCFACE((#1862));
#1862 = IFCFACEOUTERBOUND(#1863, .T.);
#1863 = IFCPOLYLOOP((#1864, #1837, #1865));
#1864 = IFCCARTESIANPOINT((4988.16102992601, 10012.0967993428, 408.001007174826));
#1865 = IFCCARTESIANPOINT((4988.16102992601, 10012.0967993428, 408.08102317213));
#1866 = IFCFACE((#1867));
#1867 = IFCFACEOUTERBOUND(#1868, .T.);
#1868 = IFCPOLYLOOP((#1865, #1837, #1869));
#1869 = IFCCARTESIANPOINT((4985.84652995707, 10009.9512397669, 408.017902522937));
#1870 = IFCFACE((#1871));
#1871 = IFCFACEOUTERBOUND(#1872, .T.);
#1872 = IFCPOLYLOOP((#1841, #1869, #1837));
#1873 = IFCFACE((#1874));
#1874 = IFCFACEOUTERBOUND(#1875, .T.);
#1875 = IFCPOLYLOOP((#1851, #1869, #1841));
#1876 = IFCFACE((#1877));
#1877 = IFCFACEOUTERBOUND(#1878, .T.);
#1878 = IFCPOLYLOOP((#1869, #1851, #1879));
#1879 = IFCCARTESIANPOINT((4985.84652995707, 10009.9512397669, 407.937886524537));
#1880 = IFCFACE((#1881));
#1881 = IFCFACEOUTERBOUND(#1882, .T.);
#1882 = IFCPOLYLOOP((#1879, #1851, #1864));
#1883 = IFCFACE((#1884));
#1884 = IFCFACEOUTERBOUND(#1885, .T.);
#1885 = IFCPOLYLOOP((#1836, #1864, #1851));
#1886 = IFCFACE((#1887));
#1887 = IFCFACEOUTERBOUND(#1888, .T.);
#1888 = IFCPOLYLOOP((#1837, #1864, #1836));
#1889 = IFCFACE((#1890));
#1890 = IFCFACEOUTERBOUND(#1891, .T.);
#1891 = IFCPOLYLOOP((#1892, #1865, #1893));
#1892 = IFCCARTESIANPOINT((4988.22904397818, 10012.0234911547, 408.000922834525));
#1893 = IFCCARTESIANPOINT((4988.22904397818, 10012.0234911547, 408.080938831989));
#1894 = IFCFACE((#1895));
#1895 = IFCFACEOUTERBOUND(#1896, .T.);
#1896 = IFCPOLYLOOP((#1893, #1865, #1897));
#1897 = IFCCARTESIANPOINT((4985.91454400924, 10009.8779315788, 408.017818277964));
#1898 = IFCFACE((#1899));
#1899 = IFCFACEOUTERBOUND(#1900, .T.);
#1900 = IFCPOLYLOOP((#1869, #1897, #1865));
#1901 = IFCFACE((#1902));
#1902 = IFCFACEOUTERBOUND(#1903, .T.);
#1903 = IFCPOLYLOOP((#1879, #1897, #1869));
#1904 = IFCFACE((#1905));
#1905 = IFCFACEOUTERBOUND(#1906, .T.);
#1906 = IFCPOLYLOOP((#1897, #1879, #1907));
#1907 = IFCCARTESIANPOINT((4985.91454400924, 10009.8779315788, 407.937802279563));
#1908 = IFCFACE((#1909));
#1909 = IFCFACEOUTERBOUND(#1910, .T.);
#1910 = IFCPOLYLOOP((#1864, #1907, #1879));
#1911 = IFCFACE((#1912));
#1912 = IFCFACEOUTERBOUND(#1913, .T.);
#1913 = IFCPOLYLOOP((#1907, #1864, #1892));
#1914 = IFCFACE((#1915));
#1915 = IFCFACEOUTERBOUND(#1916, .T.);
#1916 = IFCPOLYLOOP((#1865, #1892, #1864));
#1917 = IFCFACE((#1918));
#1918 = IFCFACEOUTERBOUND(#1919, .T.);
#1919 = IFCPOLYLOOP((#1920, #1893, #1921));
#1920 = IFCCARTESIANPOINT((4988.28447406687, 10011.9637464526, 408.000854097179));
#1921 = IFCCARTESIANPOINT((4988.28447406687, 10011.9637464526, 408.080870094774));
#1922 = IFCFACE((#1923));
#1923 = IFCFACEOUTERBOUND(#1924, .T.);
#1924 = IFCPOLYLOOP((#1897, #1921, #1893));
#1925 = IFCFACE((#1926));
#1926 = IFCFACEOUTERBOUND(#1927, .T.);
#1927 = IFCPOLYLOOP((#1921, #1897, #1928));
#1928 = IFCCARTESIANPOINT((4985.96997409793, 10009.8181868767, 408.01774961831));
#1929 = IFCFACE((#1930));
#1930 = IFCFACEOUTERBOUND(#1931, .T.);
#1931 = IFCPOLYLOOP((#1907, #1928, #1897));
#1932 = IFCFACE((#1933));
#1933 = IFCFACEOUTERBOUND(#1934, .T.);
#1934 = IFCPOLYLOOP((#1928, #1907, #1935));
#1935 = IFCCARTESIANPOINT((4985.96997409793, 10009.8181868767, 407.937733619909));
#1936 = IFCFACE((#1937));
#1937 = IFCFACEOUTERBOUND(#1938, .T.);
#1938 = IFCPOLYLOOP((#1935, #1907, #1920));
#1939 = IFCFACE((#1940));
#1940 = IFCFACEOUTERBOUND(#1941, .T.);
#1941 = IFCPOLYLOOP((#1892, #1920, #1907));
#1942 = IFCFACE((#1943));
#1943 = IFCFACEOUTERBOUND(#1944, .T.);
#1944 = IFCPOLYLOOP((#1893, #1920, #1892));
#1945 = IFCFACE((#1946));
#1946 = IFCFACEOUTERBOUND(#1947, .T.);
#1947 = IFCPOLYLOOP((#1948, #1921, #1949));
#1948 = IFCCARTESIANPOINT((4988.29705803035, 10011.9501829666, 408.000838428759));
#1949 = IFCCARTESIANPOINT((4988.29705803035, 10011.9501829666, 408.080854426688));
#1950 = IFCFACE((#1951));
#1951 = IFCFACEOUTERBOUND(#1952, .T.);
#1952 = IFCPOLYLOOP((#1949, #1921, #1953));
#1953 = IFCCARTESIANPOINT((4986.9733341888, 10010.7230806109, 408.04475403299));
#1954 = IFCFACE((#1955));
#1955 = IFCFACEOUTERBOUND(#1956, .T.);
#1956 = IFCPOLYLOOP((#1928, #1953, #1921));
#1957 = IFCFACE((#1958));
#1958 = IFCFACEOUTERBOUND(#1959, .T.);
#1959 = IFCPOLYLOOP((#1935, #1953, #1928));
#1960 = IFCFACE((#1961));
#1961 = IFCFACEOUTERBOUND(#1962, .T.);
#1962 = IFCPOLYLOOP((#1953, #1935, #1963));
#1963 = IFCCARTESIANPOINT((4986.9733341888, 10010.7230806109, 407.964738034589));
#1964 = IFCFACE((#1965));
#1965 = IFCFACEOUTERBOUND(#1966, .T.);
#1966 = IFCPOLYLOOP((#1963, #1935, #1948));
#1967 = IFCFACE((#1968));
#1968 = IFCFACEOUTERBOUND(#1969, .T.);
#1969 = IFCPOLYLOOP((#1920, #1948, #1935));
#1970 = IFCFACE((#1971));
#1971 = IFCFACEOUTERBOUND(#1972, .T.);
#1972 = IFCPOLYLOOP((#1921, #1948, #1920));
#1973 = IFCFACE((#1974));
#1974 = IFCFACEOUTERBOUND(#1975, .T.);
#1975 = IFCPOLYLOOP((#1976, #1949, #1977));
#1976 = IFCCARTESIANPOINT((4988.36507208253, 10011.8768747785, 408.000754102034));
#1977 = IFCCARTESIANPOINT((4988.36507208253, 10011.8768747785, 408.080770100061));
#1978 = IFCFACE((#1979));
#1979 = IFCFACEOUTERBOUND(#1980, .T.);
#1980 = IFCPOLYLOOP((#1977, #1949, #1981));
#1981 = IFCCARTESIANPOINT((4987.04134824097, 10010.6497724228, 408.044669788016));
#1982 = IFCFACE((#1983));
#1983 = IFCFACEOUTERBOUND(#1984, .T.);
#1984 = IFCPOLYLOOP((#1953, #1981, #1949));
#1985 = IFCFACE((#1986));
#1986 = IFCFACEOUTERBOUND(#1987, .T.);
#1987 = IFCPOLYLOOP((#1963, #1981, #1953));
#1988 = IFCFACE((#1989));
#1989 = IFCFACEOUTERBOUND(#1990, .T.);
#1990 = IFCPOLYLOOP((#1981, #1963, #1991));
#1991 = IFCCARTESIANPOINT((4987.04134824097, 10010.6497724228, 407.964653789616));
#1992 = IFCFACE((#1993));
#1993 = IFCFACEOUTERBOUND(#1994, .T.);
#1994 = IFCPOLYLOOP((#1948, #1991, #1963));
#1995 = IFCFACE((#1996));
#1996 = IFCFACEOUTERBOUND(#1997, .T.);
#1997 = IFCPOLYLOOP((#1991, #1948, #1976));
#1998 = IFCFACE((#1999));
#1999 = IFCFACEOUTERBOUND(#2000, .T.);
#2000 = IFCPOLYLOOP((#1949, #1976, #1948));
#2001 = IFCFACE((#2002));
#2002 = IFCFACEOUTERBOUND(#2003, .T.);
#2003 = IFCPOLYLOOP((#2004, #1977, #2005));
#2004 = IFCCARTESIANPOINT((4988.4330861347, 10011.8035665904, 408.00066977531));
#2005 = IFCCARTESIANPOINT((4988.4330861347, 10011.8035665904, 408.080685773435));
#2006 = IFCFACE((#2007));
#2007 = IFCFACEOUTERBOUND(#2008, .T.);
#2008 = IFCPOLYLOOP((#1981, #2005, #1977));
#2009 = IFCFACE((#2010));
#2010 = IFCFACEOUTERBOUND(#2011, .T.);
#2011 = IFCPOLYLOOP((#2005, #1981, #2012));
#2012 = IFCCARTESIANPOINT((4987.10936229315, 10010.5764642348, 408.044585543044));
#2013 = IFCFACE((#2014));
#2014 = IFCFACEOUTERBOUND(#2015, .T.);
#2015 = IFCPOLYLOOP((#1991, #2012, #1981));
#2016 = IFCFACE((#2017));
#2017 = IFCFACEOUTERBOUND(#2018, .T.);
#2018 = IFCPOLYLOOP((#2012, #1991, #2019));
#2019 = IFCCARTESIANPOINT((4987.10936229315, 10010.5764642348, 407.964569544642));
#2020 = IFCFACE((#2021));
#2021 = IFCFACEOUTERBOUND(#2022, .T.);
#2022 = IFCPOLYLOOP((#2019, #1991, #2004));
#2023 = IFCFACE((#2024));
#2024 = IFCFACEOUTERBOUND(#2025, .T.);
#2025 = IFCPOLYLOOP((#1976, #2004, #1991));
#2026 = IFCFACE((#2027));
#2027 = IFCFACEOUTERBOUND(#2028, .T.);
#2028 = IFCPOLYLOOP((#1977, #2004, #1976));
#2029 = IFCFACE((#2030));
#2030 = IFCFACEOUTERBOUND(#2031, .T.);
#2031 = IFCPOLYLOOP((#2032, #2005, #2033));
#2032 = IFCCARTESIANPOINT((4988.50110018687, 10011.7302584023, 408.000585448586));
#2033 = IFCCARTESIANPOINT((4988.50110018687, 10011.7302584023, 408.080601446808));
#2034 = IFCFACE((#2035));
#2035 = IFCFACEOUTERBOUND(#2036, .T.);
#2036 = IFCPOLYLOOP((#2033, #2005, #2037));
#2037 = IFCCARTESIANPOINT((4987.17737634532, 10010.5031560467, 408.044501298069));
#2038 = IFCFACE((#2039));
#2039 = IFCFACEOUTERBOUND(#2040, .T.);
#2040 = IFCPOLYLOOP((#2012, #2037, #2005));
#2041 = IFCFACE((#2042));
#2042 = IFCFACEOUTERBOUND(#2043, .T.);
#2043 = IFCPOLYLOOP((#2019, #2037, #2012));
#2044 = IFCFACE((#2045));
#2045 = IFCFACEOUTERBOUND(#2046, .T.);
#2046 = IFCPOLYLOOP((#2037, #2019, #2047));
#2047 = IFCCARTESIANPOINT((4987.17737634532, 10010.5031560467, 407.964485299669));
#2048 = IFCFACE((#2049));
#2049 = IFCFACEOUTERBOUND(#2050, .T.);
#2050 = IFCPOLYLOOP((#2004, #2047, #2019));
#2051 = IFCFACE((#2052));
#2052 = IFCFACEOUTERBOUND(#2053, .T.);
#2053 = IFCPOLYLOOP((#2047, #2004, #2032));
#2054 = IFCFACE((#2055));
#2055 = IFCFACEOUTERBOUND(#2056, .T.);
#2056 = IFCPOLYLOOP((#2005, #2032, #2004));
#2057 = IFCFACE((#2058));
#2058 = IFCFACEOUTERBOUND(#2059, .T.);
#2059 = IFCPOLYLOOP((#2060, #2033, #2061));
#2060 = IFCCARTESIANPOINT((4988.56911423904, 10011.6569502142, 408.000501121861));
#2061 = IFCCARTESIANPOINT((4988.56911423904, 10011.6569502142, 408.080517120181));
#2062 = IFCFACE((#2063));
#2063 = IFCFACEOUTERBOUND(#2064, .T.);
#2064 = IFCPOLYLOOP((#2061, #2033, #2065));
#2065 = IFCCARTESIANPOINT((4987.24539039749, 10010.4298478586, 408.044417053095));
#2066 = IFCFACE((#2067));
#2067 = IFCFACEOUTERBOUND(#2068, .T.);
#2068 = IFCPOLYLOOP((#2037, #2065, #2033));
#2069 = IFCFACE((#2070));
#2070 = IFCFACEOUTERBOUND(#2071, .T.);
#2071 = IFCPOLYLOOP((#2047, #2065, #2037));
#2072 = IFCFACE((#2073));
#2073 = IFCFACEOUTERBOUND(#2074, .T.);
#2074 = IFCPOLYLOOP((#2065, #2047, #2075));
#2075 = IFCCARTESIANPOINT((4987.24539039749, 10010.4298478586, 407.964401054695));
#2076 = IFCFACE((#2077));
#2077 = IFCFACEOUTERBOUND(#2078, .T.);
#2078 = IFCPOLYLOOP((#2032, #2075, #2047));
#2079 = IFCFACE((#2080));
#2080 = IFCFACEOUTERBOUND(#2081, .T.);
#2081 = IFCPOLYLOOP((#2075, #2032, #2060));
#2082 = IFCFACE((#2083));
#2083 = IFCFACEOUTERBOUND(#2084, .T.);
#2084 = IFCPOLYLOOP((#2033, #2060, #2032));
#2085 = IFCFACE((#2086));
#2086 = IFCFACEOUTERBOUND(#2087, .T.);
#2087 = IFCPOLYLOOP((#2088, #2061, #2089));
#2088 = IFCCARTESIANPOINT((4988.62465315021, 10011.5970882191, 408.000432260658));
#2089 = IFCCARTESIANPOINT((4988.62465315021, 10011.5970882191, 408.080448259058));
#2090 = IFCFACE((#2091));
#2091 = IFCFACEOUTERBOUND(#2092, .T.);
#2092 = IFCPOLYLOOP((#2065, #2089, #2061));
#2093 = IFCFACE((#2094));
#2094 = IFCFACEOUTERBOUND(#2095, .T.);
#2095 = IFCPOLYLOOP((#2089, #2065, #2096));
#2096 = IFCCARTESIANPOINT((4987.30092930866, 10010.3699858634, 408.044348258649));
#2097 = IFCFACE((#2098));
#2098 = IFCFACEOUTERBOUND(#2099, .T.);
#2099 = IFCPOLYLOOP((#2075, #2096, #2065));
#2100 = IFCFACE((#2101));
#2101 = IFCFACEOUTERBOUND(#2102, .T.);
#2102 = IFCPOLYLOOP((#2096, #2075, #2103));
#2103 = IFCCARTESIANPOINT((4987.30092930866, 10010.3699858634, 407.96433226025));
#2104 = IFCFACE((#2105));
#2105 = IFCFACEOUTERBOUND(#2106, .T.);
#2106 = IFCPOLYLOOP((#2103, #2075, #2088));
#2107 = IFCFACE((#2108));
#2108 = IFCFACEOUTERBOUND(#2109, .T.);
#2109 = IFCPOLYLOOP((#2060, #2088, #2075));
#2110 = IFCFACE((#2111));
#2111 = IFCFACEOUTERBOUND(#2112, .T.);
#2112 = IFCPOLYLOOP((#2061, #2088, #2060));
#2113 = IFCFACE((#2114));
#2114 = IFCFACEOUTERBOUND(#2115, .T.);
#2115 = IFCPOLYLOOP((#2116, #2089, #2117));
#2116 = IFCCARTESIANPOINT((4988.62474156848, 10011.5969929184, 408.080448149433));
#2117 = IFCCARTESIANPOINT((4987.30101772693, 10010.3698905627, 408.044348149131));
#2118 = IFCFACE((#2119));
#2119 = IFCFACEOUTERBOUND(#2120, .T.);
#2120 = IFCPOLYLOOP((#2096, #2117, #2089));
#2121 = IFCFACE((#2122));
#2122 = IFCFACEOUTERBOUND(#2123, .T.);
#2123 = IFCPOLYLOOP((#2103, #2117, #2096));
#2124 = IFCFACE((#2125));
#2125 = IFCFACEOUTERBOUND(#2126, .T.);
#2126 = IFCPOLYLOOP((#2117, #2103, #2127));
#2127 = IFCCARTESIANPOINT((4987.30101772693, 10010.3698905627, 407.964332150731));
#2128 = IFCFACE((#2129));
#2129 = IFCFACEOUTERBOUND(#2130, .T.);
#2130 = IFCPOLYLOOP((#2088, #2127, #2103));
#2131 = IFCFACE((#2132));
#2132 = IFCFACEOUTERBOUND(#2133, .T.);
#2133 = IFCPOLYLOOP((#2127, #2088, #2134));
#2134 = IFCCARTESIANPOINT((4988.62474156848, 10011.5969929184, 408.000432151033));
#2135 = IFCFACE((#2136));
#2136 = IFCFACEOUTERBOUND(#2137, .T.);
#2137 = IFCPOLYLOOP((#2089, #2134, #2088));
#2138 = IFCFACE((#2139));
#2139 = IFCFACEOUTERBOUND(#2140, .T.);
#2140 = IFCPOLYLOOP((#2134, #2089, #2116));
#2141 = IFCFACE((#2142));
#2142 = IFCFACEOUTERBOUND(#2143, .T.);
#2143 = IFCPOLYLOOP((#2117, #2127, #2134));
#2144 = IFCFACE((#2145));
#2145 = IFCFACEOUTERBOUND(#2146, .T.);
#2146 = IFCPOLYLOOP((#2116, #2117, #2134));
#2147 = IFCBUILDINGELEMENTPROXY('22lw5UueDBNeUzPisrgBO6', #7, 'Neubau Decke 1 Erg\X2\00E4\X0\nzung WSH Bstg. Gleis 2', $, $, #2148, #2193, $, .ELEMENT.);
#2148 = IFCLOCALPLACEMENT(#56, #2149);
#2149 = IFCAXIS2PLACEMENT3D(#6, #4, #2);
#2150 = IFCPROPERTYSET('0Yx1II1ET8vfxsAMQgak7Z', #7, 'ProVI', $, (#2151, #2152, #2153, #2154, #2155, #2156, #2157, #2158, #2160, #2162, #2163, #2165, #2167, #2169));
#2151 = IFCPROPERTYSINGLEVALUE('PVI_BEZEICHNUNG_PROJEKT', $, IFCLABEL('Kressbronn VA'), $);
#2152 = IFCPROPERTYSINGLEVALUE('PVI_NUMMER_PROJEKT', $, IFCLABEL('522'), $);
#2153 = IFCPROPERTYSINGLEVALUE('PVI_BEZEICHNUNG_DATEI', $, IFCLABEL('Trasse Bestand mit Erg\X2\00E4\X0\nzung WSH'), $);
#2154 = IFCPROPERTYSINGLEVALUE('PVI_BAUTEILGRUPPE', $, IFCLABEL('Bahnsteige'), $);
#2155 = IFCPROPERTYSINGLEVALUE('PVI_BAUTEILTYP', $, IFCLABEL('Neubau Decke 1 Erg\X2\00E4\X0\nzung WSH Bstg. Gleis 2'), $);
#2156 = IFCPROPERTYSINGLEVALUE('PVI_KM_VON', $, IFCLABEL('14,0+39,794'), $);
#2157 = IFCPROPERTYSINGLEVALUE('PVI_KM_BIS', $, IFCLABEL('14,0+46,267'), $);
#2158 = IFCPROPERTYSINGLEVALUE('PVI_STAT_VON', $, IFCREAL(14039.794), #2159);
#2159 = IFCSIUNIT(*, .LENGTHUNIT., $, .METRE.);
#2160 = IFCPROPERTYSINGLEVALUE('PVI_STAT_BIS', $, IFCREAL(14046.267), #2161);
#2161 = IFCSIUNIT(*, .LENGTHUNIT., $, .METRE.);
#2162 = IFCPROPERTYSINGLEVALUE('PVI_STATIONSBEZUG', $, IFCLABEL('Achse 4530S (Kilometrierungslinie 4530 (DR0))'), $);
#2163 = IFCPROPERTYSINGLEVALUE('PVI_SCHICHTSTAERKE', $, IFCREAL(0.), #2164);
#2164 = IFCSIUNIT(*, .LENGTHUNIT., $, .METRE.);
#2165 = IFCPROPERTYSINGLEVALUE('PVI_VOLUMEN_M3', $, IFCREAL(1.55), #2166);
#2166 = IFCSIUNIT(*, .VOLUMEUNIT., $, .CUBIC_METRE.);
#2167 = IFCPROPERTYSINGLEVALUE('PVI_FLAECHE_M2', $, IFCREAL(19.371), #2168);
#2168 = IFCSIUNIT(*, .AREAUNIT., $, .SQUARE_METRE.);
#2169 = IFCPROPERTYSINGLEVALUE('PVI_VOLUMEN_REB_M3', $, IFCREAL(1.55), #2170);
#2170 = IFCSIUNIT(*, .VOLUMEUNIT., $, .CUBIC_METRE.);
#2171 = IFCRELDEFINESBYPROPERTIES('0$g1KQQ_T5URiN6AqrhM7F', #7, $, $, (#2147), #2150);
#2172 = IFCPROPERTYSET('1xz_5TurXBWOdKO88GNsRP', #7, 'DB', $, (#2173, #2174, #2175, #2176, #2177, #2178, #2179));
#2173 = IFCPROPERTYSINGLEVALUE('Zustand', $, IFCLABEL('Neubau'), $);
#2174 = IFCPROPERTYSINGLEVALUE('Eigentuemer', $, IFCLABEL('-'), $);
#2175 = IFCPROPERTYSINGLEVALUE('Datenquelle', $, IFCLABEL('Planung'), $);
#2176 = IFCPROPERTYSINGLEVALUE('Equipment', $, IFCLABEL('80135450'), $);
#2177 = IFCPROPERTYSINGLEVALUE('DBAnlagentyp', $, IFCLABEL('WandUndBodenbelaege'), $);
#2178 = IFCPROPERTYSINGLEVALUE('Objektklasse', $, IFCLABEL('Bodenbelag'), $);
#2179 = IFCPROPERTYSINGLEVALUE('Objekt', $, IFCLABEL('Pflasterdecke'), $);
#2180 = IFCRELDEFINESBYPROPERTIES('10RTLqTKvEFBo_Dy6v5cYZ', #7, $, $, (#2147), #2172);
#2181 = IFCPROPERTYSET('2lKdP3Zvf2Cv3f0MAT3_dd', #7, 'Stammdaten Verkehrsanlage', $, (#2182, #2183, #2184, #2185, #2186));
#2182 = IFCPROPERTYSINGLEVALUE('Bf_Nr', $, IFCINTEGER(0), $);
#2183 = IFCPROPERTYSINGLEVALUE('BhfK', $, IFCLABEL('-'), $);
#2184 = IFCPROPERTYSINGLEVALUE('Durchfahrtsgeschwindigkeit', $, IFCLABEL('-'), $);
#2185 = IFCPROPERTYSINGLEVALUE('Lagesystem', $, IFCLABEL('-'), $);
#2186 = IFCPROPERTYSINGLEVALUE('Hoehensystem', $, IFCLABEL('-'), $);
#2187 = IFCRELDEFINESBYPROPERTIES('0ui48t5$fCCRyu2bR3u52S', #7, $, $, (#2147), #2181);
#2188 = IFCPROPERTYSET('1MXlRfJj1CqfYCWVhUHTxi', #7, 'VST', $, (#2189, #2190, #2191));
#2189 = IFCPROPERTYSINGLEVALUE('VST_Baugruppe', $, IFCLABEL('Bstg Gl. 2'), $);
#2190 = IFCPROPERTYSINGLEVALUE('Phase erstellt', $, IFCLABEL('-'), $);
#2191 = IFCPROPERTYSINGLEVALUE('Phase abgebrochen', $, IFCLABEL('-'), $);
#2192 = IFCRELDEFINESBYPROPERTIES('0_XuzDkL1FCwl51vtGFIEc', #7, $, $, (#2147), #2188);
#2193 = IFCPRODUCTDEFINITIONSHAPE($, $, (#2194));
#2194 = IFCSHAPEREPRESENTATION(#26, 'Body', 'SolidModel', (#2195));
#2195 = IFCFACETEDBREP(#2201);
#2196 = IFCSTYLEDITEM(#2195, (#2197), $);
#2197 = IFCPRESENTATIONSTYLEASSIGNMENT((#2198));
#2198 = IFCSURFACESTYLE($, .POSITIVE., (#2199));
#2199 = IFCSURFACESTYLERENDERING(#2200, $, $, $, $, $, $, $, .FLAT.);
#2200 = IFCCOLOURRGB($, 2.19607843137255E-1, 2.43137254901961E-1, 2.58823529411765E-1);
#2201 = IFCCLOSEDSHELL((#2202, #2208, #2212, #2216, #2220, #2224, #2228, #2231, #2234, #2237, #2240, #2245, #2249, #2252, #2255, #2259, #2262, #2265, #2268, #2273, #2276, #2280, #2283, #2287, #2290, #2293, #2296, #2301, #2305, #2308, #2311, #2315, #2318, #2321, #2324, #2329, #2333, #2336, #2339, #2343, #2346, #2349, #2352, #2357, #2361, #2364, #2367, #2371, #2374, #2377, #2380, #2385, #2388, #2392, #2396, #2399, #2402, #2405, #2408, #2413, #2417, #2420, #2423, #2427, #2430, #2433, #2436, #2441, #2445, #2448, #2451, #2455, #2458, #2461, #2464, #2469, #2473, #2476, #2479, #2483, #2486, #2489, #2492, #2497, #2501, #2504, #2507, #2511, #2514, #2517, #2520, #2525, #2529, #2532, #2535, #2539, #2542, #2545, #2548, #2553, #2557, #2560, #2563, #2567, #2570, #2573, #2576, #2581, #2585, #2588, #2591, #2595, #2598, #2601, #2604, #2609, #2613, #2616, #2619, #2623, #2626, #2629, #2632, #2637, #2641, #2644, #2647, #2651, #2654, #2657, #2660, #2665, #2669, #2672, #2675, #2679, #2682, #2685, #2688, #2693, #2697, #2700, #2703, #2707, #2710, #2713, #2716, #2721, #2725, #2728, #2731, #2735, #2738, #2741, #2744, #2749, #2753, #2756, #2759, #2763, #2766, #2769, #2772, #2777, #2781, #2784, #2787, #2791, #2794, #2797, #2800, #2805, #2809, #2812, #2815, #2819, #2822, #2825, #2828, #2833, #2837, #2840, #2843, #2847, #2850, #2853, #2856, #2861, #2865, #2868, #2871, #2875, #2878, #2881, #2884, #2889, #2893, #2896, #2899, #2903, #2906, #2909, #2912, #2917, #2921, #2924, #2927, #2931, #2934, #2937, #2940, #2945, #2949, #2952, #2955, #2959, #2962, #2965, #2968, #2973, #2977, #2980, #2983, #2987, #2990, #2993, #2996, #3001, #3005, #3008, #3011, #3015, #3018, #3021, #3024, #3029, #3033, #3036, #3039, #3043, #3046, #3049, #3052, #3057, #3061, #3064, #3067, #3071, #3074, #3077, #3080, #3085, #3089, #3092, #3095, #3099, #3102, #3105, #3108, #3113, #3117, #3120, #3123, #3127, #3130, #3133, #3136, #3141, #3145, #3148, #3151, #3155, #3158, #3161, #3164, #3169, #3173, #3176, #3179, #3183, #3186, #3189, #3192, #3197, #3201, #3204, #3207, #3211, #3214, #3217, #3220, #3225, #3229, #3232, #3235, #3239, #3242, #3245, #3248, #3253, #3257, #3260, #3263, #3267, #3270, #3273, #3276, #3281, #3285, #3288, #3291, #3295, #3298, #3301, #3304, #3309, #3313, #3316, #3319, #3323, #3326, #3329, #3332, #3337, #3341, #3344, #3347, #3351, #3354, #3357, #3360, #3365, #3369, #3372, #3375, #3379, #3382, #3385, #3388, #3393, #3397, #3400, #3403, #3407, #3410, #3413, #3416, #3421, #3425, #3428, #3431, #3435, #3438, #3441, #3444, #3449, #3453, #3456, #3459, #3463, #3466, #3469, #3472, #3477, #3481, #3484, #3487, #3491, #3494, #3497, #3500, #3505, #3509, #3512, #3515, #3519, #3522, #3525, #3528, #3533, #3537, #3540, #3543, #3547, #3550, #3553, #3556, #3561, #3565, #3568, #3571, #3575, #3578, #3581, #3584, #3589, #3593, #3596, #3599, #3603, #3606, #3609, #3612, #3617, #3621, #3624, #3627, #3631, #3634, #3637, #3640, #3645, #3649, #3652, #3655, #3659, #3662, #3665, #3668, #3673, #3677, #3680, #3683, #3687, #3690, #3693, #3696, #3701, #3705, #3708, #3711, #3715, #3718, #3721, #3724, #3729, #3733, #3736, #3739, #3743, #3746, #3749, #3752, #3757, #3761, #3764, #3767, #3771, #3774, #3777, #3780, #3785, #3789, #3792, #3795, #3799, #3802, #3805, #3808, #3813, #3817, #3820, #3823, #3827, #3830, #3833, #3836, #3841, #3845, #3848, #3851, #3855, #3858, #3861, #3864, #3869, #3873, #3876, #3879, #3883, #3886, #3889, #3892, #3897, #3901, #3904, #3907, #3911, #3914, #3917, #3920, #3925, #3929, #3932, #3935, #3939, #3942, #3945, #3948, #3953, #3957, #3960, #3963, #3967, #3970, #3973, #3976, #3981, #3985, #3988, #3991, #3995, #3998, #4001, #4004, #4009, #4013, #4016, #4019, #4023, #4026, #4029, #4032, #4037, #4041, #4044, #4047, #4051, #4054, #4057, #4060, #4065, #4069, #4072, #4075, #4079, #4082, #4085, #4088, #4093, #4097, #4100, #4103, #4107, #4110, #4113, #4116, #4121, #4125, #4128, #4131, #4135, #4138, #4141, #4144, #4149, #4152, #4156, #4159, #4163, #4166, #4169, #4172, #4177, #4180, #4184, #4187, #4191, #4194, #4197, #4200, #4203));
#2202 = IFCFACE((#2203));
#2203 = IFCFACEOUTERBOUND(#2204, .T.);
#2204 = IFCPOLYLOOP((#2205, #2206, #2207));
#2205 = IFCCARTESIANPOINT((5039.73387805276, 9953.96295726934, 408.089553519532));
#2206 = IFCCARTESIANPOINT((5041.01370045764, 9955.14916084034, 408.124458951965));
#2207 = IFCCARTESIANPOINT((5041.01359999376, 9955.14926951901, 408.124458768156));
#2208 = IFCFACE((#2209));
#2209 = IFCFACEOUTERBOUND(#2210, .T.);
#2210 = IFCPOLYLOOP((#2206, #2205, #2211));
#2211 = IFCCARTESIANPOINT((5039.73397851664, 9953.96284859067, 408.089553703448));
#2212 = IFCFACE((#2213));
#2213 = IFCFACEOUTERBOUND(#2214, .T.);
#2214 = IFCPOLYLOOP((#2211, #2205, #2215));
#2215 = IFCCARTESIANPOINT((5039.73397851664, 9953.96284859067, 408.009537705048));
#2216 = IFCFACE((#2217));
#2217 = IFCFACEOUTERBOUND(#2218, .T.);
#2218 = IFCPOLYLOOP((#2219, #2215, #2205));
#2219 = IFCCARTESIANPOINT((5039.73387805276, 9953.96295726934, 408.009537521132));
#2220 = IFCFACE((#2221));
#2221 = IFCFACEOUTERBOUND(#2222, .T.);
#2222 = IFCPOLYLOOP((#2215, #2219, #2223));
#2223 = IFCCARTESIANPOINT((5041.01370045764, 9955.14916084034, 408.044442959925));
#2224 = IFCFACE((#2225));
#2225 = IFCFACEOUTERBOUND(#2226, .T.);
#2226 = IFCPOLYLOOP((#2227, #2223, #2219));
#2227 = IFCCARTESIANPOINT((5041.01359999376, 9955.14926951901, 408.044442776116));
#2228 = IFCFACE((#2229));
#2229 = IFCFACEOUTERBOUND(#2230, .T.);
#2230 = IFCPOLYLOOP((#2207, #2223, #2227));
#2231 = IFCFACE((#2232));
#2232 = IFCFACEOUTERBOUND(#2233, .T.);
#2233 = IFCPOLYLOOP((#2223, #2207, #2206));
#2234 = IFCFACE((#2235));
#2235 = IFCFACEOUTERBOUND(#2236, .T.);
#2236 = IFCPOLYLOOP((#2205, #2227, #2219));
#2237 = IFCFACE((#2238));
#2238 = IFCFACEOUTERBOUND(#2239, .T.);
#2239 = IFCPOLYLOOP((#2207, #2227, #2205));
#2240 = IFCFACE((#2241));
#2241 = IFCFACEOUTERBOUND(#2242, .T.);
#2242 = IFCPOLYLOOP((#2243, #2206, #2244));
#2243 = IFCCARTESIANPOINT((5041.01742992308, 9955.14512658065, 408.044449687339));
#2244 = IFCCARTESIANPOINT((5041.01742992308, 9955.14512658065, 408.124465679385));
#2245 = IFCFACE((#2246));
#2246 = IFCFACEOUTERBOUND(#2247, .T.);
#2247 = IFCPOLYLOOP((#2244, #2206, #2248));
#2248 = IFCCARTESIANPOINT((5039.73770798207, 9953.95881433098, 408.08956043479));
#2249 = IFCFACE((#2250));
#2250 = IFCFACEOUTERBOUND(#2251, .T.);
#2251 = IFCPOLYLOOP((#2211, #2248, #2206));
#2252 = IFCFACE((#2253));
#2253 = IFCFACEOUTERBOUND(#2254, .T.);
#2254 = IFCPOLYLOOP((#2215, #2248, #2211));
#2255 = IFCFACE((#2256));
#2256 = IFCFACEOUTERBOUND(#2257, .T.);
#2257 = IFCPOLYLOOP((#2248, #2215, #2258));
#2258 = IFCCARTESIANPOINT((5039.73770798207, 9953.95881433098, 408.009544436391));
#2259 = IFCFACE((#2260));
#2260 = IFCFACEOUTERBOUND(#2261, .T.);
#2261 = IFCPOLYLOOP((#2223, #2258, #2215));
#2262 = IFCFACE((#2263));
#2263 = IFCFACEOUTERBOUND(#2264, .T.);
#2264 = IFCPOLYLOOP((#2258, #2223, #2243));
#2265 = IFCFACE((#2266));
#2266 = IFCFACEOUTERBOUND(#2267, .T.);
#2267 = IFCPOLYLOOP((#2206, #2243, #2223));
#2268 = IFCFACE((#2269));
#2269 = IFCFACEOUTERBOUND(#2270, .T.);
#2270 = IFCPOLYLOOP((#2271, #2244, #2272));
#2271 = IFCCARTESIANPOINT((5041.08531228639, 9955.07169631595, 408.044572226778));
#2272 = IFCCARTESIANPOINT((5041.08531228639, 9955.07169631595, 408.124588218912));
#2273 = IFCFACE((#2274));
#2274 = IFCFACEOUTERBOUND(#2275, .T.);
#2275 = IFCPOLYLOOP((#2248, #2272, #2244));
#2276 = IFCFACE((#2277));
#2277 = IFCFACEOUTERBOUND(#2278, .T.);
#2278 = IFCPOLYLOOP((#2272, #2248, #2279));
#2279 = IFCCARTESIANPOINT((5039.80559034538, 9953.88538406628, 408.089683045784));
#2280 = IFCFACE((#2281));
#2281 = IFCFACEOUTERBOUND(#2282, .T.);
#2282 = IFCPOLYLOOP((#2258, #2279, #2248));
#2283 = IFCFACE((#2284));
#2284 = IFCFACEOUTERBOUND(#2285, .T.);
#2285 = IFCPOLYLOOP((#2279, #2258, #2286));
#2286 = IFCCARTESIANPOINT((5039.80559034538, 9953.88538406628, 408.009667047384));
#2287 = IFCFACE((#2288));
#2288 = IFCFACEOUTERBOUND(#2289, .T.);
#2289 = IFCPOLYLOOP((#2286, #2258, #2271));
#2290 = IFCFACE((#2291));
#2291 = IFCFACEOUTERBOUND(#2292, .T.);
#2292 = IFCPOLYLOOP((#2243, #2271, #2258));
#2293 = IFCFACE((#2294));
#2294 = IFCFACEOUTERBOUND(#2295, .T.);
#2295 = IFCPOLYLOOP((#2244, #2271, #2243));
#2296 = IFCFACE((#2297));
#2297 = IFCFACEOUTERBOUND(#2298, .T.);
#2298 = IFCPOLYLOOP((#2299, #2272, #2300));
#2299 = IFCCARTESIANPOINT((5041.1531946497, 9954.99826605125, 408.044694766238));
#2300 = IFCCARTESIANPOINT((5041.1531946497, 9954.99826605125, 408.124710758461));
#2301 = IFCFACE((#2302));
#2302 = IFCFACEOUTERBOUND(#2303, .T.);
#2303 = IFCPOLYLOOP((#2300, #2272, #2304));
#2304 = IFCCARTESIANPOINT((5039.87347270869, 9953.81195380158, 408.089805656817));
#2305 = IFCFACE((#2306));
#2306 = IFCFACEOUTERBOUND(#2307, .T.);
#2307 = IFCPOLYLOOP((#2279, #2304, #2272));
#2308 = IFCFACE((#2309));
#2309 = IFCFACEOUTERBOUND(#2310, .T.);
#2310 = IFCPOLYLOOP((#2286, #2304, #2279));
#2311 = IFCFACE((#2312));
#2312 = IFCFACEOUTERBOUND(#2313, .T.);
#2313 = IFCPOLYLOOP((#2304, #2286, #2314));
#2314 = IFCCARTESIANPOINT((5039.87347270869, 9953.81195380158, 408.009789658416));
#2315 = IFCFACE((#2316));
#2316 = IFCFACEOUTERBOUND(#2317, .T.);
#2317 = IFCPOLYLOOP((#2271, #2314, #2286));
#2318 = IFCFACE((#2319));
#2319 = IFCFACEOUTERBOUND(#2320, .T.);
#2320 = IFCPOLYLOOP((#2314, #2271, #2299));
#2321 = IFCFACE((#2322));
#2322 = IFCFACEOUTERBOUND(#2323, .T.);
#2323 = IFCPOLYLOOP((#2272, #2299, #2271));
#2324 = IFCFACE((#2325));
#2325 = IFCFACEOUTERBOUND(#2326, .T.);
#2326 = IFCPOLYLOOP((#2327, #2300, #2328));
#2327 = IFCCARTESIANPOINT((5041.22107701301, 9954.92483578655, 408.04481730572));
#2328 = IFCCARTESIANPOINT((5041.22107701301, 9954.92483578655, 408.124833298031));
#2329 = IFCFACE((#2330));
#2330 = IFCFACEOUTERBOUND(#2331, .T.);
#2331 = IFCPOLYLOOP((#2328, #2300, #2332));
#2332 = IFCCARTESIANPOINT((5039.941355072, 9953.73852353688, 408.089928267886));
#2333 = IFCFACE((#2334));
#2334 = IFCFACEOUTERBOUND(#2335, .T.);
#2335 = IFCPOLYLOOP((#2304, #2332, #2300));
#2336 = IFCFACE((#2337));
#2337 = IFCFACEOUTERBOUND(#2338, .T.);
#2338 = IFCPOLYLOOP((#2314, #2332, #2304));
#2339 = IFCFACE((#2340));
#2340 = IFCFACEOUTERBOUND(#2341, .T.);
#2341 = IFCPOLYLOOP((#2332, #2314, #2342));
#2342 = IFCCARTESIANPOINT((5039.941355072, 9953.73852353688, 408.009912269485));
#2343 = IFCFACE((#2344));
#2344 = IFCFACEOUTERBOUND(#2345, .T.);
#2345 = IFCPOLYLOOP((#2299, #2342, #2314));
#2346 = IFCFACE((#2347));
#2347 = IFCFACEOUTERBOUND(#2348, .T.);
#2348 = IFCPOLYLOOP((#2342, #2299, #2327));
#2349 = IFCFACE((#2350));
#2350 = IFCFACEOUTERBOUND(#2351, .T.);
#2351 = IFCPOLYLOOP((#2300, #2327, #2299));
#2352 = IFCFACE((#2353));
#2353 = IFCFACEOUTERBOUND(#2354, .T.);
#2354 = IFCPOLYLOOP((#2355, #2328, #2356));
#2355 = IFCCARTESIANPOINT((5041.26180506697, 9954.88077909916, 408.044890829419));
#2356 = IFCCARTESIANPOINT((5041.26180506697, 9954.88077909916, 408.124906821782));
#2357 = IFCFACE((#2358));
#2358 = IFCFACEOUTERBOUND(#2359, .T.);
#2359 = IFCPOLYLOOP((#2356, #2328, #2360));
#2360 = IFCCARTESIANPOINT((5039.98208312597, 9953.69446684949, 408.090001834544));
#2361 = IFCFACE((#2362));
#2362 = IFCFACEOUTERBOUND(#2363, .T.);
#2363 = IFCPOLYLOOP((#2332, #2360, #2328));
#2364 = IFCFACE((#2365));
#2365 = IFCFACEOUTERBOUND(#2366, .T.);
#2366 = IFCPOLYLOOP((#2342, #2360, #2332));
#2367 = IFCFACE((#2368));
#2368 = IFCFACEOUTERBOUND(#2369, .T.);
#2369 = IFCPOLYLOOP((#2360, #2342, #2370));
#2370 = IFCCARTESIANPOINT((5039.98208312597, 9953.69446684949, 408.009985836146));
#2371 = IFCFACE((#2372));
#2372 = IFCFACEOUTERBOUND(#2373, .T.);
#2373 = IFCPOLYLOOP((#2370, #2342, #2355));
#2374 = IFCFACE((#2375));
#2375 = IFCFACEOUTERBOUND(#2376, .T.);
#2376 = IFCPOLYLOOP((#2327, #2355, #2342));
#2377 = IFCFACE((#2378));
#2378 = IFCFACEOUTERBOUND(#2379, .T.);
#2379 = IFCPOLYLOOP((#2328, #2355, #2327));
#2380 = IFCFACE((#2381));
#2381 = IFCFACEOUTERBOUND(#2382, .T.);
#2382 = IFCPOLYLOOP((#2383, #2356, #2384));
#2383 = IFCCARTESIANPOINT((5041.2624838906, 9954.88004479651, 408.044892909905));
#2384 = IFCCARTESIANPOINT((5041.2624838906, 9954.88004479651, 408.124908898213));
#2385 = IFCFACE((#2386));
#2386 = IFCFACEOUTERBOUND(#2387, .T.);
#2387 = IFCPOLYLOOP((#2360, #2384, #2356));
#2388 = IFCFACE((#2389));
#2389 = IFCFACEOUTERBOUND(#2390, .T.);
#2390 = IFCPOLYLOOP((#2384, #2360, #2391));
#2391 = IFCCARTESIANPOINT((5038.99345255223, 9952.77663499681, 408.063023060657));
#2392 = IFCFACE((#2393));
#2393 = IFCFACEOUTERBOUND(#2394, .T.);
#2394 = IFCPOLYLOOP((#2391, #2360, #2395));
#2395 = IFCCARTESIANPOINT((5038.99345255223, 9952.77663499681, 407.983007062257));
#2396 = IFCFACE((#2397));
#2397 = IFCFACEOUTERBOUND(#2398, .T.);
#2398 = IFCPOLYLOOP((#2370, #2395, #2360));
#2399 = IFCFACE((#2400));
#2400 = IFCFACEOUTERBOUND(#2401, .T.);
#2401 = IFCPOLYLOOP((#2355, #2395, #2370));
#2402 = IFCFACE((#2403));
#2403 = IFCFACEOUTERBOUND(#2404, .T.);
#2404 = IFCPOLYLOOP((#2395, #2355, #2383));
#2405 = IFCFACE((#2406));
#2406 = IFCFACEOUTERBOUND(#2407, .T.);
#2407 = IFCPOLYLOOP((#2356, #2383, #2355));
#2408 = IFCFACE((#2409));
#2409 = IFCFACEOUTERBOUND(#2410, .T.);
#2410 = IFCPOLYLOOP((#2411, #2384, #2412));
#2411 = IFCCARTESIANPOINT((5041.28895937631, 9954.85140552185, 408.044940695556));
#2412 = IFCCARTESIANPOINT((5041.28895937631, 9954.85140552185, 408.124956683922));
#2413 = IFCFACE((#2414));
#2414 = IFCFACEOUTERBOUND(#2415, .T.);
#2415 = IFCPOLYLOOP((#2412, #2384, #2416));
#2416 = IFCCARTESIANPOINT((5039.01996140711, 9952.74802665563, 408.063071789022));
#2417 = IFCFACE((#2418));
#2418 = IFCFACEOUTERBOUND(#2419, .T.);
#2419 = IFCPOLYLOOP((#2391, #2416, #2384));
#2420 = IFCFACE((#2421));
#2421 = IFCFACEOUTERBOUND(#2422, .T.);
#2422 = IFCPOLYLOOP((#2395, #2416, #2391));
#2423 = IFCFACE((#2424));
#2424 = IFCFACEOUTERBOUND(#2425, .T.);
#2425 = IFCPOLYLOOP((#2416, #2395, #2426));
#2426 = IFCCARTESIANPOINT((5039.01996140711, 9952.74802665563, 407.983055790622));
#2427 = IFCFACE((#2428));
#2428 = IFCFACEOUTERBOUND(#2429, .T.);
#2429 = IFCPOLYLOOP((#2426, #2395, #2411));
#2430 = IFCFACE((#2431));
#2431 = IFCFACEOUTERBOUND(#2432, .T.);
#2432 = IFCPOLYLOOP((#2383, #2411, #2395));
#2433 = IFCFACE((#2434));
#2434 = IFCFACEOUTERBOUND(#2435, .T.);
#2435 = IFCPOLYLOOP((#2384, #2411, #2383));
#2436 = IFCFACE((#2437));
#2437 = IFCFACEOUTERBOUND(#2438, .T.);
#2438 = IFCPOLYLOOP((#2439, #2412, #2440));
#2439 = IFCCARTESIANPOINT((5041.35684173963, 9954.77797525716, 408.045063222879));
#2440 = IFCCARTESIANPOINT((5041.35684173963, 9954.77797525716, 408.125079211393));
#2441 = IFCFACE((#2442));
#2442 = IFCFACEOUTERBOUND(#2443, .T.);
#2443 = IFCPOLYLOOP((#2440, #2412, #2444));
#2444 = IFCCARTESIANPOINT((5039.08792933238, 9952.67467570754, 408.063196733578));
#2445 = IFCFACE((#2446));
#2446 = IFCFACEOUTERBOUND(#2447, .T.);
#2447 = IFCPOLYLOOP((#2416, #2444, #2412));
#2448 = IFCFACE((#2449));
#2449 = IFCFACEOUTERBOUND(#2450, .T.);
#2450 = IFCPOLYLOOP((#2426, #2444, #2416));
#2451 = IFCFACE((#2452));
#2452 = IFCFACEOUTERBOUND(#2453, .T.);
#2453 = IFCPOLYLOOP((#2444, #2426, #2454));
#2454 = IFCCARTESIANPOINT((5039.08792933238, 9952.67467570754, 407.983180735175));
#2455 = IFCFACE((#2456));
#2456 = IFCFACEOUTERBOUND(#2457, .T.);
#2457 = IFCPOLYLOOP((#2454, #2426, #2439));
#2458 = IFCFACE((#2459));
#2459 = IFCFACEOUTERBOUND(#2460, .T.);
#2460 = IFCPOLYLOOP((#2411, #2439, #2426));
#2461 = IFCFACE((#2462));
#2462 = IFCFACEOUTERBOUND(#2463, .T.);
#2463 = IFCPOLYLOOP((#2412, #2439, #2411));
#2464 = IFCFACE((#2465));
#2465 = IFCFACEOUTERBOUND(#2466, .T.);
#2466 = IFCPOLYLOOP((#2467, #2440, #2468));
#2467 = IFCCARTESIANPOINT((5041.42472410294, 9954.70454499245, 408.045185750218));
#2468 = IFCCARTESIANPOINT((5041.42472410294, 9954.70454499245, 408.125201738879));
#2469 = IFCFACE((#2470));
#2470 = IFCFACEOUTERBOUND(#2471, .T.);
#2471 = IFCPOLYLOOP((#2468, #2440, #2472));
#2472 = IFCCARTESIANPOINT((5039.15589725765, 9952.60132475944, 408.06332167817));
#2473 = IFCFACE((#2474));
#2474 = IFCFACEOUTERBOUND(#2475, .T.);
#2475 = IFCPOLYLOOP((#2444, #2472, #2440));
#2476 = IFCFACE((#2477));
#2477 = IFCFACEOUTERBOUND(#2478, .T.);
#2478 = IFCPOLYLOOP((#2454, #2472, #2444));
#2479 = IFCFACE((#2480));
#2480 = IFCFACEOUTERBOUND(#2481, .T.);
#2481 = IFCPOLYLOOP((#2472, #2454, #2482));
#2482 = IFCCARTESIANPOINT((5039.15589725765, 9952.60132475944, 407.983305679767));
#2483 = IFCFACE((#2484));
#2484 = IFCFACEOUTERBOUND(#2485, .T.);
#2485 = IFCPOLYLOOP((#2482, #2454, #2467));
#2486 = IFCFACE((#2487));
#2487 = IFCFACEOUTERBOUND(#2488, .T.);
#2488 = IFCPOLYLOOP((#2439, #2467, #2454));
#2489 = IFCFACE((#2490));
#2490 = IFCFACEOUTERBOUND(#2491, .T.);
#2491 = IFCPOLYLOOP((#2440, #2467, #2439));
#2492 = IFCFACE((#2493));
#2493 = IFCFACEOUTERBOUND(#2494, .T.);
#2494 = IFCPOLYLOOP((#2495, #2468, #2496));
#2495 = IFCCARTESIANPOINT((5041.49260646624, 9954.63111472775, 408.045308277574));
#2496 = IFCCARTESIANPOINT((5041.49260646624, 9954.63111472775, 408.125324266382));
#2497 = IFCFACE((#2498));
#2498 = IFCFACEOUTERBOUND(#2499, .T.);
#2499 = IFCPOLYLOOP((#2496, #2468, #2500));
#2500 = IFCCARTESIANPOINT((5039.22386518292, 9952.52797381135, 408.063446622797));
#2501 = IFCFACE((#2502));
#2502 = IFCFACEOUTERBOUND(#2503, .T.);
#2503 = IFCPOLYLOOP((#2472, #2500, #2468));
#2504 = IFCFACE((#2505));
#2505 = IFCFACEOUTERBOUND(#2506, .T.);
#2506 = IFCPOLYLOOP((#2482, #2500, #2472));
#2507 = IFCFACE((#2508));
#2508 = IFCFACEOUTERBOUND(#2509, .T.);
#2509 = IFCPOLYLOOP((#2500, #2482, #2510));
#2510 = IFCCARTESIANPOINT((5039.22386518292, 9952.52797381135, 407.983430624396));
#2511 = IFCFACE((#2512));
#2512 = IFCFACEOUTERBOUND(#2513, .T.);
#2513 = IFCPOLYLOOP((#2510, #2482, #2495));
#2514 = IFCFACE((#2515));
#2515 = IFCFACEOUTERBOUND(#2516, .T.);
#2516 = IFCPOLYLOOP((#2467, #2495, #2482));
#2517 = IFCFACE((#2518));
#2518 = IFCFACEOUTERBOUND(#2519, .T.);
#2519 = IFCPOLYLOOP((#2468, #2495, #2467));
#2520 = IFCFACE((#2521));
#2521 = IFCFACEOUTERBOUND(#2522, .T.);
#2522 = IFCPOLYLOOP((#2523, #2496, #2524));
#2523 = IFCCARTESIANPOINT((5041.56048882956, 9954.55768446305, 408.045430804946));
#2524 = IFCCARTESIANPOINT((5041.56048882956, 9954.55768446305, 408.125446793901));
#2525 = IFCFACE((#2526));
#2526 = IFCFACEOUTERBOUND(#2527, .T.);
#2527 = IFCPOLYLOOP((#2524, #2496, #2528));
#2528 = IFCCARTESIANPOINT((5039.29183310819, 9952.45462286326, 408.063571567465));
#2529 = IFCFACE((#2530));
#2530 = IFCFACEOUTERBOUND(#2531, .T.);
#2531 = IFCPOLYLOOP((#2500, #2528, #2496));
#2532 = IFCFACE((#2533));
#2533 = IFCFACEOUTERBOUND(#2534, .T.);
#2534 = IFCPOLYLOOP((#2510, #2528, #2500));
#2535 = IFCFACE((#2536));
#2536 = IFCFACEOUTERBOUND(#2537, .T.);
#2537 = IFCPOLYLOOP((#2528, #2510, #2538));
#2538 = IFCCARTESIANPOINT((5039.29183310819, 9952.45462286326, 407.983555569064));
#2539 = IFCFACE((#2540));
#2540 = IFCFACEOUTERBOUND(#2541, .T.);
#2541 = IFCPOLYLOOP((#2538, #2510, #2523));
#2542 = IFCFACE((#2543));
#2543 = IFCFACEOUTERBOUND(#2544, .T.);
#2544 = IFCPOLYLOOP((#2495, #2523, #2510));
#2545 = IFCFACE((#2546));
#2546 = IFCFACEOUTERBOUND(#2547, .T.);
#2547 = IFCPOLYLOOP((#2496, #2523, #2495));
#2548 = IFCFACE((#2549));
#2549 = IFCFACEOUTERBOUND(#2550, .T.);
#2550 = IFCPOLYLOOP((#2551, #2524, #2552));
#2551 = IFCCARTESIANPOINT((5041.62837119287, 9954.48425419836, 408.045553332335));
#2552 = IFCCARTESIANPOINT((5041.62837119287, 9954.48425419836, 408.125569321437));
#2553 = IFCFACE((#2554));
#2554 = IFCFACEOUTERBOUND(#2555, .T.);
#2555 = IFCPOLYLOOP((#2552, #2524, #2556));
#2556 = IFCCARTESIANPOINT((5039.35980103346, 9952.38127191516, 408.06369651217));
#2557 = IFCFACE((#2558));
#2558 = IFCFACEOUTERBOUND(#2559, .T.);
#2559 = IFCPOLYLOOP((#2528, #2556, #2524));
#2560 = IFCFACE((#2561));
#2561 = IFCFACEOUTERBOUND(#2562, .T.);
#2562 = IFCPOLYLOOP((#2538, #2556, #2528));
#2563 = IFCFACE((#2564));
#2564 = IFCFACEOUTERBOUND(#2565, .T.);
#2565 = IFCPOLYLOOP((#2556, #2538, #2566));
#2566 = IFCCARTESIANPOINT((5039.35980103346, 9952.38127191516, 407.98368051377));
#2567 = IFCFACE((#2568));
#2568 = IFCFACEOUTERBOUND(#2569, .T.);
#2569 = IFCPOLYLOOP((#2566, #2538, #2551));
#2570 = IFCFACE((#2571));
#2571 = IFCFACEOUTERBOUND(#2572, .T.);
#2572 = IFCPOLYLOOP((#2523, #2551, #2538));
#2573 = IFCFACE((#2574));
#2574 = IFCFACEOUTERBOUND(#2575, .T.);
#2575 = IFCPOLYLOOP((#2524, #2551, #2523));
#2576 = IFCFACE((#2577));
#2577 = IFCFACEOUTERBOUND(#2578, .T.);
#2578 = IFCPOLYLOOP((#2579, #2552, #2580));
#2579 = IFCCARTESIANPOINT((5041.69625355618, 9954.41082393366, 408.045675859739));
#2580 = IFCCARTESIANPOINT((5041.69625355618, 9954.41082393366, 408.125691848988));
#2581 = IFCFACE((#2582));
#2582 = IFCFACEOUTERBOUND(#2583, .T.);
#2583 = IFCPOLYLOOP((#2580, #2552, #2584));
#2584 = IFCCARTESIANPOINT((5039.42776895873, 9952.30792096707, 408.063821456914));
#2585 = IFCFACE((#2586));
#2586 = IFCFACEOUTERBOUND(#2587, .T.);
#2587 = IFCPOLYLOOP((#2556, #2584, #2552));
#2588 = IFCFACE((#2589));
#2589 = IFCFACEOUTERBOUND(#2590, .T.);
#2590 = IFCPOLYLOOP((#2566, #2584, #2556));
#2591 = IFCFACE((#2592));
#2592 = IFCFACEOUTERBOUND(#2593, .T.);
#2593 = IFCPOLYLOOP((#2584, #2566, #2594));
#2594 = IFCCARTESIANPOINT((5039.42776895873, 9952.30792096707, 407.983805458514));
#2595 = IFCFACE((#2596));
#2596 = IFCFACEOUTERBOUND(#2597, .T.);
#2597 = IFCPOLYLOOP((#2594, #2566, #2579));
#2598 = IFCFACE((#2599));
#2599 = IFCFACEOUTERBOUND(#2600, .T.);
#2600 = IFCPOLYLOOP((#2551, #2579, #2566));
#2601 = IFCFACE((#2602));
#2602 = IFCFACEOUTERBOUND(#2603, .T.);
#2603 = IFCPOLYLOOP((#2552, #2579, #2551));
#2604 = IFCFACE((#2605));
#2605 = IFCFACEOUTERBOUND(#2606, .T.);
#2606 = IFCPOLYLOOP((#2607, #2580, #2608));
#2607 = IFCCARTESIANPOINT((5041.76413591949, 9954.33739366896, 408.045798387161));
#2608 = IFCCARTESIANPOINT((5041.76413591949, 9954.33739366896, 408.125814376556));
#2609 = IFCFACE((#2610));
#2610 = IFCFACEOUTERBOUND(#2611, .T.);
#2611 = IFCPOLYLOOP((#2608, #2580, #2612));
#2612 = IFCCARTESIANPOINT((5039.495736884, 9952.23457001898, 408.063946401695));
#2613 = IFCFACE((#2614));
#2614 = IFCFACEOUTERBOUND(#2615, .T.);
#2615 = IFCPOLYLOOP((#2584, #2612, #2580));
#2616 = IFCFACE((#2617));
#2617 = IFCFACEOUTERBOUND(#2618, .T.);
#2618 = IFCPOLYLOOP((#2594, #2612, #2584));
#2619 = IFCFACE((#2620));
#2620 = IFCFACEOUTERBOUND(#2621, .T.);
#2621 = IFCPOLYLOOP((#2612, #2594, #2622));
#2622 = IFCCARTESIANPOINT((5039.495736884, 9952.23457001898, 407.983930403297));
#2623 = IFCFACE((#2624));
#2624 = IFCFACEOUTERBOUND(#2625, .T.);
#2625 = IFCPOLYLOOP((#2622, #2594, #2607));
#2626 = IFCFACE((#2627));
#2627 = IFCFACEOUTERBOUND(#2628, .T.);
#2628 = IFCPOLYLOOP((#2579, #2607, #2594));
#2629 = IFCFACE((#2630));
#2630 = IFCFACEOUTERBOUND(#2631, .T.);
#2631 = IFCPOLYLOOP((#2580, #2607, #2579));
#2632 = IFCFACE((#2633));
#2633 = IFCFACEOUTERBOUND(#2634, .T.);
#2634 = IFCPOLYLOOP((#2635, #2608, #2636));
#2635 = IFCCARTESIANPOINT((5041.83201828279, 9954.26396340426, 408.045920914598));
#2636 = IFCCARTESIANPOINT((5041.83201828279, 9954.26396340426, 408.125936904141));
#2637 = IFCFACE((#2638));
#2638 = IFCFACEOUTERBOUND(#2639, .T.);
#2639 = IFCPOLYLOOP((#2636, #2608, #2640));
#2640 = IFCCARTESIANPOINT((5039.56370480927, 9952.16121907089, 408.064071346518));
#2641 = IFCFACE((#2642));
#2642 = IFCFACEOUTERBOUND(#2643, .T.);
#2643 = IFCPOLYLOOP((#2612, #2640, #2608));
#2644 = IFCFACE((#2645));
#2645 = IFCFACEOUTERBOUND(#2646, .T.);
#2646 = IFCPOLYLOOP((#2622, #2640, #2612));
#2647 = IFCFACE((#2648));
#2648 = IFCFACEOUTERBOUND(#2649, .T.);
#2649 = IFCPOLYLOOP((#2640, #2622, #2650));
#2650 = IFCCARTESIANPOINT((5039.56370480927, 9952.16121907089, 407.984055348117));
#2651 = IFCFACE((#2652));
#2652 = IFCFACEOUTERBOUND(#2653, .T.);
#2653 = IFCPOLYLOOP((#2650, #2622, #2635));
#2654 = IFCFACE((#2655));
#2655 = IFCFACEOUTERBOUND(#2656, .T.);
#2656 = IFCPOLYLOOP((#2607, #2635, #2622));
#2657 = IFCFACE((#2658));
#2658 = IFCFACEOUTERBOUND(#2659, .T.);
#2659 = IFCPOLYLOOP((#2608, #2635, #2607));
#2660 = IFCFACE((#2661));
#2661 = IFCFACEOUTERBOUND(#2662, .T.);
#2662 = IFCPOLYLOOP((#2663, #2636, #2664));
#2663 = IFCCARTESIANPOINT((5041.89990064611, 9954.19053313956, 408.046043442052));
#2664 = IFCCARTESIANPOINT((5041.89990064611, 9954.19053313956, 408.126059431742));
#2665 = IFCFACE((#2666));
#2666 = IFCFACEOUTERBOUND(#2667, .T.);
#2667 = IFCPOLYLOOP((#2664, #2636, #2668));
#2668 = IFCCARTESIANPOINT((5039.63167273454, 9952.08786812279, 408.064196291376));
#2669 = IFCFACE((#2670));
#2670 = IFCFACEOUTERBOUND(#2671, .T.);
#2671 = IFCPOLYLOOP((#2640, #2668, #2636));
#2672 = IFCFACE((#2673));
#2673 = IFCFACEOUTERBOUND(#2674, .T.);
#2674 = IFCPOLYLOOP((#2650, #2668, #2640));
#2675 = IFCFACE((#2676));
#2676 = IFCFACEOUTERBOUND(#2677, .T.);
#2677 = IFCPOLYLOOP((#2668, #2650, #2678));
#2678 = IFCCARTESIANPOINT((5039.63167273454, 9952.08786812279, 407.984180292976));
#2679 = IFCFACE((#2680));
#2680 = IFCFACEOUTERBOUND(#2681, .T.);
#2681 = IFCPOLYLOOP((#2678, #2650, #2663));
#2682 = IFCFACE((#2683));
#2683 = IFCFACEOUTERBOUND(#2684, .T.);
#2684 = IFCPOLYLOOP((#2635, #2663, #2650));
#2685 = IFCFACE((#2686));
#2686 = IFCFACEOUTERBOUND(#2687, .T.);
#2687 = IFCPOLYLOOP((#2636, #2663, #2635));
#2688 = IFCFACE((#2689));
#2689 = IFCFACEOUTERBOUND(#2690, .T.);
#2690 = IFCPOLYLOOP((#2691, #2664, #2692));
#2691 = IFCCARTESIANPOINT((5041.96778300942, 9954.11710287486, 408.046165969522));
#2692 = IFCCARTESIANPOINT((5041.96778300942, 9954.11710287486, 408.12618195936));
#2693 = IFCFACE((#2694));
#2694 = IFCFACEOUTERBOUND(#2695, .T.);
#2695 = IFCPOLYLOOP((#2692, #2664, #2696));
#2696 = IFCCARTESIANPOINT((5039.69964065981, 9952.0145171747, 408.064321236274));
#2697 = IFCFACE((#2698));
#2698 = IFCFACEOUTERBOUND(#2699, .T.);
#2699 = IFCPOLYLOOP((#2668, #2696, #2664));
#2700 = IFCFACE((#2701));
#2701 = IFCFACEOUTERBOUND(#2702, .T.);
#2702 = IFCPOLYLOOP((#2678, #2696, #2668));
#2703 = IFCFACE((#2704));
#2704 = IFCFACEOUTERBOUND(#2705, .T.);
#2705 = IFCPOLYLOOP((#2696, #2678, #2706));
#2706 = IFCCARTESIANPOINT((5039.69964065981, 9952.0145171747, 407.984305237873));
#2707 = IFCFACE((#2708));
#2708 = IFCFACEOUTERBOUND(#2709, .T.);
#2709 = IFCPOLYLOOP((#2706, #2678, #2691));
#2710 = IFCFACE((#2711));
#2711 = IFCFACEOUTERBOUND(#2712, .T.);
#2712 = IFCPOLYLOOP((#2663, #2691, #2678));
#2713 = IFCFACE((#2714));
#2714 = IFCFACEOUTERBOUND(#2715, .T.);
#2715 = IFCPOLYLOOP((#2664, #2691, #2663));
#2716 = IFCFACE((#2717));
#2717 = IFCFACEOUTERBOUND(#2718, .T.);
#2718 = IFCPOLYLOOP((#2719, #2692, #2720));
#2719 = IFCCARTESIANPOINT((5042.03566537272, 9954.04367261016, 408.046288497009));
#2720 = IFCCARTESIANPOINT((5042.03566537272, 9954.04367261016, 408.126304486993));
#2721 = IFCFACE((#2722));
#2722 = IFCFACEOUTERBOUND(#2723, .T.);
#2723 = IFCPOLYLOOP((#2720, #2692, #2724));
#2724 = IFCCARTESIANPOINT((5039.76760858508, 9951.94116622661, 408.064446181208));
#2725 = IFCFACE((#2726));
#2726 = IFCFACEOUTERBOUND(#2727, .T.);
#2727 = IFCPOLYLOOP((#2696, #2724, #2692));
#2728 = IFCFACE((#2729));
#2729 = IFCFACEOUTERBOUND(#2730, .T.);
#2730 = IFCPOLYLOOP((#2706, #2724, #2696));
#2731 = IFCFACE((#2732));
#2732 = IFCFACEOUTERBOUND(#2733, .T.);
#2733 = IFCPOLYLOOP((#2724, #2706, #2734));
#2734 = IFCCARTESIANPOINT((5039.76760858508, 9951.94116622661, 407.984430182808));
#2735 = IFCFACE((#2736));
#2736 = IFCFACEOUTERBOUND(#2737, .T.);
#2737 = IFCPOLYLOOP((#2734, #2706, #2719));
#2738 = IFCFACE((#2739));
#2739 = IFCFACEOUTERBOUND(#2740, .T.);
#2740 = IFCPOLYLOOP((#2691, #2719, #2706));
#2741 = IFCFACE((#2742));
#2742 = IFCFACEOUTERBOUND(#2743, .T.);
#2743 = IFCPOLYLOOP((#2692, #2719, #2691));
#2744 = IFCFACE((#2745));
#2745 = IFCFACEOUTERBOUND(#2746, .T.);
#2746 = IFCPOLYLOOP((#2747, #2720, #2748));
#2747 = IFCCARTESIANPOINT((5042.10354773604, 9953.97024234546, 408.046411024512));
#2748 = IFCCARTESIANPOINT((5042.10354773604, 9953.97024234546, 408.126427014643));
#2749 = IFCFACE((#2750));
#2750 = IFCFACEOUTERBOUND(#2751, .T.);
#2751 = IFCPOLYLOOP((#2748, #2720, #2752));
#2752 = IFCCARTESIANPOINT((5039.83557651035, 9951.86781527852, 408.06457112618));
#2753 = IFCFACE((#2754));
#2754 = IFCFACEOUTERBOUND(#2755, .T.);
#2755 = IFCPOLYLOOP((#2724, #2752, #2720));
#2756 = IFCFACE((#2757));
#2757 = IFCFACEOUTERBOUND(#2758, .T.);
#2758 = IFCPOLYLOOP((#2734, #2752, #2724));
#2759 = IFCFACE((#2760));
#2760 = IFCFACEOUTERBOUND(#2761, .T.);
#2761 = IFCPOLYLOOP((#2752, #2734, #2762));
#2762 = IFCCARTESIANPOINT((5039.83557651035, 9951.86781527852, 407.984555127781));
#2763 = IFCFACE((#2764));
#2764 = IFCFACEOUTERBOUND(#2765, .T.);
#2765 = IFCPOLYLOOP((#2762, #2734, #2747));
#2766 = IFCFACE((#2767));
#2767 = IFCFACEOUTERBOUND(#2768, .T.);
#2768 = IFCPOLYLOOP((#2719, #2747, #2734));
#2769 = IFCFACE((#2770));
#2770 = IFCFACEOUTERBOUND(#2771, .T.);
#2771 = IFCPOLYLOOP((#2720, #2747, #2719));
#2772 = IFCFACE((#2773));
#2773 = IFCFACEOUTERBOUND(#2774, .T.);
#2774 = IFCPOLYLOOP((#2775, #2748, #2776));
#2775 = IFCCARTESIANPOINT((5042.17143009935, 9953.89681208076, 408.046533552032));
#2776 = IFCCARTESIANPOINT((5042.17143009935, 9953.89681208076, 408.126549542309));
#2777 = IFCFACE((#2778));
#2778 = IFCFACEOUTERBOUND(#2779, .T.);
#2779 = IFCPOLYLOOP((#2776, #2748, #2780));
#2780 = IFCCARTESIANPOINT((5039.90354443562, 9951.79446433042, 408.064696071191));
#2781 = IFCFACE((#2782));
#2782 = IFCFACEOUTERBOUND(#2783, .T.);
#2783 = IFCPOLYLOOP((#2752, #2780, #2748));
#2784 = IFCFACE((#2785));
#2785 = IFCFACEOUTERBOUND(#2786, .T.);
#2786 = IFCPOLYLOOP((#2762, #2780, #2752));
#2787 = IFCFACE((#2788));
#2788 = IFCFACEOUTERBOUND(#2789, .T.);
#2789 = IFCPOLYLOOP((#2780, #2762, #2790));
#2790 = IFCCARTESIANPOINT((5039.90354443562, 9951.79446433042, 407.984680072793));
#2791 = IFCFACE((#2792));
#2792 = IFCFACEOUTERBOUND(#2793, .T.);
#2793 = IFCPOLYLOOP((#2790, #2762, #2775));
#2794 = IFCFACE((#2795));
#2795 = IFCFACEOUTERBOUND(#2796, .T.);
#2796 = IFCPOLYLOOP((#2747, #2775, #2762));
#2797 = IFCFACE((#2798));
#2798 = IFCFACEOUTERBOUND(#2799, .T.);
#2799 = IFCPOLYLOOP((#2748, #2775, #2747));
#2800 = IFCFACE((#2801));
#2801 = IFCFACEOUTERBOUND(#2802, .T.);
#2802 = IFCPOLYLOOP((#2803, #2776, #2804));
#2803 = IFCCARTESIANPOINT((5042.23931246266, 9953.82338181606, 408.046656079568));
#2804 = IFCCARTESIANPOINT((5042.23931246266, 9953.82338181606, 408.126672069992));
#2805 = IFCFACE((#2806));
#2806 = IFCFACEOUTERBOUND(#2807, .T.);
#2807 = IFCPOLYLOOP((#2804, #2776, #2808));
#2808 = IFCCARTESIANPOINT((5039.97151236089, 9951.72111338233, 408.06482101624));
#2809 = IFCFACE((#2810));
#2810 = IFCFACEOUTERBOUND(#2811, .T.);
#2811 = IFCPOLYLOOP((#2780, #2808, #2776));
#2812 = IFCFACE((#2813));
#2813 = IFCFACEOUTERBOUND(#2814, .T.);
#2814 = IFCPOLYLOOP((#2790, #2808, #2780));
#2815 = IFCFACE((#2816));
#2816 = IFCFACEOUTERBOUND(#2817, .T.);
#2817 = IFCPOLYLOOP((#2808, #2790, #2818));
#2818 = IFCCARTESIANPOINT((5039.97151236089, 9951.72111338233, 407.984805017842));
#2819 = IFCFACE((#2820));
#2820 = IFCFACEOUTERBOUND(#2821, .T.);
#2821 = IFCPOLYLOOP((#2818, #2790, #2803));
#2822 = IFCFACE((#2823));
#2823 = IFCFACEOUTERBOUND(#2824, .T.);
#2824 = IFCPOLYLOOP((#2775, #2803, #2790));
#2825 = IFCFACE((#2826));
#2826 = IFCFACEOUTERBOUND(#2827, .T.);
#2827 = IFCPOLYLOOP((#2776, #2803, #2775));
#2828 = IFCFACE((#2829));
#2829 = IFCFACEOUTERBOUND(#2830, .T.);
#2830 = IFCPOLYLOOP((#2831, #2804, #2832));
#2831 = IFCCARTESIANPOINT((5042.30719482596, 9953.74995155136, 408.04677860712));
#2832 = IFCCARTESIANPOINT((5042.30719482596, 9953.74995155136, 408.126794597691));
#2833 = IFCFACE((#2834));
#2834 = IFCFACEOUTERBOUND(#2835, .T.);
#2835 = IFCPOLYLOOP((#2832, #2804, #2836));
#2836 = IFCCARTESIANPOINT((5040.03948028616, 9951.64776243424, 408.064945961331));
#2837 = IFCFACE((#2838));
#2838 = IFCFACEOUTERBOUND(#2839, .T.);
#2839 = IFCPOLYLOOP((#2808, #2836, #2804));
#2840 = IFCFACE((#2841));
#2841 = IFCFACEOUTERBOUND(#2842, .T.);
#2842 = IFCPOLYLOOP((#2818, #2836, #2808));
#2843 = IFCFACE((#2844));
#2844 = IFCFACEOUTERBOUND(#2845, .T.);
#2845 = IFCPOLYLOOP((#2836, #2818, #2846));
#2846 = IFCCARTESIANPOINT((5040.03948028616, 9951.64776243424, 407.98492996293));
#2847 = IFCFACE((#2848));
#2848 = IFCFACEOUTERBOUND(#2849, .T.);
#2849 = IFCPOLYLOOP((#2846, #2818, #2831));
#2850 = IFCFACE((#2851));
#2851 = IFCFACEOUTERBOUND(#2852, .T.);
#2852 = IFCPOLYLOOP((#2803, #2831, #2818));
#2853 = IFCFACE((#2854));
#2854 = IFCFACEOUTERBOUND(#2855, .T.);
#2855 = IFCPOLYLOOP((#2804, #2831, #2803));
#2856 = IFCFACE((#2857));
#2857 = IFCFACEOUTERBOUND(#2858, .T.);
#2858 = IFCPOLYLOOP((#2859, #2832, #2860));
#2859 = IFCCARTESIANPOINT((5042.37507718928, 9953.67652128666, 408.046901134689));
#2860 = IFCCARTESIANPOINT((5042.37507718928, 9953.67652128666, 408.126917125407));
#2861 = IFCFACE((#2862));
#2862 = IFCFACEOUTERBOUND(#2863, .T.);
#2863 = IFCPOLYLOOP((#2860, #2832, #2864));
#2864 = IFCCARTESIANPOINT((5040.10744821144, 9951.57441148614, 408.065070906456));
#2865 = IFCFACE((#2866));
#2866 = IFCFACEOUTERBOUND(#2867, .T.);
#2867 = IFCPOLYLOOP((#2836, #2864, #2832));
#2868 = IFCFACE((#2869));
#2869 = IFCFACEOUTERBOUND(#2870, .T.);
#2870 = IFCPOLYLOOP((#2846, #2864, #2836));
#2871 = IFCFACE((#2872));
#2872 = IFCFACEOUTERBOUND(#2873, .T.);
#2873 = IFCPOLYLOOP((#2864, #2846, #2874));
#2874 = IFCCARTESIANPOINT((5040.10744821144, 9951.57441148614, 407.985054908056));
#2875 = IFCFACE((#2876));
#2876 = IFCFACEOUTERBOUND(#2877, .T.);
#2877 = IFCPOLYLOOP((#2874, #2846, #2859));
#2878 = IFCFACE((#2879));
#2879 = IFCFACEOUTERBOUND(#2880, .T.);
#2880 = IFCPOLYLOOP((#2831, #2859, #2846));
#2881 = IFCFACE((#2882));
#2882 = IFCFACEOUTERBOUND(#2883, .T.);
#2883 = IFCPOLYLOOP((#2832, #2859, #2831));
#2884 = IFCFACE((#2885));
#2885 = IFCFACEOUTERBOUND(#2886, .T.);
#2886 = IFCPOLYLOOP((#2887, #2860, #2888));
#2887 = IFCCARTESIANPOINT((5042.44295955259, 9953.60309102196, 408.047023662274));
#2888 = IFCCARTESIANPOINT((5042.44295955259, 9953.60309102196, 408.127039653139));
#2889 = IFCFACE((#2890));
#2890 = IFCFACEOUTERBOUND(#2891, .T.);
#2891 = IFCPOLYLOOP((#2888, #2860, #2892));
#2892 = IFCCARTESIANPOINT((5040.17541613671, 9951.50106053805, 408.065195851621));
#2893 = IFCFACE((#2894));
#2894 = IFCFACEOUTERBOUND(#2895, .T.);
#2895 = IFCPOLYLOOP((#2864, #2892, #2860));
#2896 = IFCFACE((#2897));
#2897 = IFCFACEOUTERBOUND(#2898, .T.);
#2898 = IFCPOLYLOOP((#2874, #2892, #2864));
#2899 = IFCFACE((#2900));
#2900 = IFCFACEOUTERBOUND(#2901, .T.);
#2901 = IFCPOLYLOOP((#2892, #2874, #2902));
#2902 = IFCCARTESIANPOINT((5040.17541613671, 9951.50106053805, 407.98517985322));
#2903 = IFCFACE((#2904));
#2904 = IFCFACEOUTERBOUND(#2905, .T.);
#2905 = IFCPOLYLOOP((#2902, #2874, #2887));
#2906 = IFCFACE((#2907));
#2907 = IFCFACEOUTERBOUND(#2908, .T.);
#2908 = IFCPOLYLOOP((#2859, #2887, #2874));
#2909 = IFCFACE((#2910));
#2910 = IFCFACEOUTERBOUND(#2911, .T.);
#2911 = IFCPOLYLOOP((#2860, #2887, #2859));
#2912 = IFCFACE((#2913));
#2913 = IFCFACEOUTERBOUND(#2914, .T.);
#2914 = IFCPOLYLOOP((#2915, #2888, #2916));
#2915 = IFCCARTESIANPOINT((5042.51084191589, 9953.52966075726, 408.047146189875));
#2916 = IFCCARTESIANPOINT((5042.51084191589, 9953.52966075726, 408.127162180887));
#2917 = IFCFACE((#2918));
#2918 = IFCFACEOUTERBOUND(#2919, .T.);
#2919 = IFCPOLYLOOP((#2916, #2888, #2920));
#2920 = IFCCARTESIANPOINT((5040.24338406198, 9951.42770958996, 408.065320796823));
#2921 = IFCFACE((#2922));
#2922 = IFCFACEOUTERBOUND(#2923, .T.);
#2923 = IFCPOLYLOOP((#2892, #2920, #2888));
#2924 = IFCFACE((#2925));
#2925 = IFCFACEOUTERBOUND(#2926, .T.);
#2926 = IFCPOLYLOOP((#2902, #2920, #2892));
#2927 = IFCFACE((#2928));
#2928 = IFCFACEOUTERBOUND(#2929, .T.);
#2929 = IFCPOLYLOOP((#2920, #2902, #2930));
#2930 = IFCCARTESIANPOINT((5040.24338406198, 9951.42770958996, 407.985304798422));
#2931 = IFCFACE((#2932));
#2932 = IFCFACEOUTERBOUND(#2933, .T.);
#2933 = IFCPOLYLOOP((#2930, #2902, #2915));
#2934 = IFCFACE((#2935));
#2935 = IFCFACEOUTERBOUND(#2936, .T.);
#2936 = IFCPOLYLOOP((#2887, #2915, #2902));
#2937 = IFCFACE((#2938));
#2938 = IFCFACEOUTERBOUND(#2939, .T.);
#2939 = IFCPOLYLOOP((#2888, #2915, #2887));
#2940 = IFCFACE((#2941));
#2941 = IFCFACEOUTERBOUND(#2942, .T.);
#2942 = IFCPOLYLOOP((#2943, #2916, #2944));
#2943 = IFCCARTESIANPOINT((5042.5787242792, 9953.45623049256, 408.047268717493));
#2944 = IFCCARTESIANPOINT((5042.5787242792, 9953.45623049256, 408.127284708651));
#2945 = IFCFACE((#2946));
#2946 = IFCFACEOUTERBOUND(#2947, .T.);
#2947 = IFCPOLYLOOP((#2944, #2916, #2948));
#2948 = IFCCARTESIANPOINT((5040.31135198725, 9951.35435864187, 408.065445742061));
#2949 = IFCFACE((#2950));
#2950 = IFCFACEOUTERBOUND(#2951, .T.);
#2951 = IFCPOLYLOOP((#2920, #2948, #2916));
#2952 = IFCFACE((#2953));
#2953 = IFCFACEOUTERBOUND(#2954, .T.);
#2954 = IFCPOLYLOOP((#2930, #2948, #2920));
#2955 = IFCFACE((#2956));
#2956 = IFCFACEOUTERBOUND(#2957, .T.);
#2957 = IFCPOLYLOOP((#2948, #2930, #2958));
#2958 = IFCCARTESIANPOINT((5040.31135198725, 9951.35435864187, 407.985429743663));
#2959 = IFCFACE((#2960));
#2960 = IFCFACEOUTERBOUND(#2961, .T.);
#2961 = IFCPOLYLOOP((#2958, #2930, #2943));
#2962 = IFCFACE((#2963));
#2963 = IFCFACEOUTERBOUND(#2964, .T.);
#2964 = IFCPOLYLOOP((#2915, #2943, #2930));
#2965 = IFCFACE((#2966));
#2966 = IFCFACEOUTERBOUND(#2967, .T.);
#2967 = IFCPOLYLOOP((#2916, #2943, #2915));
#2968 = IFCFACE((#2969));
#2969 = IFCFACEOUTERBOUND(#2970, .T.);
#2970 = IFCPOLYLOOP((#2971, #2944, #2972));
#2971 = IFCCARTESIANPOINT((5042.64660664251, 9953.38280022786, 408.047391245128));
#2972 = IFCCARTESIANPOINT((5042.64660664251, 9953.38280022786, 408.127407236433));
#2973 = IFCFACE((#2974));
#2974 = IFCFACEOUTERBOUND(#2975, .T.);
#2975 = IFCPOLYLOOP((#2972, #2944, #2976));
#2976 = IFCCARTESIANPOINT((5040.37931991252, 9951.28100769377, 408.065570687344));
#2977 = IFCFACE((#2978));
#2978 = IFCFACEOUTERBOUND(#2979, .T.);
#2979 = IFCPOLYLOOP((#2948, #2976, #2944));
#2980 = IFCFACE((#2981));
#2981 = IFCFACEOUTERBOUND(#2982, .T.);
#2982 = IFCPOLYLOOP((#2958, #2976, #2948));
#2983 = IFCFACE((#2984));
#2984 = IFCFACEOUTERBOUND(#2985, .T.);
#2985 = IFCPOLYLOOP((#2976, #2958, #2986));
#2986 = IFCCARTESIANPOINT((5040.37931991252, 9951.28100769377, 407.985554688941));
#2987 = IFCFACE((#2988));
#2988 = IFCFACEOUTERBOUND(#2989, .T.);
#2989 = IFCPOLYLOOP((#2986, #2958, #2971));
#2990 = IFCFACE((#2991));
#2991 = IFCFACEOUTERBOUND(#2992, .T.);
#2992 = IFCPOLYLOOP((#2943, #2971, #2958));
#2993 = IFCFACE((#2994));
#2994 = IFCFACEOUTERBOUND(#2995, .T.);
#2995 = IFCPOLYLOOP((#2944, #2971, #2943));
#2996 = IFCFACE((#2997));
#2997 = IFCFACEOUTERBOUND(#2998, .T.);
#2998 = IFCPOLYLOOP((#2999, #2972, #3000));
#2999 = IFCCARTESIANPOINT((5042.71448900582, 9953.30936996316, 408.047513772779));
#3000 = IFCCARTESIANPOINT((5042.71448900582, 9953.30936996316, 408.127529764229));
#3001 = IFCFACE((#3002));
#3002 = IFCFACEOUTERBOUND(#3003, .T.);
#3003 = IFCPOLYLOOP((#3000, #2972, #3004));
#3004 = IFCCARTESIANPOINT((5040.44728783779, 9951.20765674568, 408.065695632658));
#3005 = IFCFACE((#3006));
#3006 = IFCFACEOUTERBOUND(#3007, .T.);
#3007 = IFCPOLYLOOP((#2976, #3004, #2972));
#3008 = IFCFACE((#3009));
#3009 = IFCFACEOUTERBOUND(#3010, .T.);
#3010 = IFCPOLYLOOP((#2986, #3004, #2976));
#3011 = IFCFACE((#3012));
#3012 = IFCFACEOUTERBOUND(#3013, .T.);
#3013 = IFCPOLYLOOP((#3004, #2986, #3014));
#3014 = IFCCARTESIANPOINT((5040.44728783779, 9951.20765674568, 407.985679634258));
#3015 = IFCFACE((#3016));
#3016 = IFCFACEOUTERBOUND(#3017, .T.);
#3017 = IFCPOLYLOOP((#3014, #2986, #2999));
#3018 = IFCFACE((#3019));
#3019 = IFCFACEOUTERBOUND(#3020, .T.);
#3020 = IFCPOLYLOOP((#2971, #2999, #2986));
#3021 = IFCFACE((#3022));
#3022 = IFCFACEOUTERBOUND(#3023, .T.);
#3023 = IFCPOLYLOOP((#2972, #2999, #2971));
#3024 = IFCFACE((#3025));
#3025 = IFCFACEOUTERBOUND(#3026, .T.);
#3026 = IFCPOLYLOOP((#3027, #3000, #3028));
#3027 = IFCCARTESIANPOINT((5042.78237136914, 9953.23593969847, 408.047636300446));
#3028 = IFCCARTESIANPOINT((5042.78237136914, 9953.23593969847, 408.127652292043));
#3029 = IFCFACE((#3030));
#3030 = IFCFACEOUTERBOUND(#3031, .T.);
#3031 = IFCPOLYLOOP((#3028, #3000, #3032));
#3032 = IFCCARTESIANPOINT((5040.51525576306, 9951.13430579759, 408.065820578013));
#3033 = IFCFACE((#3034));
#3034 = IFCFACEOUTERBOUND(#3035, .T.);
#3035 = IFCPOLYLOOP((#3004, #3032, #3000));
#3036 = IFCFACE((#3037));
#3037 = IFCFACEOUTERBOUND(#3038, .T.);
#3038 = IFCPOLYLOOP((#3014, #3032, #3004));
#3039 = IFCFACE((#3040));
#3040 = IFCFACEOUTERBOUND(#3041, .T.);
#3041 = IFCPOLYLOOP((#3032, #3014, #3042));
#3042 = IFCCARTESIANPOINT((5040.51525576306, 9951.13430579759, 407.985804579613));
#3043 = IFCFACE((#3044));
#3044 = IFCFACEOUTERBOUND(#3045, .T.);
#3045 = IFCPOLYLOOP((#3042, #3014, #3027));
#3046 = IFCFACE((#3047));
#3047 = IFCFACEOUTERBOUND(#3048, .T.);
#3048 = IFCPOLYLOOP((#2999, #3027, #3014));
#3049 = IFCFACE((#3050));
#3050 = IFCFACEOUTERBOUND(#3051, .T.);
#3051 = IFCPOLYLOOP((#3000, #3027, #2999));
#3052 = IFCFACE((#3053));
#3053 = IFCFACEOUTERBOUND(#3054, .T.);
#3054 = IFCPOLYLOOP((#3055, #3028, #3056));
#3055 = IFCCARTESIANPOINT((5042.85025373244, 9953.16250943377, 408.04775882813));
#3056 = IFCCARTESIANPOINT((5042.85025373244, 9953.16250943377, 408.127774819874));
#3057 = IFCFACE((#3058));
#3058 = IFCFACEOUTERBOUND(#3059, .T.);
#3059 = IFCPOLYLOOP((#3056, #3028, #3060));
#3060 = IFCCARTESIANPOINT((5040.58322368833, 9951.06095484949, 408.065945523409));
#3061 = IFCFACE((#3062));
#3062 = IFCFACEOUTERBOUND(#3063, .T.);
#3063 = IFCPOLYLOOP((#3032, #3060, #3028));
#3064 = IFCFACE((#3065));
#3065 = IFCFACEOUTERBOUND(#3066, .T.);
#3066 = IFCPOLYLOOP((#3042, #3060, #3032));
#3067 = IFCFACE((#3068));
#3068 = IFCFACEOUTERBOUND(#3069, .T.);
#3069 = IFCPOLYLOOP((#3060, #3042, #3070));
#3070 = IFCCARTESIANPOINT((5040.58322368833, 9951.06095484949, 407.985929525006));
#3071 = IFCFACE((#3072));
#3072 = IFCFACEOUTERBOUND(#3073, .T.);
#3073 = IFCPOLYLOOP((#3070, #3042, #3055));
#3074 = IFCFACE((#3075));
#3075 = IFCFACEOUTERBOUND(#3076, .T.);
#3076 = IFCPOLYLOOP((#3027, #3055, #3042));
#3077 = IFCFACE((#3078));
#3078 = IFCFACEOUTERBOUND(#3079, .T.);
#3079 = IFCPOLYLOOP((#3028, #3055, #3027));
#3080 = IFCFACE((#3081));
#3081 = IFCFACEOUTERBOUND(#3082, .T.);
#3082 = IFCPOLYLOOP((#3083, #3056, #3084));
#3083 = IFCCARTESIANPOINT((5042.91813609576, 9953.08907916907, 408.04788135583));
#3084 = IFCCARTESIANPOINT((5042.91813609576, 9953.08907916907, 408.12789734772));
#3085 = IFCFACE((#3086));
#3086 = IFCFACEOUTERBOUND(#3087, .T.);
#3087 = IFCPOLYLOOP((#3084, #3056, #3088));
#3088 = IFCCARTESIANPOINT((5040.6511916136, 9950.9876039014, 408.066070468838));
#3089 = IFCFACE((#3090));
#3090 = IFCFACEOUTERBOUND(#3091, .T.);
#3091 = IFCPOLYLOOP((#3060, #3088, #3056));
#3092 = IFCFACE((#3093));
#3093 = IFCFACEOUTERBOUND(#3094, .T.);
#3094 = IFCPOLYLOOP((#3070, #3088, #3060));
#3095 = IFCFACE((#3096));
#3096 = IFCFACEOUTERBOUND(#3097, .T.);
#3097 = IFCPOLYLOOP((#3088, #3070, #3098));
#3098 = IFCCARTESIANPOINT((5040.6511916136, 9950.9876039014, 407.986054470438));
#3099 = IFCFACE((#3100));
#3100 = IFCFACEOUTERBOUND(#3101, .T.);
#3101 = IFCPOLYLOOP((#3098, #3070, #3083));
#3102 = IFCFACE((#3103));
#3103 = IFCFACEOUTERBOUND(#3104, .T.);
#3104 = IFCPOLYLOOP((#3055, #3083, #3070));
#3105 = IFCFACE((#3106));
#3106 = IFCFACEOUTERBOUND(#3107, .T.);
#3107 = IFCPOLYLOOP((#3056, #3083, #3055));
#3108 = IFCFACE((#3109));
#3109 = IFCFACEOUTERBOUND(#3110, .T.);
#3110 = IFCPOLYLOOP((#3111, #3084, #3112));
#3111 = IFCCARTESIANPOINT((5042.98601845906, 9953.01564890437, 408.048003883547));
#3112 = IFCCARTESIANPOINT((5042.98601845906, 9953.01564890437, 408.128019875583));
#3113 = IFCFACE((#3114));
#3114 = IFCFACEOUTERBOUND(#3115, .T.);
#3115 = IFCPOLYLOOP((#3112, #3084, #3116));
#3116 = IFCCARTESIANPOINT((5040.71915953887, 9950.91425295331, 408.066195414307));
#3117 = IFCFACE((#3118));
#3118 = IFCFACEOUTERBOUND(#3119, .T.);
#3119 = IFCPOLYLOOP((#3088, #3116, #3084));
#3120 = IFCFACE((#3121));
#3121 = IFCFACEOUTERBOUND(#3122, .T.);
#3122 = IFCPOLYLOOP((#3098, #3116, #3088));
#3123 = IFCFACE((#3124));
#3124 = IFCFACEOUTERBOUND(#3125, .T.);
#3125 = IFCPOLYLOOP((#3116, #3098, #3126));
#3126 = IFCCARTESIANPOINT((5040.71915953887, 9950.91425295331, 407.986179415907));
#3127 = IFCFACE((#3128));
#3128 = IFCFACEOUTERBOUND(#3129, .T.);
#3129 = IFCPOLYLOOP((#3126, #3098, #3111));
#3130 = IFCFACE((#3131));
#3131 = IFCFACEOUTERBOUND(#3132, .T.);
#3132 = IFCPOLYLOOP((#3083, #3111, #3098));
#3133 = IFCFACE((#3134));
#3134 = IFCFACEOUTERBOUND(#3135, .T.);
#3135 = IFCPOLYLOOP((#3084, #3111, #3083));
#3136 = IFCFACE((#3137));
#3137 = IFCFACEOUTERBOUND(#3138, .T.);
#3138 = IFCPOLYLOOP((#3139, #3112, #3140));
#3139 = IFCCARTESIANPOINT((5043.05390082237, 9952.94221863967, 408.04812641128));
#3140 = IFCCARTESIANPOINT((5043.05390082237, 9952.94221863967, 408.128142403462));
#3141 = IFCFACE((#3142));
#3142 = IFCFACEOUTERBOUND(#3143, .T.);
#3143 = IFCPOLYLOOP((#3140, #3112, #3144));
#3144 = IFCCARTESIANPOINT((5040.78712746414, 9950.84090200522, 408.066320359816));
#3145 = IFCFACE((#3146));
#3146 = IFCFACEOUTERBOUND(#3147, .T.);
#3147 = IFCPOLYLOOP((#3116, #3144, #3112));
#3148 = IFCFACE((#3149));
#3149 = IFCFACEOUTERBOUND(#3150, .T.);
#3150 = IFCPOLYLOOP((#3126, #3144, #3116));
#3151 = IFCFACE((#3152));
#3152 = IFCFACEOUTERBOUND(#3153, .T.);
#3153 = IFCPOLYLOOP((#3144, #3126, #3154));
#3154 = IFCCARTESIANPOINT((5040.78712746414, 9950.84090200522, 407.986304361415));
#3155 = IFCFACE((#3156));
#3156 = IFCFACEOUTERBOUND(#3157, .T.);
#3157 = IFCPOLYLOOP((#3154, #3126, #3139));
#3158 = IFCFACE((#3159));
#3159 = IFCFACEOUTERBOUND(#3160, .T.);
#3160 = IFCPOLYLOOP((#3111, #3139, #3126));
#3161 = IFCFACE((#3162));
#3162 = IFCFACEOUTERBOUND(#3163, .T.);
#3163 = IFCPOLYLOOP((#3112, #3139, #3111));
#3164 = IFCFACE((#3165));
#3165 = IFCFACEOUTERBOUND(#3166, .T.);
#3166 = IFCPOLYLOOP((#3167, #3140, #3168));
#3167 = IFCCARTESIANPOINT((5043.12178318568, 9952.86878837497, 408.048248939029));
#3168 = IFCCARTESIANPOINT((5043.12178318568, 9952.86878837497, 408.128264931358));
#3169 = IFCFACE((#3170));
#3170 = IFCFACEOUTERBOUND(#3171, .T.);
#3171 = IFCPOLYLOOP((#3168, #3140, #3172));
#3172 = IFCCARTESIANPOINT((5040.85509538941, 9950.76755105712, 408.066445305361));
#3173 = IFCFACE((#3174));
#3174 = IFCFACEOUTERBOUND(#3175, .T.);
#3175 = IFCPOLYLOOP((#3144, #3172, #3140));
#3176 = IFCFACE((#3177));
#3177 = IFCFACEOUTERBOUND(#3178, .T.);
#3178 = IFCPOLYLOOP((#3154, #3172, #3144));
#3179 = IFCFACE((#3180));
#3180 = IFCFACEOUTERBOUND(#3181, .T.);
#3181 = IFCPOLYLOOP((#3172, #3154, #3182));
#3182 = IFCCARTESIANPOINT((5040.85509538941, 9950.76755105712, 407.986429306961));
#3183 = IFCFACE((#3184));
#3184 = IFCFACEOUTERBOUND(#3185, .T.);
#3185 = IFCPOLYLOOP((#3182, #3154, #3167));
#3186 = IFCFACE((#3187));
#3187 = IFCFACEOUTERBOUND(#3188, .T.);
#3188 = IFCPOLYLOOP((#3139, #3167, #3154));
#3189 = IFCFACE((#3190));
#3190 = IFCFACEOUTERBOUND(#3191, .T.);
#3191 = IFCPOLYLOOP((#3140, #3167, #3139));
#3192 = IFCFACE((#3193));
#3193 = IFCFACEOUTERBOUND(#3194, .T.);
#3194 = IFCPOLYLOOP((#3195, #3168, #3196));
#3195 = IFCCARTESIANPOINT((5043.189665549, 9952.79535811027, 408.048371466795));
#3196 = IFCCARTESIANPOINT((5043.189665549, 9952.79535811027, 408.12838745927));
#3197 = IFCFACE((#3198));
#3198 = IFCFACEOUTERBOUND(#3199, .T.);
#3199 = IFCPOLYLOOP((#3196, #3168, #3200));
#3200 = IFCCARTESIANPOINT((5040.92306331468, 9950.69420010903, 408.066570250945));
#3201 = IFCFACE((#3202));
#3202 = IFCFACEOUTERBOUND(#3203, .T.);
#3203 = IFCPOLYLOOP((#3172, #3200, #3168));
#3204 = IFCFACE((#3205));
#3205 = IFCFACEOUTERBOUND(#3206, .T.);
#3206 = IFCPOLYLOOP((#3182, #3200, #3172));
#3207 = IFCFACE((#3208));
#3208 = IFCFACEOUTERBOUND(#3209, .T.);
#3209 = IFCPOLYLOOP((#3200, #3182, #3210));
#3210 = IFCCARTESIANPOINT((5040.92306331468, 9950.69420010903, 407.986554252545));
#3211 = IFCFACE((#3212));
#3212 = IFCFACEOUTERBOUND(#3213, .T.);
#3213 = IFCPOLYLOOP((#3210, #3182, #3195));
#3214 = IFCFACE((#3215));
#3215 = IFCFACEOUTERBOUND(#3216, .T.);
#3216 = IFCPOLYLOOP((#3167, #3195, #3182));
#3217 = IFCFACE((#3218));
#3218 = IFCFACEOUTERBOUND(#3219, .T.);
#3219 = IFCPOLYLOOP((#3168, #3195, #3167));
#3220 = IFCFACE((#3221));
#3221 = IFCFACEOUTERBOUND(#3222, .T.);
#3222 = IFCPOLYLOOP((#3223, #3196, #3224));
#3223 = IFCCARTESIANPOINT((5043.2575479123, 9952.72192784557, 408.048493994578));
#3224 = IFCCARTESIANPOINT((5043.2575479123, 9952.72192784557, 408.128509987199));
#3225 = IFCFACE((#3226));
#3226 = IFCFACEOUTERBOUND(#3227, .T.);
#3227 = IFCPOLYLOOP((#3224, #3196, #3228));
#3228 = IFCCARTESIANPOINT((5040.99103123995, 9950.62084916094, 408.066695196569));
#3229 = IFCFACE((#3230));
#3230 = IFCFACEOUTERBOUND(#3231, .T.);
#3231 = IFCPOLYLOOP((#3200, #3228, #3196));
#3232 = IFCFACE((#3233));
#3233 = IFCFACEOUTERBOUND(#3234, .T.);
#3234 = IFCPOLYLOOP((#3210, #3228, #3200));
#3235 = IFCFACE((#3236));
#3236 = IFCFACEOUTERBOUND(#3237, .T.);
#3237 = IFCPOLYLOOP((#3228, #3210, #3238));
#3238 = IFCCARTESIANPOINT((5040.99103123995, 9950.62084916094, 407.986679198167));
#3239 = IFCFACE((#3240));
#3240 = IFCFACEOUTERBOUND(#3241, .T.);
#3241 = IFCPOLYLOOP((#3238, #3210, #3223));
#3242 = IFCFACE((#3243));
#3243 = IFCFACEOUTERBOUND(#3244, .T.);
#3244 = IFCPOLYLOOP((#3195, #3223, #3210));
#3245 = IFCFACE((#3246));
#3246 = IFCFACEOUTERBOUND(#3247, .T.);
#3247 = IFCPOLYLOOP((#3196, #3223, #3195));
#3248 = IFCFACE((#3249));
#3249 = IFCFACEOUTERBOUND(#3250, .T.);
#3250 = IFCPOLYLOOP((#3251, #3224, #3252));
#3251 = IFCCARTESIANPOINT((5043.32543027561, 9952.64849758087, 408.048616522377));
#3252 = IFCCARTESIANPOINT((5043.32543027561, 9952.64849758087, 408.128632515144));
#3253 = IFCFACE((#3254));
#3254 = IFCFACEOUTERBOUND(#3255, .T.);
#3255 = IFCPOLYLOOP((#3252, #3224, #3256));
#3256 = IFCCARTESIANPOINT((5041.05899916522, 9950.54749821285, 408.066820142229));
#3257 = IFCFACE((#3258));
#3258 = IFCFACEOUTERBOUND(#3259, .T.);
#3259 = IFCPOLYLOOP((#3228, #3256, #3224));
#3260 = IFCFACE((#3261));
#3261 = IFCFACEOUTERBOUND(#3262, .T.);
#3262 = IFCPOLYLOOP((#3238, #3256, #3228));
#3263 = IFCFACE((#3264));
#3264 = IFCFACEOUTERBOUND(#3265, .T.);
#3265 = IFCPOLYLOOP((#3256, #3238, #3266));
#3266 = IFCCARTESIANPOINT((5041.05899916522, 9950.54749821285, 407.986804143828));
#3267 = IFCFACE((#3268));
#3268 = IFCFACEOUTERBOUND(#3269, .T.);
#3269 = IFCPOLYLOOP((#3266, #3238, #3251));
#3270 = IFCFACE((#3271));
#3271 = IFCFACEOUTERBOUND(#3272, .T.);
#3272 = IFCPOLYLOOP((#3223, #3251, #3238));
#3273 = IFCFACE((#3274));
#3274 = IFCFACEOUTERBOUND(#3275, .T.);
#3275 = IFCPOLYLOOP((#3224, #3251, #3223));
#3276 = IFCFACE((#3277));
#3277 = IFCFACEOUTERBOUND(#3278, .T.);
#3278 = IFCPOLYLOOP((#3279, #3252, #3280));
#3279 = IFCCARTESIANPOINT((5043.39331263892, 9952.57506731617, 408.048739050192));
#3280 = IFCCARTESIANPOINT((5043.39331263892, 9952.57506731617, 408.128755043105));
#3281 = IFCFACE((#3282));
#3282 = IFCFACEOUTERBOUND(#3283, .T.);
#3283 = IFCPOLYLOOP((#3280, #3252, #3284));
#3284 = IFCCARTESIANPOINT((5041.12696709049, 9950.47414726475, 408.066945087927));
#3285 = IFCFACE((#3286));
#3286 = IFCFACEOUTERBOUND(#3287, .T.);
#3287 = IFCPOLYLOOP((#3256, #3284, #3252));
#3288 = IFCFACE((#3289));
#3289 = IFCFACEOUTERBOUND(#3290, .T.);
#3290 = IFCPOLYLOOP((#3266, #3284, #3256));
#3291 = IFCFACE((#3292));
#3292 = IFCFACEOUTERBOUND(#3293, .T.);
#3293 = IFCPOLYLOOP((#3284, #3266, #3294));
#3294 = IFCCARTESIANPOINT((5041.12696709049, 9950.47414726475, 407.986929089526));
#3295 = IFCFACE((#3296));
#3296 = IFCFACEOUTERBOUND(#3297, .T.);
#3297 = IFCPOLYLOOP((#3294, #3266, #3279));
#3298 = IFCFACE((#3299));
#3299 = IFCFACEOUTERBOUND(#3300, .T.);
#3300 = IFCPOLYLOOP((#3251, #3279, #3266));
#3301 = IFCFACE((#3302));
#3302 = IFCFACEOUTERBOUND(#3303, .T.);
#3303 = IFCPOLYLOOP((#3252, #3279, #3251));
#3304 = IFCFACE((#3305));
#3305 = IFCFACEOUTERBOUND(#3306, .T.);
#3306 = IFCPOLYLOOP((#3307, #3280, #3308));
#3307 = IFCCARTESIANPOINT((5043.46119500223, 9952.50163705147, 408.048861578024));
#3308 = IFCCARTESIANPOINT((5043.46119500223, 9952.50163705147, 408.128877571083));
#3309 = IFCFACE((#3310));
#3310 = IFCFACEOUTERBOUND(#3311, .T.);
#3311 = IFCPOLYLOOP((#3308, #3280, #3312));
#3312 = IFCCARTESIANPOINT((5041.19493501576, 9950.40079631666, 408.067070033661));
#3313 = IFCFACE((#3314));
#3314 = IFCFACEOUTERBOUND(#3315, .T.);
#3315 = IFCPOLYLOOP((#3284, #3312, #3280));
#3316 = IFCFACE((#3317));
#3317 = IFCFACEOUTERBOUND(#3318, .T.);
#3318 = IFCPOLYLOOP((#3294, #3312, #3284));
#3319 = IFCFACE((#3320));
#3320 = IFCFACEOUTERBOUND(#3321, .T.);
#3321 = IFCPOLYLOOP((#3312, #3294, #3322));
#3322 = IFCCARTESIANPOINT((5041.19493501576, 9950.40079631666, 407.987054035263));
#3323 = IFCFACE((#3324));
#3324 = IFCFACEOUTERBOUND(#3325, .T.);
#3325 = IFCPOLYLOOP((#3322, #3294, #3307));
#3326 = IFCFACE((#3327));
#3327 = IFCFACEOUTERBOUND(#3328, .T.);
#3328 = IFCPOLYLOOP((#3279, #3307, #3294));
#3329 = IFCFACE((#3330));
#3330 = IFCFACEOUTERBOUND(#3331, .T.);
#3331 = IFCPOLYLOOP((#3280, #3307, #3279));
#3332 = IFCFACE((#3333));
#3333 = IFCFACEOUTERBOUND(#3334, .T.);
#3334 = IFCPOLYLOOP((#3335, #3308, #3336));
#3335 = IFCCARTESIANPOINT((5043.52907736554, 9952.42820678677, 408.048984105872));
#3336 = IFCCARTESIANPOINT((5043.52907736554, 9952.42820678677, 408.129000099077));
#3337 = IFCFACE((#3338));
#3338 = IFCFACEOUTERBOUND(#3339, .T.);
#3339 = IFCPOLYLOOP((#3336, #3308, #3340));
#3340 = IFCCARTESIANPOINT((5041.26290294103, 9950.32744536857, 408.067194979438));
#3341 = IFCFACE((#3342));
#3342 = IFCFACEOUTERBOUND(#3343, .T.);
#3343 = IFCPOLYLOOP((#3312, #3340, #3308));
#3344 = IFCFACE((#3345));
#3345 = IFCFACEOUTERBOUND(#3346, .T.);
#3346 = IFCPOLYLOOP((#3322, #3340, #3312));
#3347 = IFCFACE((#3348));
#3348 = IFCFACEOUTERBOUND(#3349, .T.);
#3349 = IFCPOLYLOOP((#3340, #3322, #3350));
#3350 = IFCCARTESIANPOINT((5041.26290294103, 9950.32744536857, 407.987178981038));
#3351 = IFCFACE((#3352));
#3352 = IFCFACEOUTERBOUND(#3353, .T.);
#3353 = IFCPOLYLOOP((#3350, #3322, #3335));
#3354 = IFCFACE((#3355));
#3355 = IFCFACEOUTERBOUND(#3356, .T.);
#3356 = IFCPOLYLOOP((#3307, #3335, #3322));
#3357 = IFCFACE((#3358));
#3358 = IFCFACEOUTERBOUND(#3359, .T.);
#3359 = IFCPOLYLOOP((#3308, #3335, #3307));
#3360 = IFCFACE((#3361));
#3361 = IFCFACEOUTERBOUND(#3362, .T.);
#3362 = IFCPOLYLOOP((#3363, #3336, #3364));
#3363 = IFCCARTESIANPOINT((5043.59695972885, 9952.35477652207, 408.049106633737));
#3364 = IFCCARTESIANPOINT((5043.59695972885, 9952.35477652207, 408.129122627089));
#3365 = IFCFACE((#3366));
#3366 = IFCFACEOUTERBOUND(#3367, .T.);
#3367 = IFCPOLYLOOP((#3364, #3336, #3368));
#3368 = IFCCARTESIANPOINT((5041.3308708663, 9950.25409442047, 408.067319925252));
#3369 = IFCFACE((#3370));
#3370 = IFCFACEOUTERBOUND(#3371, .T.);
#3371 = IFCPOLYLOOP((#3340, #3368, #3336));
#3372 = IFCFACE((#3373));
#3373 = IFCFACEOUTERBOUND(#3374, .T.);
#3374 = IFCPOLYLOOP((#3350, #3368, #3340));
#3375 = IFCFACE((#3376));
#3376 = IFCFACEOUTERBOUND(#3377, .T.);
#3377 = IFCPOLYLOOP((#3368, #3350, #3378));
#3378 = IFCCARTESIANPOINT((5041.3308708663, 9950.25409442047, 407.987303926851));
#3379 = IFCFACE((#3380));
#3380 = IFCFACEOUTERBOUND(#3381, .T.);
#3381 = IFCPOLYLOOP((#3378, #3350, #3363));
#3382 = IFCFACE((#3383));
#3383 = IFCFACEOUTERBOUND(#3384, .T.);
#3384 = IFCPOLYLOOP((#3335, #3363, #3350));
#3385 = IFCFACE((#3386));
#3386 = IFCFACEOUTERBOUND(#3387, .T.);
#3387 = IFCPOLYLOOP((#3336, #3363, #3335));
#3388 = IFCFACE((#3389));
#3389 = IFCFACEOUTERBOUND(#3390, .T.);
#3390 = IFCPOLYLOOP((#3391, #3364, #3392));
#3391 = IFCCARTESIANPOINT((5043.66484209216, 9952.28134625737, 408.049229161618));
#3392 = IFCCARTESIANPOINT((5043.66484209216, 9952.28134625737, 408.129245155116));
#3393 = IFCFACE((#3394));
#3394 = IFCFACEOUTERBOUND(#3395, .T.);
#3395 = IFCPOLYLOOP((#3392, #3364, #3396));
#3396 = IFCCARTESIANPOINT((5041.39883879158, 9950.18074347238, 408.067444871103));
#3397 = IFCFACE((#3398));
#3398 = IFCFACEOUTERBOUND(#3399, .T.);
#3399 = IFCPOLYLOOP((#3368, #3396, #3364));
#3400 = IFCFACE((#3401));
#3401 = IFCFACEOUTERBOUND(#3402, .T.);
#3402 = IFCPOLYLOOP((#3378, #3396, #3368));
#3403 = IFCFACE((#3404));
#3404 = IFCFACEOUTERBOUND(#3405, .T.);
#3405 = IFCPOLYLOOP((#3396, #3378, #3406));
#3406 = IFCCARTESIANPOINT((5041.39883879158, 9950.18074347238, 407.987428872703));
#3407 = IFCFACE((#3408));
#3408 = IFCFACEOUTERBOUND(#3409, .T.);
#3409 = IFCPOLYLOOP((#3406, #3378, #3391));
#3410 = IFCFACE((#3411));
#3411 = IFCFACEOUTERBOUND(#3412, .T.);
#3412 = IFCPOLYLOOP((#3363, #3391, #3378));
#3413 = IFCFACE((#3414));
#3414 = IFCFACEOUTERBOUND(#3415, .T.);
#3415 = IFCPOLYLOOP((#3364, #3391, #3363));
#3416 = IFCFACE((#3417));
#3417 = IFCFACEOUTERBOUND(#3418, .T.);
#3418 = IFCPOLYLOOP((#3419, #3392, #3420));
#3419 = IFCCARTESIANPOINT((5043.73272445547, 9952.20791599267, 408.049351689516));
#3420 = IFCCARTESIANPOINT((5043.73272445547, 9952.20791599267, 408.129367683159));
#3421 = IFCFACE((#3422));
#3422 = IFCFACEOUTERBOUND(#3423, .T.);
#3423 = IFCPOLYLOOP((#3420, #3392, #3424));
#3424 = IFCCARTESIANPOINT((5041.46680671684, 9950.10739252429, 408.067569816993));
#3425 = IFCFACE((#3426));
#3426 = IFCFACEOUTERBOUND(#3427, .T.);
#3427 = IFCPOLYLOOP((#3396, #3424, #3392));
#3428 = IFCFACE((#3429));
#3429 = IFCFACEOUTERBOUND(#3430, .T.);
#3430 = IFCPOLYLOOP((#3406, #3424, #3396));
#3431 = IFCFACE((#3432));
#3432 = IFCFACEOUTERBOUND(#3433, .T.);
#3433 = IFCPOLYLOOP((#3424, #3406, #3434));
#3434 = IFCCARTESIANPOINT((5041.46680671684, 9950.10739252429, 407.987553818592));
#3435 = IFCFACE((#3436));
#3436 = IFCFACEOUTERBOUND(#3437, .T.);
#3437 = IFCPOLYLOOP((#3434, #3406, #3419));
#3438 = IFCFACE((#3439));
#3439 = IFCFACEOUTERBOUND(#3440, .T.);
#3440 = IFCPOLYLOOP((#3391, #3419, #3406));
#3441 = IFCFACE((#3442));
#3442 = IFCFACEOUTERBOUND(#3443, .T.);
#3443 = IFCPOLYLOOP((#3392, #3419, #3391));
#3444 = IFCFACE((#3445));
#3445 = IFCFACEOUTERBOUND(#3446, .T.);
#3446 = IFCPOLYLOOP((#3447, #3420, #3448));
#3447 = IFCCARTESIANPOINT((5043.80060681879, 9952.13448572797, 408.04947421743));
#3448 = IFCCARTESIANPOINT((5043.80060681879, 9952.13448572797, 408.129490211219));
#3449 = IFCFACE((#3450));
#3450 = IFCFACEOUTERBOUND(#3451, .T.);
#3451 = IFCPOLYLOOP((#3448, #3420, #3452));
#3452 = IFCCARTESIANPOINT((5041.53477464212, 9950.0340415762, 408.06769476292));
#3453 = IFCFACE((#3454));
#3454 = IFCFACEOUTERBOUND(#3455, .T.);
#3455 = IFCPOLYLOOP((#3424, #3452, #3420));
#3456 = IFCFACE((#3457));
#3457 = IFCFACEOUTERBOUND(#3458, .T.);
#3458 = IFCPOLYLOOP((#3434, #3452, #3424));
#3459 = IFCFACE((#3460));
#3460 = IFCFACEOUTERBOUND(#3461, .T.);
#3461 = IFCPOLYLOOP((#3452, #3434, #3462));
#3462 = IFCCARTESIANPOINT((5041.53477464212, 9950.0340415762, 407.98767876452));
#3463 = IFCFACE((#3464));
#3464 = IFCFACEOUTERBOUND(#3465, .T.);
#3465 = IFCPOLYLOOP((#3462, #3434, #3447));
#3466 = IFCFACE((#3467));
#3467 = IFCFACEOUTERBOUND(#3468, .T.);
#3468 = IFCPOLYLOOP((#3419, #3447, #3434));
#3469 = IFCFACE((#3470));
#3470 = IFCFACEOUTERBOUND(#3471, .T.);
#3471 = IFCPOLYLOOP((#3420, #3447, #3419));
#3472 = IFCFACE((#3473));
#3473 = IFCFACEOUTERBOUND(#3474, .T.);
#3474 = IFCPOLYLOOP((#3475, #3448, #3476));
#3475 = IFCCARTESIANPOINT((5043.86848918209, 9952.06105546327, 408.049596745361));
#3476 = IFCCARTESIANPOINT((5043.86848918209, 9952.06105546327, 408.129612739296));
#3477 = IFCFACE((#3478));
#3478 = IFCFACEOUTERBOUND(#3479, .T.);
#3479 = IFCPOLYLOOP((#3476, #3448, #3480));
#3480 = IFCCARTESIANPOINT((5041.60274256739, 9949.9606906281, 408.067819708886));
#3481 = IFCFACE((#3482));
#3482 = IFCFACEOUTERBOUND(#3483, .T.);
#3483 = IFCPOLYLOOP((#3452, #3480, #3448));
#3484 = IFCFACE((#3485));
#3485 = IFCFACEOUTERBOUND(#3486, .T.);
#3486 = IFCPOLYLOOP((#3462, #3480, #3452));
#3487 = IFCFACE((#3488));
#3488 = IFCFACEOUTERBOUND(#3489, .T.);
#3489 = IFCPOLYLOOP((#3480, #3462, #3490));
#3490 = IFCCARTESIANPOINT((5041.60274256739, 9949.9606906281, 407.987803710486));
#3491 = IFCFACE((#3492));
#3492 = IFCFACEOUTERBOUND(#3493, .T.);
#3493 = IFCPOLYLOOP((#3490, #3462, #3475));
#3494 = IFCFACE((#3495));
#3495 = IFCFACEOUTERBOUND(#3496, .T.);
#3496 = IFCPOLYLOOP((#3447, #3475, #3462));
#3497 = IFCFACE((#3498));
#3498 = IFCFACEOUTERBOUND(#3499, .T.);
#3499 = IFCPOLYLOOP((#3448, #3475, #3447));
#3500 = IFCFACE((#3501));
#3501 = IFCFACEOUTERBOUND(#3502, .T.);
#3502 = IFCPOLYLOOP((#3503, #3476, #3504));
#3503 = IFCCARTESIANPOINT((5043.9363715454, 9951.98762519858, 408.049719273309));
#3504 = IFCCARTESIANPOINT((5043.9363715454, 9951.98762519858, 408.129735267389));
#3505 = IFCFACE((#3506));
#3506 = IFCFACEOUTERBOUND(#3507, .T.);
#3507 = IFCPOLYLOOP((#3504, #3476, #3508));
#3508 = IFCCARTESIANPOINT((5041.67071049266, 9949.88733968001, 408.067944654891));
#3509 = IFCFACE((#3510));
#3510 = IFCFACEOUTERBOUND(#3511, .T.);
#3511 = IFCPOLYLOOP((#3480, #3508, #3476));
#3512 = IFCFACE((#3513));
#3513 = IFCFACEOUTERBOUND(#3514, .T.);
#3514 = IFCPOLYLOOP((#3490, #3508, #3480));
#3515 = IFCFACE((#3516));
#3516 = IFCFACEOUTERBOUND(#3517, .T.);
#3517 = IFCPOLYLOOP((#3508, #3490, #3518));
#3518 = IFCCARTESIANPOINT((5041.67071049266, 9949.88733968001, 407.98792865649));
#3519 = IFCFACE((#3520));
#3520 = IFCFACEOUTERBOUND(#3521, .T.);
#3521 = IFCPOLYLOOP((#3518, #3490, #3503));
#3522 = IFCFACE((#3523));
#3523 = IFCFACEOUTERBOUND(#3524, .T.);
#3524 = IFCPOLYLOOP((#3475, #3503, #3490));
#3525 = IFCFACE((#3526));
#3526 = IFCFACEOUTERBOUND(#3527, .T.);
#3527 = IFCPOLYLOOP((#3476, #3503, #3475));
#3528 = IFCFACE((#3529));
#3529 = IFCFACEOUTERBOUND(#3530, .T.);
#3530 = IFCPOLYLOOP((#3531, #3504, #3532));
#3531 = IFCCARTESIANPOINT((5044.00425390871, 9951.91419493388, 408.049841801272));
#3532 = IFCCARTESIANPOINT((5044.00425390871, 9951.91419493388, 408.129857795499));
#3533 = IFCFACE((#3534));
#3534 = IFCFACEOUTERBOUND(#3535, .T.);
#3535 = IFCPOLYLOOP((#3532, #3504, #3536));
#3536 = IFCCARTESIANPOINT((5041.73867841793, 9949.81398873192, 408.068069600933));
#3537 = IFCFACE((#3538));
#3538 = IFCFACEOUTERBOUND(#3539, .T.);
#3539 = IFCPOLYLOOP((#3508, #3536, #3504));
#3540 = IFCFACE((#3541));
#3541 = IFCFACEOUTERBOUND(#3542, .T.);
#3542 = IFCPOLYLOOP((#3518, #3536, #3508));
#3543 = IFCFACE((#3544));
#3544 = IFCFACEOUTERBOUND(#3545, .T.);
#3545 = IFCPOLYLOOP((#3536, #3518, #3546));
#3546 = IFCCARTESIANPOINT((5041.73867841793, 9949.81398873192, 407.988053602532));
#3547 = IFCFACE((#3548));
#3548 = IFCFACEOUTERBOUND(#3549, .T.);
#3549 = IFCPOLYLOOP((#3546, #3518, #3531));
#3550 = IFCFACE((#3551));
#3551 = IFCFACEOUTERBOUND(#3552, .T.);
#3552 = IFCPOLYLOOP((#3503, #3531, #3518));
#3553 = IFCFACE((#3554));
#3554 = IFCFACEOUTERBOUND(#3555, .T.);
#3555 = IFCPOLYLOOP((#3504, #3531, #3503));
#3556 = IFCFACE((#3557));
#3557 = IFCFACEOUTERBOUND(#3558, .T.);
#3558 = IFCPOLYLOOP((#3559, #3532, #3560));
#3559 = IFCCARTESIANPOINT((5044.07213627203, 9951.84076466918, 408.049964329253));
#3560 = IFCCARTESIANPOINT((5044.07213627203, 9951.84076466918, 408.129980323625));
#3561 = IFCFACE((#3562));
#3562 = IFCFACEOUTERBOUND(#3563, .T.);
#3563 = IFCPOLYLOOP((#3560, #3532, #3564));
#3564 = IFCCARTESIANPOINT((5041.8066463432, 9949.74063778383, 408.068194547013));
#3565 = IFCFACE((#3566));
#3566 = IFCFACEOUTERBOUND(#3567, .T.);
#3567 = IFCPOLYLOOP((#3536, #3564, #3532));
#3568 = IFCFACE((#3569));
#3569 = IFCFACEOUTERBOUND(#3570, .T.);
#3570 = IFCPOLYLOOP((#3546, #3564, #3536));
#3571 = IFCFACE((#3572));
#3572 = IFCFACEOUTERBOUND(#3573, .T.);
#3573 = IFCPOLYLOOP((#3564, #3546, #3574));
#3574 = IFCCARTESIANPOINT((5041.8066463432, 9949.74063778383, 407.988178548612));
#3575 = IFCFACE((#3576));
#3576 = IFCFACEOUTERBOUND(#3577, .T.);
#3577 = IFCPOLYLOOP((#3574, #3546, #3559));
#3578 = IFCFACE((#3579));
#3579 = IFCFACEOUTERBOUND(#3580, .T.);
#3580 = IFCPOLYLOOP((#3531, #3559, #3546));
#3581 = IFCFACE((#3582));
#3582 = IFCFACEOUTERBOUND(#3583, .T.);
#3583 = IFCPOLYLOOP((#3532, #3559, #3531));
#3584 = IFCFACE((#3585));
#3585 = IFCFACEOUTERBOUND(#3586, .T.);
#3586 = IFCPOLYLOOP((#3587, #3560, #3588));
#3587 = IFCCARTESIANPOINT((5044.14001863533, 9951.76733440448, 408.05008685725));
#3588 = IFCCARTESIANPOINT((5044.14001863533, 9951.76733440448, 408.130102851767));
#3589 = IFCFACE((#3590));
#3590 = IFCFACEOUTERBOUND(#3591, .T.);
#3591 = IFCPOLYLOOP((#3588, #3560, #3592));
#3592 = IFCCARTESIANPOINT((5041.87461426847, 9949.66728683573, 408.068319493132));
#3593 = IFCFACE((#3594));
#3594 = IFCFACEOUTERBOUND(#3595, .T.);
#3595 = IFCPOLYLOOP((#3564, #3592, #3560));
#3596 = IFCFACE((#3597));
#3597 = IFCFACEOUTERBOUND(#3598, .T.);
#3598 = IFCPOLYLOOP((#3574, #3592, #3564));
#3599 = IFCFACE((#3600));
#3600 = IFCFACEOUTERBOUND(#3601, .T.);
#3601 = IFCPOLYLOOP((#3592, #3574, #3602));
#3602 = IFCCARTESIANPOINT((5041.87461426847, 9949.66728683573, 407.988303494731));
#3603 = IFCFACE((#3604));
#3604 = IFCFACEOUTERBOUND(#3605, .T.);
#3605 = IFCPOLYLOOP((#3602, #3574, #3587));
#3606 = IFCFACE((#3607));
#3607 = IFCFACEOUTERBOUND(#3608, .T.);
#3608 = IFCPOLYLOOP((#3559, #3587, #3574));
#3609 = IFCFACE((#3610));
#3610 = IFCFACEOUTERBOUND(#3611, .T.);
#3611 = IFCPOLYLOOP((#3560, #3587, #3559));
#3612 = IFCFACE((#3613));
#3613 = IFCFACEOUTERBOUND(#3614, .T.);
#3614 = IFCPOLYLOOP((#3615, #3588, #3616));
#3615 = IFCCARTESIANPOINT((5044.20790099864, 9951.69390413978, 408.050209385263));
#3616 = IFCCARTESIANPOINT((5044.20790099864, 9951.69390413978, 408.130225379926));
#3617 = IFCFACE((#3618));
#3618 = IFCFACEOUTERBOUND(#3619, .T.);
#3619 = IFCPOLYLOOP((#3616, #3588, #3620));
#3620 = IFCCARTESIANPOINT((5041.94258219374, 9949.59393588764, 408.068444439286));
#3621 = IFCFACE((#3622));
#3622 = IFCFACEOUTERBOUND(#3623, .T.);
#3623 = IFCPOLYLOOP((#3592, #3620, #3588));
#3624 = IFCFACE((#3625));
#3625 = IFCFACEOUTERBOUND(#3626, .T.);
#3626 = IFCPOLYLOOP((#3602, #3620, #3592));
#3627 = IFCFACE((#3628));
#3628 = IFCFACEOUTERBOUND(#3629, .T.);
#3629 = IFCPOLYLOOP((#3620, #3602, #3630));
#3630 = IFCCARTESIANPOINT((5041.94258219374, 9949.59393588764, 407.988428440888));
#3631 = IFCFACE((#3632));
#3632 = IFCFACEOUTERBOUND(#3633, .T.);
#3633 = IFCPOLYLOOP((#3630, #3602, #3615));
#3634 = IFCFACE((#3635));
#3635 = IFCFACEOUTERBOUND(#3636, .T.);
#3636 = IFCPOLYLOOP((#3587, #3615, #3602));
#3637 = IFCFACE((#3638));
#3638 = IFCFACEOUTERBOUND(#3639, .T.);
#3639 = IFCPOLYLOOP((#3588, #3615, #3587));
#3640 = IFCFACE((#3641));
#3641 = IFCFACEOUTERBOUND(#3642, .T.);
#3642 = IFCPOLYLOOP((#3643, #3616, #3644));
#3643 = IFCCARTESIANPOINT((5044.27578336195, 9951.62047387508, 408.050331913293));
#3644 = IFCCARTESIANPOINT((5044.27578336195, 9951.62047387508, 408.130347908102));
#3645 = IFCFACE((#3646));
#3646 = IFCFACEOUTERBOUND(#3647, .T.);
#3647 = IFCPOLYLOOP((#3644, #3616, #3648));
#3648 = IFCCARTESIANPOINT((5042.01055011901, 9949.52058493955, 408.068569385483));
#3649 = IFCFACE((#3650));
#3650 = IFCFACEOUTERBOUND(#3651, .T.);
#3651 = IFCPOLYLOOP((#3620, #3648, #3616));
#3652 = IFCFACE((#3653));
#3653 = IFCFACEOUTERBOUND(#3654, .T.);
#3654 = IFCPOLYLOOP((#3630, #3648, #3620));
#3655 = IFCFACE((#3656));
#3656 = IFCFACEOUTERBOUND(#3657, .T.);
#3657 = IFCPOLYLOOP((#3648, #3630, #3658));
#3658 = IFCCARTESIANPOINT((5042.01055011901, 9949.52058493955, 407.988553387083));
#3659 = IFCFACE((#3660));
#3660 = IFCFACEOUTERBOUND(#3661, .T.);
#3661 = IFCPOLYLOOP((#3658, #3630, #3643));
#3662 = IFCFACE((#3663));
#3663 = IFCFACEOUTERBOUND(#3664, .T.);
#3664 = IFCPOLYLOOP((#3615, #3643, #3630));
#3665 = IFCFACE((#3666));
#3666 = IFCFACEOUTERBOUND(#3667, .T.);
#3667 = IFCPOLYLOOP((#3616, #3643, #3615));
#3668 = IFCFACE((#3669));
#3669 = IFCFACEOUTERBOUND(#3670, .T.);
#3670 = IFCPOLYLOOP((#3671, #3644, #3672));
#3671 = IFCCARTESIANPOINT((5044.34366572526, 9951.54704361038, 408.050454441339));
#3672 = IFCCARTESIANPOINT((5044.34366572526, 9951.54704361038, 408.130470436293));
#3673 = IFCFACE((#3674));
#3674 = IFCFACEOUTERBOUND(#3675, .T.);
#3675 = IFCPOLYLOOP((#3672, #3644, #3676));
#3676 = IFCCARTESIANPOINT((5042.07851804428, 9949.44723399146, 408.068694331716));
#3677 = IFCFACE((#3678));
#3678 = IFCFACEOUTERBOUND(#3679, .T.);
#3679 = IFCPOLYLOOP((#3648, #3676, #3644));
#3680 = IFCFACE((#3681));
#3681 = IFCFACEOUTERBOUND(#3682, .T.);
#3682 = IFCPOLYLOOP((#3658, #3676, #3648));
#3683 = IFCFACE((#3684));
#3684 = IFCFACEOUTERBOUND(#3685, .T.);
#3685 = IFCPOLYLOOP((#3676, #3658, #3686));
#3686 = IFCCARTESIANPOINT((5042.07851804428, 9949.44723399146, 407.988678333316));
#3687 = IFCFACE((#3688));
#3688 = IFCFACEOUTERBOUND(#3689, .T.);
#3689 = IFCPOLYLOOP((#3686, #3658, #3671));
#3690 = IFCFACE((#3691));
#3691 = IFCFACEOUTERBOUND(#3692, .T.);
#3692 = IFCPOLYLOOP((#3643, #3671, #3658));
#3693 = IFCFACE((#3694));
#3694 = IFCFACEOUTERBOUND(#3695, .T.);
#3695 = IFCPOLYLOOP((#3644, #3671, #3643));
#3696 = IFCFACE((#3697));
#3697 = IFCFACEOUTERBOUND(#3698, .T.);
#3698 = IFCPOLYLOOP((#3699, #3672, #3700));
#3699 = IFCCARTESIANPOINT((5044.41154808857, 9951.47361334568, 408.050576969402));
#3700 = IFCCARTESIANPOINT((5044.41154808857, 9951.47361334568, 408.130592964501));
#3701 = IFCFACE((#3702));
#3702 = IFCFACEOUTERBOUND(#3703, .T.);
#3703 = IFCPOLYLOOP((#3700, #3672, #3704));
#3704 = IFCCARTESIANPOINT((5042.14648596955, 9949.37388304336, 408.068819277985));
#3705 = IFCFACE((#3706));
#3706 = IFCFACEOUTERBOUND(#3707, .T.);
#3707 = IFCPOLYLOOP((#3676, #3704, #3672));
#3708 = IFCFACE((#3709));
#3709 = IFCFACEOUTERBOUND(#3710, .T.);
#3710 = IFCPOLYLOOP((#3686, #3704, #3676));
#3711 = IFCFACE((#3712));
#3712 = IFCFACEOUTERBOUND(#3713, .T.);
#3713 = IFCPOLYLOOP((#3704, #3686, #3714));
#3714 = IFCCARTESIANPOINT((5042.14648596955, 9949.37388304336, 407.988803279587));
#3715 = IFCFACE((#3716));
#3716 = IFCFACEOUTERBOUND(#3717, .T.);
#3717 = IFCPOLYLOOP((#3714, #3686, #3699));
#3718 = IFCFACE((#3719));
#3719 = IFCFACEOUTERBOUND(#3720, .T.);
#3720 = IFCPOLYLOOP((#3671, #3699, #3686));
#3721 = IFCFACE((#3722));
#3722 = IFCFACEOUTERBOUND(#3723, .T.);
#3723 = IFCPOLYLOOP((#3672, #3699, #3671));
#3724 = IFCFACE((#3725));
#3725 = IFCFACEOUTERBOUND(#3726, .T.);
#3726 = IFCPOLYLOOP((#3727, #3700, #3728));
#3727 = IFCCARTESIANPOINT((5044.47943045188, 9951.40018308098, 408.050699497482));
#3728 = IFCCARTESIANPOINT((5044.47943045188, 9951.40018308098, 408.130715492727));
#3729 = IFCFACE((#3730));
#3730 = IFCFACEOUTERBOUND(#3731, .T.);
#3731 = IFCPOLYLOOP((#3728, #3700, #3732));
#3732 = IFCCARTESIANPOINT((5042.21445389482, 9949.30053209527, 408.068944224297));
#3733 = IFCFACE((#3734));
#3734 = IFCFACEOUTERBOUND(#3735, .T.);
#3735 = IFCPOLYLOOP((#3704, #3732, #3700));
#3736 = IFCFACE((#3737));
#3737 = IFCFACEOUTERBOUND(#3738, .T.);
#3738 = IFCPOLYLOOP((#3714, #3732, #3704));
#3739 = IFCFACE((#3740));
#3740 = IFCFACEOUTERBOUND(#3741, .T.);
#3741 = IFCPOLYLOOP((#3732, #3714, #3742));
#3742 = IFCCARTESIANPOINT((5042.21445389482, 9949.30053209527, 407.988928225897));
#3743 = IFCFACE((#3744));
#3744 = IFCFACEOUTERBOUND(#3745, .T.);
#3745 = IFCPOLYLOOP((#3742, #3714, #3727));
#3746 = IFCFACE((#3747));
#3747 = IFCFACEOUTERBOUND(#3748, .T.);
#3748 = IFCPOLYLOOP((#3699, #3727, #3714));
#3749 = IFCFACE((#3750));
#3750 = IFCFACEOUTERBOUND(#3751, .T.);
#3751 = IFCPOLYLOOP((#3700, #3727, #3699));
#3752 = IFCFACE((#3753));
#3753 = IFCFACEOUTERBOUND(#3754, .T.);
#3754 = IFCPOLYLOOP((#3755, #3728, #3756));
#3755 = IFCCARTESIANPOINT((5044.54731281519, 9951.32675281628, 408.050822025578));
#3756 = IFCCARTESIANPOINT((5044.54731281519, 9951.32675281628, 408.130838020968));
#3757 = IFCFACE((#3758));
#3758 = IFCFACEOUTERBOUND(#3759, .T.);
#3759 = IFCPOLYLOOP((#3756, #3728, #3760));
#3760 = IFCCARTESIANPOINT((5042.28242182009, 9949.22718114718, 408.069069170644));
#3761 = IFCFACE((#3762));
#3762 = IFCFACEOUTERBOUND(#3763, .T.);
#3763 = IFCPOLYLOOP((#3732, #3760, #3728));
#3764 = IFCFACE((#3765));
#3765 = IFCFACEOUTERBOUND(#3766, .T.);
#3766 = IFCPOLYLOOP((#3742, #3760, #3732));
#3767 = IFCFACE((#3768));
#3768 = IFCFACEOUTERBOUND(#3769, .T.);
#3769 = IFCPOLYLOOP((#3760, #3742, #3770));
#3770 = IFCCARTESIANPOINT((5042.28242182009, 9949.22718114718, 407.989053172244));
#3771 = IFCFACE((#3772));
#3772 = IFCFACEOUTERBOUND(#3773, .T.);
#3773 = IFCPOLYLOOP((#3770, #3742, #3755));
#3774 = IFCFACE((#3775));
#3775 = IFCFACEOUTERBOUND(#3776, .T.);
#3776 = IFCPOLYLOOP((#3727, #3755, #3742));
#3777 = IFCFACE((#3778));
#3778 = IFCFACEOUTERBOUND(#3779, .T.);
#3779 = IFCPOLYLOOP((#3728, #3755, #3727));
#3780 = IFCFACE((#3781));
#3781 = IFCFACEOUTERBOUND(#3782, .T.);
#3782 = IFCPOLYLOOP((#3783, #3756, #3784));
#3783 = IFCCARTESIANPOINT((5044.6151951785, 9951.25332255158, 408.05094455369));
#3784 = IFCCARTESIANPOINT((5044.6151951785, 9951.25332255158, 408.130960549226));
#3785 = IFCFACE((#3786));
#3786 = IFCFACEOUTERBOUND(#3787, .T.);
#3787 = IFCPOLYLOOP((#3784, #3756, #3788));
#3788 = IFCCARTESIANPOINT((5042.35038974536, 9949.15383019908, 408.069194117032));
#3789 = IFCFACE((#3790));
#3790 = IFCFACEOUTERBOUND(#3791, .T.);
#3791 = IFCPOLYLOOP((#3760, #3788, #3756));
#3792 = IFCFACE((#3793));
#3793 = IFCFACEOUTERBOUND(#3794, .T.);
#3794 = IFCPOLYLOOP((#3770, #3788, #3760));
#3795 = IFCFACE((#3796));
#3796 = IFCFACEOUTERBOUND(#3797, .T.);
#3797 = IFCPOLYLOOP((#3788, #3770, #3798));
#3798 = IFCCARTESIANPOINT((5042.35038974536, 9949.15383019908, 407.98917811863));
#3799 = IFCFACE((#3800));
#3800 = IFCFACEOUTERBOUND(#3801, .T.);
#3801 = IFCPOLYLOOP((#3798, #3770, #3783));
#3802 = IFCFACE((#3803));
#3803 = IFCFACEOUTERBOUND(#3804, .T.);
#3804 = IFCPOLYLOOP((#3755, #3783, #3770));
#3805 = IFCFACE((#3806));
#3806 = IFCFACEOUTERBOUND(#3807, .T.);
#3807 = IFCPOLYLOOP((#3756, #3783, #3755));
#3808 = IFCFACE((#3809));
#3809 = IFCFACEOUTERBOUND(#3810, .T.);
#3810 = IFCPOLYLOOP((#3811, #3784, #3812));
#3811 = IFCCARTESIANPOINT((5044.68307754181, 9951.17989228688, 408.05106708182));
#3812 = IFCCARTESIANPOINT((5044.68307754181, 9951.17989228688, 408.1310830775));
#3813 = IFCFACE((#3814));
#3814 = IFCFACEOUTERBOUND(#3815, .T.);
#3815 = IFCPOLYLOOP((#3812, #3784, #3816));
#3816 = IFCCARTESIANPOINT((5042.41835767063, 9949.08047925099, 408.069319063454));
#3817 = IFCFACE((#3818));
#3818 = IFCFACEOUTERBOUND(#3819, .T.);
#3819 = IFCPOLYLOOP((#3788, #3816, #3784));
#3820 = IFCFACE((#3821));
#3821 = IFCFACEOUTERBOUND(#3822, .T.);
#3822 = IFCPOLYLOOP((#3798, #3816, #3788));
#3823 = IFCFACE((#3824));
#3824 = IFCFACEOUTERBOUND(#3825, .T.);
#3825 = IFCPOLYLOOP((#3816, #3798, #3826));
#3826 = IFCCARTESIANPOINT((5042.41835767063, 9949.08047925099, 407.989303065054));
#3827 = IFCFACE((#3828));
#3828 = IFCFACEOUTERBOUND(#3829, .T.);
#3829 = IFCPOLYLOOP((#3826, #3798, #3811));
#3830 = IFCFACE((#3831));
#3831 = IFCFACEOUTERBOUND(#3832, .T.);
#3832 = IFCPOLYLOOP((#3783, #3811, #3798));
#3833 = IFCFACE((#3834));
#3834 = IFCFACEOUTERBOUND(#3835, .T.);
#3835 = IFCPOLYLOOP((#3784, #3811, #3783));
#3836 = IFCFACE((#3837));
#3837 = IFCFACEOUTERBOUND(#3838, .T.);
#3838 = IFCPOLYLOOP((#3839, #3812, #3840));
#3839 = IFCCARTESIANPOINT((5044.75095990512, 9951.10646202218, 408.051189609965));
#3840 = IFCCARTESIANPOINT((5044.75095990512, 9951.10646202218, 408.131205605791));
#3841 = IFCFACE((#3842));
#3842 = IFCFACEOUTERBOUND(#3843, .T.);
#3843 = IFCPOLYLOOP((#3840, #3812, #3844));
#3844 = IFCCARTESIANPOINT((5042.4863255959, 9949.0071283029, 408.069444009916));
#3845 = IFCFACE((#3846));
#3846 = IFCFACEOUTERBOUND(#3847, .T.);
#3847 = IFCPOLYLOOP((#3816, #3844, #3812));
#3848 = IFCFACE((#3849));
#3849 = IFCFACEOUTERBOUND(#3850, .T.);
#3850 = IFCPOLYLOOP((#3826, #3844, #3816));
#3851 = IFCFACE((#3852));
#3852 = IFCFACEOUTERBOUND(#3853, .T.);
#3853 = IFCPOLYLOOP((#3844, #3826, #3854));
#3854 = IFCCARTESIANPOINT((5042.4863255959, 9949.0071283029, 407.989428011516));
#3855 = IFCFACE((#3856));
#3856 = IFCFACEOUTERBOUND(#3857, .T.);
#3857 = IFCPOLYLOOP((#3854, #3826, #3839));
#3858 = IFCFACE((#3859));
#3859 = IFCFACEOUTERBOUND(#3860, .T.);
#3860 = IFCPOLYLOOP((#3811, #3839, #3826));
#3861 = IFCFACE((#3862));
#3862 = IFCFACEOUTERBOUND(#3863, .T.);
#3863 = IFCPOLYLOOP((#3812, #3839, #3811));
#3864 = IFCFACE((#3865));
#3865 = IFCFACEOUTERBOUND(#3866, .T.);
#3866 = IFCPOLYLOOP((#3867, #3840, #3868));
#3867 = IFCCARTESIANPOINT((5044.81884226843, 9951.03303175748, 408.051312138127));
#3868 = IFCCARTESIANPOINT((5044.81884226843, 9951.03303175748, 408.131328134098));
#3869 = IFCFACE((#3870));
#3870 = IFCFACEOUTERBOUND(#3871, .T.);
#3871 = IFCPOLYLOOP((#3868, #3840, #3872));
#3872 = IFCCARTESIANPOINT((5042.55429352117, 9948.93377735481, 408.069568956415));
#3873 = IFCFACE((#3874));
#3874 = IFCFACEOUTERBOUND(#3875, .T.);
#3875 = IFCPOLYLOOP((#3844, #3872, #3840));
#3876 = IFCFACE((#3877));
#3877 = IFCFACEOUTERBOUND(#3878, .T.);
#3878 = IFCPOLYLOOP((#3854, #3872, #3844));
#3879 = IFCFACE((#3880));
#3880 = IFCFACEOUTERBOUND(#3881, .T.);
#3881 = IFCPOLYLOOP((#3872, #3854, #3882));
#3882 = IFCCARTESIANPOINT((5042.55429352117, 9948.93377735481, 407.989552958017));
#3883 = IFCFACE((#3884));
#3884 = IFCFACEOUTERBOUND(#3885, .T.);
#3885 = IFCPOLYLOOP((#3882, #3854, #3867));
#3886 = IFCFACE((#3887));
#3887 = IFCFACEOUTERBOUND(#3888, .T.);
#3888 = IFCPOLYLOOP((#3839, #3867, #3854));
#3889 = IFCFACE((#3890));
#3890 = IFCFACEOUTERBOUND(#3891, .T.);
#3891 = IFCPOLYLOOP((#3840, #3867, #3839));
#3892 = IFCFACE((#3893));
#3893 = IFCFACEOUTERBOUND(#3894, .T.);
#3894 = IFCPOLYLOOP((#3895, #3868, #3896));
#3895 = IFCCARTESIANPOINT((5044.88672463174, 9950.95960149278, 408.051434666306));
#3896 = IFCCARTESIANPOINT((5044.88672463174, 9950.95960149278, 408.131450662423));
#3897 = IFCFACE((#3898));
#3898 = IFCFACEOUTERBOUND(#3899, .T.);
#3899 = IFCPOLYLOOP((#3896, #3868, #3900));
#3900 = IFCCARTESIANPOINT((5042.62226144644, 9948.86042640671, 408.069693902955));
#3901 = IFCFACE((#3902));
#3902 = IFCFACEOUTERBOUND(#3903, .T.);
#3903 = IFCPOLYLOOP((#3872, #3900, #3868));
#3904 = IFCFACE((#3905));
#3905 = IFCFACEOUTERBOUND(#3906, .T.);
#3906 = IFCPOLYLOOP((#3882, #3900, #3872));
#3907 = IFCFACE((#3908));
#3908 = IFCFACEOUTERBOUND(#3909, .T.);
#3909 = IFCPOLYLOOP((#3900, #3882, #3910));
#3910 = IFCCARTESIANPOINT((5042.62226144644, 9948.86042640671, 407.989677904555));
#3911 = IFCFACE((#3912));
#3912 = IFCFACEOUTERBOUND(#3913, .T.);
#3913 = IFCPOLYLOOP((#3910, #3882, #3895));
#3914 = IFCFACE((#3915));
#3915 = IFCFACEOUTERBOUND(#3916, .T.);
#3916 = IFCPOLYLOOP((#3867, #3895, #3882));
#3917 = IFCFACE((#3918));
#3918 = IFCFACEOUTERBOUND(#3919, .T.);
#3919 = IFCPOLYLOOP((#3868, #3895, #3867));
#3920 = IFCFACE((#3921));
#3921 = IFCFACEOUTERBOUND(#3922, .T.);
#3922 = IFCPOLYLOOP((#3923, #3896, #3924));
#3923 = IFCCARTESIANPOINT((5044.95460699505, 9950.88617122809, 408.051557194502));
#3924 = IFCCARTESIANPOINT((5044.95460699505, 9950.88617122809, 408.131573190763));
#3925 = IFCFACE((#3926));
#3926 = IFCFACEOUTERBOUND(#3927, .T.);
#3927 = IFCPOLYLOOP((#3924, #3896, #3928));
#3928 = IFCCARTESIANPOINT((5042.69022937172, 9948.78707545862, 408.069818849532));
#3929 = IFCFACE((#3930));
#3930 = IFCFACEOUTERBOUND(#3931, .T.);
#3931 = IFCPOLYLOOP((#3900, #3928, #3896));
#3932 = IFCFACE((#3933));
#3933 = IFCFACEOUTERBOUND(#3934, .T.);
#3934 = IFCPOLYLOOP((#3910, #3928, #3900));
#3935 = IFCFACE((#3936));
#3936 = IFCFACEOUTERBOUND(#3937, .T.);
#3937 = IFCPOLYLOOP((#3928, #3910, #3938));
#3938 = IFCCARTESIANPOINT((5042.69022937172, 9948.78707545862, 407.989802851132));
#3939 = IFCFACE((#3940));
#3940 = IFCFACEOUTERBOUND(#3941, .T.);
#3941 = IFCPOLYLOOP((#3938, #3910, #3923));
#3942 = IFCFACE((#3943));
#3943 = IFCFACEOUTERBOUND(#3944, .T.);
#3944 = IFCPOLYLOOP((#3895, #3923, #3910));
#3945 = IFCFACE((#3946));
#3946 = IFCFACEOUTERBOUND(#3947, .T.);
#3947 = IFCPOLYLOOP((#3896, #3923, #3895));
#3948 = IFCFACE((#3949));
#3949 = IFCFACEOUTERBOUND(#3950, .T.);
#3950 = IFCPOLYLOOP((#3951, #3924, #3952));
#3951 = IFCCARTESIANPOINT((5045.02248935836, 9950.81274096338, 408.051679722714));
#3952 = IFCCARTESIANPOINT((5045.02248935836, 9950.81274096338, 408.13169571912));
#3953 = IFCFACE((#3954));
#3954 = IFCFACEOUTERBOUND(#3955, .T.);
#3955 = IFCPOLYLOOP((#3952, #3924, #3956));
#3956 = IFCCARTESIANPOINT((5042.75819729698, 9948.71372451053, 408.069943796145));
#3957 = IFCFACE((#3958));
#3958 = IFCFACEOUTERBOUND(#3959, .T.);
#3959 = IFCPOLYLOOP((#3928, #3956, #3924));
#3960 = IFCFACE((#3961));
#3961 = IFCFACEOUTERBOUND(#3962, .T.);
#3962 = IFCPOLYLOOP((#3938, #3956, #3928));
#3963 = IFCFACE((#3964));
#3964 = IFCFACEOUTERBOUND(#3965, .T.);
#3965 = IFCPOLYLOOP((#3956, #3938, #3966));
#3966 = IFCCARTESIANPOINT((5042.75819729698, 9948.71372451053, 407.989927797747));
#3967 = IFCFACE((#3968));
#3968 = IFCFACEOUTERBOUND(#3969, .T.);
#3969 = IFCPOLYLOOP((#3966, #3938, #3951));
#3970 = IFCFACE((#3971));
#3971 = IFCFACEOUTERBOUND(#3972, .T.);
#3972 = IFCPOLYLOOP((#3923, #3951, #3938));
#3973 = IFCFACE((#3974));
#3974 = IFCFACEOUTERBOUND(#3975, .T.);
#3975 = IFCPOLYLOOP((#3924, #3951, #3923));
#3976 = IFCFACE((#3977));
#3977 = IFCFACEOUTERBOUND(#3978, .T.);
#3978 = IFCPOLYLOOP((#3979, #3952, #3980));
#3979 = IFCCARTESIANPOINT((5045.09037172167, 9950.73931069869, 408.051802250942));
#3980 = IFCCARTESIANPOINT((5045.09037172167, 9950.73931069869, 408.131818247494));
#3981 = IFCFACE((#3982));
#3982 = IFCFACEOUTERBOUND(#3983, .T.);
#3983 = IFCPOLYLOOP((#3980, #3952, #3984));
#3984 = IFCCARTESIANPOINT((5042.82616522226, 9948.64037356244, 408.070068742802));
#3985 = IFCFACE((#3986));
#3986 = IFCFACEOUTERBOUND(#3987, .T.);
#3987 = IFCPOLYLOOP((#3956, #3984, #3952));
#3988 = IFCFACE((#3989));
#3989 = IFCFACEOUTERBOUND(#3990, .T.);
#3990 = IFCPOLYLOOP((#3966, #3984, #3956));
#3991 = IFCFACE((#3992));
#3992 = IFCFACEOUTERBOUND(#3993, .T.);
#3993 = IFCPOLYLOOP((#3984, #3966, #3994));
#3994 = IFCCARTESIANPOINT((5042.82616522226, 9948.64037356244, 407.9900527444));
#3995 = IFCFACE((#3996));
#3996 = IFCFACEOUTERBOUND(#3997, .T.);
#3997 = IFCPOLYLOOP((#3994, #3966, #3979));
#3998 = IFCFACE((#3999));
#3999 = IFCFACEOUTERBOUND(#4000, .T.);
#4000 = IFCPOLYLOOP((#3951, #3979, #3966));
#4001 = IFCFACE((#4002));
#4002 = IFCFACEOUTERBOUND(#4003, .T.);
#4003 = IFCPOLYLOOP((#3952, #3979, #3951));
#4004 = IFCFACE((#4005));
#4005 = IFCFACEOUTERBOUND(#4006, .T.);
#4006 = IFCPOLYLOOP((#4007, #3980, #4008));
#4007 = IFCCARTESIANPOINT((5045.15825408498, 9950.66588043399, 408.051924779187));
#4008 = IFCCARTESIANPOINT((5045.15825408498, 9950.66588043399, 408.131940775884));
#4009 = IFCFACE((#4010));
#4010 = IFCFACEOUTERBOUND(#4011, .T.);
#4011 = IFCPOLYLOOP((#4008, #3980, #4012));
#4012 = IFCCARTESIANPOINT((5042.89413314753, 9948.56702261434, 408.070193689491));
#4013 = IFCFACE((#4014));
#4014 = IFCFACEOUTERBOUND(#4015, .T.);
#4015 = IFCPOLYLOOP((#3984, #4012, #3980));
#4016 = IFCFACE((#4017));
#4017 = IFCFACEOUTERBOUND(#4018, .T.);
#4018 = IFCPOLYLOOP((#3994, #4012, #3984));
#4019 = IFCFACE((#4020));
#4020 = IFCFACEOUTERBOUND(#4021, .T.);
#4021 = IFCPOLYLOOP((#4012, #3994, #4022));
#4022 = IFCCARTESIANPOINT((5042.89413314753, 9948.56702261434, 407.990177691091));
#4023 = IFCFACE((#4024));
#4024 = IFCFACEOUTERBOUND(#4025, .T.);
#4025 = IFCPOLYLOOP((#4022, #3994, #4007));
#4026 = IFCFACE((#4027));
#4027 = IFCFACEOUTERBOUND(#4028, .T.);
#4028 = IFCPOLYLOOP((#3979, #4007, #3994));
#4029 = IFCFACE((#4030));
#4030 = IFCFACEOUTERBOUND(#4031, .T.);
#4031 = IFCPOLYLOOP((#3980, #4007, #3979));
#4032 = IFCFACE((#4033));
#4033 = IFCFACEOUTERBOUND(#4034, .T.);
#4034 = IFCPOLYLOOP((#4035, #4008, #4036));
#4035 = IFCCARTESIANPOINT((5045.22613644829, 9950.59245016929, 408.052047307449));
#4036 = IFCCARTESIANPOINT((5045.22613644829, 9950.59245016929, 408.132063304291));
#4037 = IFCFACE((#4038));
#4038 = IFCFACEOUTERBOUND(#4039, .T.);
#4039 = IFCPOLYLOOP((#4036, #4008, #4040));
#4040 = IFCCARTESIANPOINT((5042.9621010728, 9948.49367166625, 408.070318636223));
#4041 = IFCFACE((#4042));
#4042 = IFCFACEOUTERBOUND(#4043, .T.);
#4043 = IFCPOLYLOOP((#4012, #4040, #4008));
#4044 = IFCFACE((#4045));
#4045 = IFCFACEOUTERBOUND(#4046, .T.);
#4046 = IFCPOLYLOOP((#4022, #4040, #4012));
#4047 = IFCFACE((#4048));
#4048 = IFCFACEOUTERBOUND(#4049, .T.);
#4049 = IFCPOLYLOOP((#4040, #4022, #4050));
#4050 = IFCCARTESIANPOINT((5042.9621010728, 9948.49367166625, 407.99030263782));
#4051 = IFCFACE((#4052));
#4052 = IFCFACEOUTERBOUND(#4053, .T.);
#4053 = IFCPOLYLOOP((#4050, #4022, #4035));
#4054 = IFCFACE((#4055));
#4055 = IFCFACEOUTERBOUND(#4056, .T.);
#4056 = IFCPOLYLOOP((#4007, #4035, #4022));
#4057 = IFCFACE((#4058));
#4058 = IFCFACEOUTERBOUND(#4059, .T.);
#4059 = IFCPOLYLOOP((#4008, #4035, #4007));
#4060 = IFCFACE((#4061));
#4061 = IFCFACEOUTERBOUND(#4062, .T.);
#4062 = IFCPOLYLOOP((#4063, #4036, #4064));
#4063 = IFCCARTESIANPOINT((5045.2940188116, 9950.51901990459, 408.052169835727));
#4064 = IFCCARTESIANPOINT((5045.2940188116, 9950.51901990459, 408.132185832714));
#4065 = IFCFACE((#4066));
#4066 = IFCFACEOUTERBOUND(#4067, .T.);
#4067 = IFCPOLYLOOP((#4064, #4036, #4068));
#4068 = IFCCARTESIANPOINT((5043.03006899807, 9948.42032071816, 408.07044358299));
#4069 = IFCFACE((#4070));
#4070 = IFCFACEOUTERBOUND(#4071, .T.);
#4071 = IFCPOLYLOOP((#4040, #4068, #4036));
#4072 = IFCFACE((#4073));
#4073 = IFCFACEOUTERBOUND(#4074, .T.);
#4074 = IFCPOLYLOOP((#4050, #4068, #4040));
#4075 = IFCFACE((#4076));
#4076 = IFCFACEOUTERBOUND(#4077, .T.);
#4077 = IFCPOLYLOOP((#4068, #4050, #4078));
#4078 = IFCCARTESIANPOINT((5043.03006899807, 9948.42032071816, 407.990427584588));
#4079 = IFCFACE((#4080));
#4080 = IFCFACEOUTERBOUND(#4081, .T.);
#4081 = IFCPOLYLOOP((#4078, #4050, #4063));
#4082 = IFCFACE((#4083));
#4083 = IFCFACEOUTERBOUND(#4084, .T.);
#4084 = IFCPOLYLOOP((#4035, #4063, #4050));
#4085 = IFCFACE((#4086));
#4086 = IFCFACEOUTERBOUND(#4087, .T.);
#4087 = IFCPOLYLOOP((#4036, #4063, #4035));
#4088 = IFCFACE((#4089));
#4089 = IFCFACEOUTERBOUND(#4090, .T.);
#4090 = IFCPOLYLOOP((#4091, #4064, #4092));
#4091 = IFCCARTESIANPOINT((5045.33529671269, 9950.47436843206, 408.052244345181));
#4092 = IFCCARTESIANPOINT((5045.33529671269, 9950.47436843206, 408.132260342256));
#4093 = IFCFACE((#4094));
#4094 = IFCFACEOUTERBOUND(#4095, .T.);
#4095 = IFCPOLYLOOP((#4092, #4064, #4096));
#4096 = IFCCARTESIANPOINT((5043.07139892939, 9948.37571747806, 408.070519563134));
#4097 = IFCFACE((#4098));
#4098 = IFCFACEOUTERBOUND(#4099, .T.);
#4099 = IFCPOLYLOOP((#4068, #4096, #4064));
#4100 = IFCFACE((#4101));
#4101 = IFCFACEOUTERBOUND(#4102, .T.);
#4102 = IFCPOLYLOOP((#4078, #4096, #4068));
#4103 = IFCFACE((#4104));
#4104 = IFCFACEOUTERBOUND(#4105, .T.);
#4105 = IFCPOLYLOOP((#4096, #4078, #4106));
#4106 = IFCCARTESIANPOINT((5043.07139892939, 9948.37571747806, 407.990503564736));
#4107 = IFCFACE((#4108));
#4108 = IFCFACEOUTERBOUND(#4109, .T.);
#4109 = IFCPOLYLOOP((#4106, #4078, #4091));
#4110 = IFCFACE((#4111));
#4111 = IFCFACEOUTERBOUND(#4112, .T.);
#4112 = IFCPOLYLOOP((#4063, #4091, #4078));
#4113 = IFCFACE((#4114));
#4114 = IFCFACEOUTERBOUND(#4115, .T.);
#4115 = IFCPOLYLOOP((#4064, #4091, #4063));
#4116 = IFCFACE((#4117));
#4117 = IFCFACEOUTERBOUND(#4118, .T.);
#4118 = IFCPOLYLOOP((#4119, #4092, #4120));
#4119 = IFCCARTESIANPOINT((5045.33610451282, 9950.47349461192, 408.052245687284));
#4120 = IFCCARTESIANPOINT((5045.33610451282, 9950.47349461192, 408.132261684902));
#4121 = IFCFACE((#4122));
#4122 = IFCFACEOUTERBOUND(#4123, .T.);
#4123 = IFCPOLYLOOP((#4120, #4092, #4124));
#4124 = IFCCARTESIANPOINT((5044.06518295192, 9949.29534038345, 408.097601022237));
#4125 = IFCFACE((#4126));
#4126 = IFCFACEOUTERBOUND(#4127, .T.);
#4127 = IFCPOLYLOOP((#4096, #4124, #4092));
#4128 = IFCFACE((#4129));
#4129 = IFCFACEOUTERBOUND(#4130, .T.);
#4130 = IFCPOLYLOOP((#4106, #4124, #4096));
#4131 = IFCFACE((#4132));
#4132 = IFCFACEOUTERBOUND(#4133, .T.);
#4133 = IFCPOLYLOOP((#4124, #4106, #4134));
#4134 = IFCCARTESIANPOINT((5044.06518295192, 9949.29534038345, 408.017585023836));
#4135 = IFCFACE((#4136));
#4136 = IFCFACEOUTERBOUND(#4137, .T.);
#4137 = IFCPOLYLOOP((#4134, #4106, #4119));
#4138 = IFCFACE((#4139));
#4139 = IFCFACEOUTERBOUND(#4140, .T.);
#4140 = IFCPOLYLOOP((#4091, #4119, #4106));
#4141 = IFCFACE((#4142));
#4142 = IFCFACEOUTERBOUND(#4143, .T.);
#4143 = IFCPOLYLOOP((#4092, #4119, #4091));
#4144 = IFCFACE((#4145));
#4145 = IFCFACEOUTERBOUND(#4146, .T.);
#4146 = IFCPOLYLOOP((#4147, #4120, #4148));
#4147 = IFCCARTESIANPOINT((5045.36190117491, 9950.44558963989, 408.052292252847));
#4148 = IFCCARTESIANPOINT((5045.36190117491, 9950.44558963989, 408.132308250497));
#4149 = IFCFACE((#4150));
#4150 = IFCFACEOUTERBOUND(#4151, .T.);
#4151 = IFCPOLYLOOP((#4124, #4148, #4120));
#4152 = IFCFACE((#4153));
#4153 = IFCFACEOUTERBOUND(#4154, .T.);
#4154 = IFCPOLYLOOP((#4148, #4124, #4155));
#4155 = IFCCARTESIANPOINT((5044.09097961402, 9949.26743541142, 408.09764761533));
#4156 = IFCFACE((#4157));
#4157 = IFCFACEOUTERBOUND(#4158, .T.);
#4158 = IFCPOLYLOOP((#4134, #4155, #4124));
#4159 = IFCFACE((#4160));
#4160 = IFCFACEOUTERBOUND(#4161, .T.);
#4161 = IFCPOLYLOOP((#4155, #4134, #4162));
#4162 = IFCCARTESIANPOINT((5044.09097961402, 9949.26743541142, 408.017631616932));
#4163 = IFCFACE((#4164));
#4164 = IFCFACEOUTERBOUND(#4165, .T.);
#4165 = IFCPOLYLOOP((#4162, #4134, #4147));
#4166 = IFCFACE((#4167));
#4167 = IFCFACEOUTERBOUND(#4168, .T.);
#4168 = IFCPOLYLOOP((#4119, #4147, #4134));
#4169 = IFCFACE((#4170));
#4170 = IFCFACEOUTERBOUND(#4171, .T.);
#4171 = IFCPOLYLOOP((#4120, #4147, #4119));
#4172 = IFCFACE((#4173));
#4173 = IFCFACEOUTERBOUND(#4174, .T.);
#4174 = IFCPOLYLOOP((#4175, #4148, #4176));
#4175 = IFCCARTESIANPOINT((5045.40731107242, 9950.39646846434, 408.052374232755));
#4176 = IFCCARTESIANPOINT((5045.40731107242, 9950.39646846434, 408.132390230464));
#4177 = IFCFACE((#4178));
#4178 = IFCFACEOUTERBOUND(#4179, .T.);
#4179 = IFCPOLYLOOP((#4155, #4176, #4148));
#4180 = IFCFACE((#4181));
#4181 = IFCFACEOUTERBOUND(#4182, .T.);
#4182 = IFCPOLYLOOP((#4176, #4155, #4183));
#4183 = IFCCARTESIANPOINT((5044.13638951153, 9949.21831423587, 408.097729643718));
#4184 = IFCFACE((#4185));
#4185 = IFCFACEOUTERBOUND(#4186, .T.);
#4186 = IFCPOLYLOOP((#4162, #4183, #4155));
#4187 = IFCFACE((#4188));
#4188 = IFCFACEOUTERBOUND(#4189, .T.);
#4189 = IFCPOLYLOOP((#4183, #4162, #4190));
#4190 = IFCCARTESIANPOINT((5044.13638951153, 9949.21831423587, 408.017713645317));
#4191 = IFCFACE((#4192));
#4192 = IFCFACEOUTERBOUND(#4193, .T.);
#4193 = IFCPOLYLOOP((#4190, #4162, #4175));
#4194 = IFCFACE((#4195));
#4195 = IFCFACEOUTERBOUND(#4196, .T.);
#4196 = IFCPOLYLOOP((#4147, #4175, #4162));
#4197 = IFCFACE((#4198));
#4198 = IFCFACEOUTERBOUND(#4199, .T.);
#4199 = IFCPOLYLOOP((#4148, #4175, #4147));
#4200 = IFCFACE((#4201));
#4201 = IFCFACEOUTERBOUND(#4202, .T.);
#4202 = IFCPOLYLOOP((#4176, #4183, #4190));
#4203 = IFCFACE((#4204));
#4204 = IFCFACEOUTERBOUND(#4205, .T.);
#4205 = IFCPOLYLOOP((#4175, #4176, #4190));
#4206 = IFCBUILDINGSTOREY('3f4$Ad8Un5IfpN7O$xGwEN', #7, 'Neubau Decke 2 Erg\X2\00E4\X0\nzung WSH Bstg. Gleis 2', $, $, #4207, $, $, .ELEMENT., 0.);
#4207 = IFCLOCALPLACEMENT(#53, #4208);
#4208 = IFCAXIS2PLACEMENT3D(#6, #4, #2);

/* ------- Container for all storeys withinIFCBUILDING(#52) ------------------------------------ */
#4209 = IFCRELAGGREGATES('2nRuElRVH5g9sX7GEDFEhI', #7, $, $, #52, (#4206));
#4210 = IFCRELCONTAINEDINSPATIALSTRUCTURE('10Jc10UT5CyBDjvYHwrTuT', #7, $, $, (#4211, #6298), #4206);
#4211 = IFCBUILDINGELEMENTPROXY('2UXIf6S$zAfh7hjFbGFGvI', #7, 'Neubau Decke 2 Erg\X2\00E4\X0\nzung WSH Bstg. Gleis 2', $, $, #4212, #4257, $, .ELEMENT.);
#4212 = IFCLOCALPLACEMENT(#4207, #4213);
#4213 = IFCAXIS2PLACEMENT3D(#6, #4, #2);
#4214 = IFCPROPERTYSET('3harMvYuPFOR6JyV56iPgs', #7, 'ProVI', $, (#4215, #4216, #4217, #4218, #4219, #4220, #4221, #4222, #4224, #4226, #4227, #4229, #4231, #4233));
#4215 = IFCPROPERTYSINGLEVALUE('PVI_BEZEICHNUNG_PROJEKT', $, IFCLABEL('Kressbronn VA'), $);
#4216 = IFCPROPERTYSINGLEVALUE('PVI_NUMMER_PROJEKT', $, IFCLABEL('522'), $);
#4217 = IFCPROPERTYSINGLEVALUE('PVI_BEZEICHNUNG_DATEI', $, IFCLABEL('Trasse Bestand mit Erg\X2\00E4\X0\nzung WSH'), $);
#4218 = IFCPROPERTYSINGLEVALUE('PVI_BAUTEILGRUPPE', $, IFCLABEL('Bahnsteige'), $);
#4219 = IFCPROPERTYSINGLEVALUE('PVI_BAUTEILTYP', $, IFCLABEL('Neubau Decke 2 Erg\X2\00E4\X0\nzung WSH Bstg. Gleis 2'), $);
#4220 = IFCPROPERTYSINGLEVALUE('PVI_KM_VON', $, IFCLABEL('13,9+56,184'), $);
#4221 = IFCPROPERTYSINGLEVALUE('PVI_KM_BIS', $, IFCLABEL('13,9+62,782'), $);
#4222 = IFCPROPERTYSINGLEVALUE('PVI_STAT_VON', $, IFCREAL(13956.184), #4223);
#4223 = IFCSIUNIT(*, .LENGTHUNIT., $, .METRE.);
#4224 = IFCPROPERTYSINGLEVALUE('PVI_STAT_BIS', $, IFCREAL(13962.782), #4225);
#4225 = IFCSIUNIT(*, .LENGTHUNIT., $, .METRE.);
#4226 = IFCPROPERTYSINGLEVALUE('PVI_STATIONSBEZUG', $, IFCLABEL('Achse 4530S (Kilometrierungslinie 4530 (DR0))'), $);
#4227 = IFCPROPERTYSINGLEVALUE('PVI_SCHICHTSTAERKE', $, IFCREAL(0.), #4228);
#4228 = IFCSIUNIT(*, .LENGTHUNIT., $, .METRE.);
#4229 = IFCPROPERTYSINGLEVALUE('PVI_VOLUMEN_M3', $, IFCREAL(8.01E-1), #4230);
#4230 = IFCSIUNIT(*, .VOLUMEUNIT., $, .CUBIC_METRE.);
#4231 = IFCPROPERTYSINGLEVALUE('PVI_FLAECHE_M2', $, IFCREAL(20.033), #4232);
#4232 = IFCSIUNIT(*, .AREAUNIT., $, .SQUARE_METRE.);
#4233 = IFCPROPERTYSINGLEVALUE('PVI_VOLUMEN_REB_M3', $, IFCREAL(8.01E-1), #4234);
#4234 = IFCSIUNIT(*, .VOLUMEUNIT., $, .CUBIC_METRE.);
#4235 = IFCRELDEFINESBYPROPERTIES('3_Z_D6Tf58MfSfL1cXaPBG', #7, $, $, (#4211), #4214);
#4236 = IFCPROPERTYSET('2AapvLk8L5YvAC4KbFMQHe', #7, 'DB', $, (#4237, #4238, #4239, #4240, #4241, #4242, #4243));
#4237 = IFCPROPERTYSINGLEVALUE('Zustand', $, IFCLABEL('Neubau'), $);
#4238 = IFCPROPERTYSINGLEVALUE('Eigentuemer', $, IFCLABEL('-'), $);
#4239 = IFCPROPERTYSINGLEVALUE('Datenquelle', $, IFCLABEL('Planung'), $);
#4240 = IFCPROPERTYSINGLEVALUE('Equipment', $, IFCLABEL('80135450'), $);
#4241 = IFCPROPERTYSINGLEVALUE('DBAnlagentyp', $, IFCLABEL('WandUndBodenbelaege'), $);
#4242 = IFCPROPERTYSINGLEVALUE('Objektklasse', $, IFCLABEL('Bodenbelag'), $);
#4243 = IFCPROPERTYSINGLEVALUE('Objekt', $, IFCLABEL('Bettung'), $);
#4244 = IFCRELDEFINESBYPROPERTIES('2WLv17y4z0RgkclDeqMbjo', #7, $, $, (#4211), #4236);
#4245 = IFCPROPERTYSET('18LRwgO6D7PgElHGmQOatm', #7, 'Stammdaten Verkehrsanlage', $, (#4246, #4247, #4248, #4249, #4250));
#4246 = IFCPROPERTYSINGLEVALUE('Bf_Nr', $, IFCINTEGER(0), $);
#4247 = IFCPROPERTYSINGLEVALUE('BhfK', $, IFCLABEL('-'), $);
#4248 = IFCPROPERTYSINGLEVALUE('Durchfahrtsgeschwindigkeit', $, IFCLABEL('-'), $);
#4249 = IFCPROPERTYSINGLEVALUE('Lagesystem', $, IFCLABEL('-'), $);
#4250 = IFCPROPERTYSINGLEVALUE('Hoehensystem', $, IFCLABEL('-'), $);
#4251 = IFCRELDEFINESBYPROPERTIES('1vn_ShrxLF3PrHgtFqd$TH', #7, $, $, (#4211), #4245);
#4252 = IFCPROPERTYSET('2flnSHHTf3OeZkrANNwSKk', #7, 'VST', $, (#4253, #4254, #4255));
#4253 = IFCPROPERTYSINGLEVALUE('VST_Baugruppe', $, IFCLABEL('Bstg Gl. 2'), $);
#4254 = IFCPROPERTYSINGLEVALUE('Phase erstellt', $, IFCLABEL('-'), $);
#4255 = IFCPROPERTYSINGLEVALUE('Phase abgebrochen', $, IFCLABEL('-'), $);
#4256 = IFCRELDEFINESBYPROPERTIES('3N4$hyagb8FRrnwINrVwNd', #7, $, $, (#4211), #4252);
#4257 = IFCPRODUCTDEFINITIONSHAPE($, $, (#4258));
#4258 = IFCSHAPEREPRESENTATION(#26, 'Body', 'SolidModel', (#4259));
#4259 = IFCFACETEDBREP(#4265);
#4260 = IFCSTYLEDITEM(#4259, (#4261), $);
#4261 = IFCPRESENTATIONSTYLEASSIGNMENT((#4262));
#4262 = IFCSURFACESTYLE($, .POSITIVE., (#4263));
#4263 = IFCSURFACESTYLERENDERING(#4264, $, $, $, $, $, $, $, .FLAT.);
#4264 = IFCCOLOURRGB($, 8.E-1, 8.E-1, 8.E-1);
#4265 = IFCCLOSEDSHELL((#4266, #4272, #4276, #4280, #4284, #4288, #4292, #4295, #4298, #4301, #4304, #4309, #4312, #4316, #4319, #4323, #4326, #4329, #4332, #4337, #4340, #4344, #4348, #4351, #4354, #4357, #4360, #4365, #4369, #4372, #4375, #4379, #4382, #4385, #4388, #4393, #4396, #4400, #4403, #4407, #4410, #4413, #4416, #4421, #4424, #4428, #4431, #4435, #4438, #4441, #4444, #4449, #4452, #4456, #4459, #4463, #4466, #4469, #4472, #4477, #4480, #4484, #4487, #4491, #4494, #4497, #4500, #4505, #4509, #4512, #4515, #4519, #4522, #4525, #4528, #4533, #4536, #4540, #4543, #4547, #4550, #4553, #4556, #4561, #4565, #4568, #4571, #4575, #4578, #4581, #4584, #4589, #4592, #4596, #4599, #4603, #4606, #4609, #4612, #4617, #4620, #4624, #4627, #4631, #4634, #4637, #4640, #4645, #4649, #4652, #4655, #4659, #4662, #4665, #4668, #4673, #4676, #4680, #4683, #4687, #4690, #4693, #4696, #4701, #4704, #4708, #4711, #4715, #4718, #4721, #4724, #4729, #4733, #4736, #4739, #4743, #4746, #4749, #4752, #4757, #4760, #4764, #4767, #4771, #4774, #4777, #4780, #4785, #4788, #4792, #4795, #4799, #4802, #4805, #4808, #4813, #4817, #4820, #4823, #4827, #4830, #4833, #4836, #4841, #4845, #4848, #4851, #4855, #4858, #4861, #4864, #4869, #4873, #4876, #4879, #4883, #4886, #4889, #4892, #4897, #4900, #4904, #4907, #4911, #4914, #4917, #4920, #4925, #4928, #4932, #4935, #4939, #4942, #4945, #4948, #4953, #4956, #4960, #4963, #4967, #4970, #4973, #4976, #4981, #4984, #4988, #4991, #4995, #4998, #5001, #5004, #5009, #5012, #5016, #5019, #5023, #5026, #5029, #5032, #5037, #5041, #5044, #5047, #5051, #5054, #5057, #5060, #5065, #5069, #5072, #5075, #5079, #5082, #5085, #5088, #5093, #5097, #5100, #5103, #5107, #5110, #5113, #5116, #5121, #5124, #5128, #5131, #5135, #5138, #5141, #5144, #5149, #5152, #5156, #5159, #5163, #5166, #5169, #5172, #5177, #5180, #5184, #5187, #5191, #5194, #5197, #5200, #5205, #5208, #5212, #5215, #5219, #5222, #5225, #5228, #5233, #5237, #5240, #5243, #5247, #5250, #5253, #5256, #5261, #5265, #5268, #5271, #5275, #5278, #5281, #5284, #5289, #5292, #5296, #5299, #5303, #5306, #5309, #5312, #5317, #5320, #5324, #5327, #5331, #5334, #5337, #5340, #5345, #5348, #5352, #5355, #5359, #5362, #5365, #5368, #5373, #5377, #5380, #5383, #5387, #5390, #5393, #5396, #5401, #5404, #5408, #5411, #5415, #5418, #5421, #5424, #5429, #5432, #5436, #5439, #5443, #5446, #5449, #5452, #5457, #5461, #5464, #5467, #5471, #5474, #5477, #5480, #5485, #5488, #5492, #5495, #5499, #5502, #5505, #5508, #5513, #5517, #5520, #5523, #5527, #5530, #5533, #5536, #5541, #5544, #5548, #5551, #5555, #5558, #5561, #5564, #5569, #5573, #5576, #5579, #5583, #5586, #5589, #5592, #5597, #5600, #5604, #5607, #5611, #5614, #5617, #5620, #5625, #5629, #5632, #5635, #5639, #5642, #5645, #5648, #5653, #5657, #5660, #5663, #5667, #5670, #5673, #5676, #5681, #5684, #5688, #5691, #5695, #5698, #5701, #5704, #5709, #5713, #5716, #5719, #5723, #5726, #5729, #5732, #5737, #5740, #5744, #5747, #5751, #5754, #5757, #5760, #5765, #5769, #5772, #5775, #5779, #5782, #5785, #5788, #5793, #5797, #5800, #5803, #5807, #5810, #5813, #5816, #5821, #5824, #5828, #5831, #5835, #5838, #5841, #5844, #5849, #5853, #5856, #5859, #5863, #5866, #5869, #5872, #5877, #5880, #5884, #5887, #5891, #5894, #5897, #5900, #5905, #5909, #5912, #5915, #5919, #5922, #5925, #5928, #5933, #5937, #5940, #5943, #5947, #5950, #5953, #5956, #5961, #5964, #5968, #5971, #5975, #5978, #5981, #5984, #5989, #5993, #5996, #5999, #6003, #6006, #6009, #6012, #6017, #6021, #6024, #6027, #6031, #6034, #6037, #6040, #6045, #6048, #6052, #6055, #6059, #6062, #6065, #6068, #6073, #6077, #6080, #6083, #6087, #6090, #6093, #6096, #6101, #6105, #6108, #6111, #6115, #6118, #6121, #6124, #6129, #6133, #6136, #6139, #6143, #6146, #6149, #6152, #6157, #6160, #6164, #6167, #6171, #6174, #6177, #6180, #6185, #6189, #6192, #6195, #6199, #6202, #6205, #6208, #6213, #6217, #6220, #6223, #6227, #6230, #6233, #6236, #6241, #6244, #6248, #6251, #6255, #6258, #6261, #6264, #6269, #6272, #6275, #6279, #6282, #6286, #6289, #6292, #6295));
#4266 = IFCFACE((#4267));
#4267 = IFCFACEOUTERBOUND(#4268, .T.);
#4268 = IFCPOLYLOOP((#4269, #4270, #4271));
#4269 = IFCCARTESIANPOINT((4984.15074952051, 10016.4243450798, 407.967242328405));
#4270 = IFCCARTESIANPOINT((4984.1396579492, 10016.4363344255, 408.00727264364));
#4271 = IFCCARTESIANPOINT((4984.15074952051, 10016.4243450798, 408.007250332392));
#4272 = IFCFACE((#4273));
#4273 = IFCFACEOUTERBOUND(#4274, .T.);
#4274 = IFCPOLYLOOP((#4271, #4270, #4275));
#4275 = IFCCARTESIANPOINT((4982.830692504, 10015.2006418997, 407.971244956399));
#4276 = IFCFACE((#4277));
#4277 = IFCFACEOUTERBOUND(#4278, .T.);
#4278 = IFCPOLYLOOP((#4279, #4275, #4270));
#4279 = IFCCARTESIANPOINT((4982.81960093269, 10015.2126312453, 407.97126725431));
#4280 = IFCFACE((#4281));
#4281 = IFCFACEOUTERBOUND(#4282, .T.);
#4282 = IFCPOLYLOOP((#4283, #4275, #4279));
#4283 = IFCCARTESIANPOINT((4982.81960093269, 10015.2126312453, 407.93125925511));
#4284 = IFCFACE((#4285));
#4285 = IFCFACEOUTERBOUND(#4286, .T.);
#4286 = IFCPOLYLOOP((#4275, #4283, #4287));
#4287 = IFCCARTESIANPOINT((4982.830692504, 10015.2006418997, 407.9312369572));
#4288 = IFCFACE((#4289));
#4289 = IFCFACEOUTERBOUND(#4290, .T.);
#4290 = IFCPOLYLOOP((#4291, #4287, #4283));
#4291 = IFCCARTESIANPOINT((4984.1396579492, 10016.4363344255, 407.967264639641));
#4292 = IFCFACE((#4293));
#4293 = IFCFACEOUTERBOUND(#4294, .T.);
#4294 = IFCPOLYLOOP((#4287, #4291, #4269));
#4295 = IFCFACE((#4296));
#4296 = IFCFACEOUTERBOUND(#4297, .T.);
#4297 = IFCPOLYLOOP((#4270, #4269, #4291));
#4298 = IFCFACE((#4299));
#4299 = IFCFACEOUTERBOUND(#4300, .T.);
#4300 = IFCPOLYLOOP((#4279, #4291, #4283));
#4301 = IFCFACE((#4302));
#4302 = IFCFACEOUTERBOUND(#4303, .T.);
#4303 = IFCPOLYLOOP((#4270, #4291, #4279));
#4304 = IFCFACE((#4305));
#4305 = IFCFACEOUTERBOUND(#4306, .T.);
#4306 = IFCPOLYLOOP((#4307, #4271, #4308));
#4307 = IFCCARTESIANPOINT((4984.2050752977, 10016.3656220385, 407.967133026577));
#4308 = IFCCARTESIANPOINT((4984.2050752977, 10016.3656220385, 408.007141030505));
#4309 = IFCFACE((#4310));
#4310 = IFCFACEOUTERBOUND(#4311, .T.);
#4311 = IFCPOLYLOOP((#4275, #4308, #4271));
#4312 = IFCFACE((#4313));
#4313 = IFCFACEOUTERBOUND(#4314, .T.);
#4314 = IFCPOLYLOOP((#4308, #4275, #4315));
#4315 = IFCCARTESIANPOINT((4982.88501828119, 10015.1419188584, 407.971135719852));
#4316 = IFCFACE((#4317));
#4317 = IFCFACEOUTERBOUND(#4318, .T.);
#4318 = IFCPOLYLOOP((#4287, #4315, #4275));
#4319 = IFCFACE((#4320));
#4320 = IFCFACEOUTERBOUND(#4321, .T.);
#4321 = IFCPOLYLOOP((#4315, #4287, #4322));
#4322 = IFCCARTESIANPOINT((4982.88501828119, 10015.1419188584, 407.931127720653));
#4323 = IFCFACE((#4324));
#4324 = IFCFACEOUTERBOUND(#4325, .T.);
#4325 = IFCPOLYLOOP((#4322, #4287, #4307));
#4326 = IFCFACE((#4327));
#4327 = IFCFACEOUTERBOUND(#4328, .T.);
#4328 = IFCPOLYLOOP((#4269, #4307, #4287));
#4329 = IFCFACE((#4330));
#4330 = IFCFACEOUTERBOUND(#4331, .T.);
#4331 = IFCPOLYLOOP((#4271, #4307, #4269));
#4332 = IFCFACE((#4333));
#4333 = IFCFACEOUTERBOUND(#4334, .T.);
#4334 = IFCPOLYLOOP((#4335, #4308, #4336));
#4335 = IFCCARTESIANPOINT((4984.20575438696, 10016.3648879821, 407.967132547103));
#4336 = IFCCARTESIANPOINT((4984.20575438696, 10016.3648879821, 408.007140551822));
#4337 = IFCFACE((#4338));
#4338 = IFCFACEOUTERBOUND(#4339, .T.);
#4339 = IFCPOLYLOOP((#4315, #4336, #4308));
#4340 = IFCFACE((#4341));
#4341 = IFCFACEOUTERBOUND(#4342, .T.);
#4342 = IFCPOLYLOOP((#4336, #4315, #4343));
#4343 = IFCCARTESIANPOINT((4981.89125441802, 10014.2193284062, 407.944014354398));
#4344 = IFCFACE((#4345));
#4345 = IFCFACEOUTERBOUND(#4346, .T.);
#4346 = IFCPOLYLOOP((#4343, #4315, #4347));
#4347 = IFCCARTESIANPOINT((4981.89125441802, 10014.2193284062, 407.904006355196));
#4348 = IFCFACE((#4349));
#4349 = IFCFACEOUTERBOUND(#4350, .T.);
#4350 = IFCPOLYLOOP((#4322, #4347, #4315));
#4351 = IFCFACE((#4352));
#4352 = IFCFACEOUTERBOUND(#4353, .T.);
#4353 = IFCPOLYLOOP((#4307, #4347, #4322));
#4354 = IFCFACE((#4355));
#4355 = IFCFACEOUTERBOUND(#4356, .T.);
#4356 = IFCPOLYLOOP((#4347, #4307, #4335));
#4357 = IFCFACE((#4358));
#4358 = IFCFACEOUTERBOUND(#4359, .T.);
#4359 = IFCPOLYLOOP((#4308, #4335, #4307));
#4360 = IFCFACE((#4361));
#4361 = IFCFACEOUTERBOUND(#4362, .T.);
#4362 = IFCPOLYLOOP((#4363, #4336, #4364));
#4363 = IFCCARTESIANPOINT((4984.21865844676, 10016.3509394392, 407.967106585326));
#4364 = IFCCARTESIANPOINT((4984.21865844676, 10016.3509394392, 408.007114590029));
#4365 = IFCFACE((#4366));
#4366 = IFCFACEOUTERBOUND(#4367, .T.);
#4367 = IFCPOLYLOOP((#4364, #4336, #4368));
#4368 = IFCCARTESIANPOINT((4981.90415847782, 10014.2053798633, 407.943988410714));
#4369 = IFCFACE((#4370));
#4370 = IFCFACEOUTERBOUND(#4371, .T.);
#4371 = IFCPOLYLOOP((#4343, #4368, #4336));
#4372 = IFCFACE((#4373));
#4373 = IFCFACEOUTERBOUND(#4374, .T.);
#4374 = IFCPOLYLOOP((#4347, #4368, #4343));
#4375 = IFCFACE((#4376));
#4376 = IFCFACEOUTERBOUND(#4377, .T.);
#4377 = IFCPOLYLOOP((#4368, #4347, #4378));
#4378 = IFCCARTESIANPOINT((4981.90415847782, 10014.2053798633, 407.903980411516));
#4379 = IFCFACE((#4380));
#4380 = IFCFACEOUTERBOUND(#4381, .T.);
#4381 = IFCPOLYLOOP((#4335, #4378, #4347));
#4382 = IFCFACE((#4383));
#4383 = IFCFACEOUTERBOUND(#4384, .T.);
#4384 = IFCPOLYLOOP((#4378, #4335, #4363));
#4385 = IFCFACE((#4386));
#4386 = IFCFACEOUTERBOUND(#4387, .T.);
#4387 = IFCPOLYLOOP((#4336, #4363, #4335));
#4388 = IFCFACE((#4389));
#4389 = IFCFACEOUTERBOUND(#4390, .T.);
#4390 = IFCPOLYLOOP((#4391, #4364, #4392));
#4391 = IFCCARTESIANPOINT((4984.28656737302, 10016.2775337986, 407.966969944398));
#4392 = IFCCARTESIANPOINT((4984.28656737302, 10016.2775337986, 408.006977949018));
#4393 = IFCFACE((#4394));
#4394 = IFCFACEOUTERBOUND(#4395, .T.);
#4395 = IFCPOLYLOOP((#4368, #4392, #4364));
#4396 = IFCFACE((#4397));
#4397 = IFCFACEOUTERBOUND(#4398, .T.);
#4398 = IFCPOLYLOOP((#4392, #4368, #4399));
#4399 = IFCCARTESIANPOINT((4981.97206740408, 10014.1319742227, 407.943851865031));
#4400 = IFCFACE((#4401));
#4401 = IFCFACEOUTERBOUND(#4402, .T.);
#4402 = IFCPOLYLOOP((#4378, #4399, #4368));
#4403 = IFCFACE((#4404));
#4404 = IFCFACEOUTERBOUND(#4405, .T.);
#4405 = IFCPOLYLOOP((#4399, #4378, #4406));
#4406 = IFCCARTESIANPOINT((4981.97206740408, 10014.1319742227, 407.903843865832));
#4407 = IFCFACE((#4408));
#4408 = IFCFACEOUTERBOUND(#4409, .T.);
#4409 = IFCPOLYLOOP((#4406, #4378, #4391));
#4410 = IFCFACE((#4411));
#4411 = IFCFACEOUTERBOUND(#4412, .T.);
#4412 = IFCPOLYLOOP((#4363, #4391, #4378));
#4413 = IFCFACE((#4414));
#4414 = IFCFACEOUTERBOUND(#4415, .T.);
#4415 = IFCPOLYLOOP((#4364, #4391, #4363));
#4416 = IFCFACE((#4417));
#4417 = IFCFACEOUTERBOUND(#4418, .T.);
#4418 = IFCPOLYLOOP((#4419, #4392, #4420));
#4419 = IFCCARTESIANPOINT((4984.35447629928, 10016.2041281579, 407.966833303474));
#4420 = IFCCARTESIANPOINT((4984.35447629928, 10016.2041281579, 408.006841308006));
#4421 = IFCFACE((#4422));
#4422 = IFCFACEOUTERBOUND(#4423, .T.);
#4423 = IFCPOLYLOOP((#4399, #4420, #4392));
#4424 = IFCFACE((#4425));
#4425 = IFCFACEOUTERBOUND(#4426, .T.);
#4426 = IFCPOLYLOOP((#4420, #4399, #4427));
#4427 = IFCCARTESIANPOINT((4982.03997633034, 10014.058568582, 407.943715319348));
#4428 = IFCFACE((#4429));
#4429 = IFCFACEOUTERBOUND(#4430, .T.);
#4430 = IFCPOLYLOOP((#4406, #4427, #4399));
#4431 = IFCFACE((#4432));
#4432 = IFCFACEOUTERBOUND(#4433, .T.);
#4433 = IFCPOLYLOOP((#4427, #4406, #4434));
#4434 = IFCCARTESIANPOINT((4982.03997633034, 10014.058568582, 407.903707320148));
#4435 = IFCFACE((#4436));
#4436 = IFCFACEOUTERBOUND(#4437, .T.);
#4437 = IFCPOLYLOOP((#4434, #4406, #4419));
#4438 = IFCFACE((#4439));
#4439 = IFCFACEOUTERBOUND(#4440, .T.);
#4440 = IFCPOLYLOOP((#4391, #4419, #4406));
#4441 = IFCFACE((#4442));
#4442 = IFCFACEOUTERBOUND(#4443, .T.);
#4443 = IFCPOLYLOOP((#4392, #4419, #4391));
#4444 = IFCFACE((#4445));
#4445 = IFCFACEOUTERBOUND(#4446, .T.);
#4446 = IFCPOLYLOOP((#4447, #4420, #4448));
#4447 = IFCCARTESIANPOINT((4984.42238522554, 10016.1307225173, 407.966696662546));
#4448 = IFCCARTESIANPOINT((4984.42238522554, 10016.1307225173, 408.006704666994));
#4449 = IFCFACE((#4450));
#4450 = IFCFACEOUTERBOUND(#4451, .T.);
#4451 = IFCPOLYLOOP((#4427, #4448, #4420));
#4452 = IFCFACE((#4453));
#4453 = IFCFACEOUTERBOUND(#4454, .T.);
#4454 = IFCPOLYLOOP((#4448, #4427, #4455));
#4455 = IFCCARTESIANPOINT((4982.1078852566, 10013.9851629414, 407.943578773664));
#4456 = IFCFACE((#4457));
#4457 = IFCFACEOUTERBOUND(#4458, .T.);
#4458 = IFCPOLYLOOP((#4434, #4455, #4427));
#4459 = IFCFACE((#4460));
#4460 = IFCFACEOUTERBOUND(#4461, .T.);
#4461 = IFCPOLYLOOP((#4455, #4434, #4462));
#4462 = IFCCARTESIANPOINT((4982.1078852566, 10013.9851629414, 407.903570774464));
#4463 = IFCFACE((#4464));
#4464 = IFCFACEOUTERBOUND(#4465, .T.);
#4465 = IFCPOLYLOOP((#4462, #4434, #4447));
#4466 = IFCFACE((#4467));
#4467 = IFCFACEOUTERBOUND(#4468, .T.);
#4468 = IFCPOLYLOOP((#4419, #4447, #4434));
#4469 = IFCFACE((#4470));
#4470 = IFCFACEOUTERBOUND(#4471, .T.);
#4471 = IFCPOLYLOOP((#4420, #4447, #4419));
#4472 = IFCFACE((#4473));
#4473 = IFCFACEOUTERBOUND(#4474, .T.);
#4474 = IFCPOLYLOOP((#4475, #4448, #4476));
#4475 = IFCCARTESIANPOINT((4984.49029415179, 10016.0573168766, 407.966560021619));
#4476 = IFCCARTESIANPOINT((4984.49029415179, 10016.0573168766, 408.006568025983));
#4477 = IFCFACE((#4478));
#4478 = IFCFACEOUTERBOUND(#4479, .T.);
#4479 = IFCPOLYLOOP((#4455, #4476, #4448));
#4480 = IFCFACE((#4481));
#4481 = IFCFACEOUTERBOUND(#4482, .T.);
#4482 = IFCPOLYLOOP((#4476, #4455, #4483));
#4483 = IFCCARTESIANPOINT((4982.17579418285, 10013.9117573007, 407.943442227981));
#4484 = IFCFACE((#4485));
#4485 = IFCFACEOUTERBOUND(#4486, .T.);
#4486 = IFCPOLYLOOP((#4462, #4483, #4455));
#4487 = IFCFACE((#4488));
#4488 = IFCFACEOUTERBOUND(#4489, .T.);
#4489 = IFCPOLYLOOP((#4483, #4462, #4490));
#4490 = IFCCARTESIANPOINT((4982.17579418285, 10013.9117573007, 407.90343422878));
#4491 = IFCFACE((#4492));
#4492 = IFCFACEOUTERBOUND(#4493, .T.);
#4493 = IFCPOLYLOOP((#4490, #4462, #4475));
#4494 = IFCFACE((#4495));
#4495 = IFCFACEOUTERBOUND(#4496, .T.);
#4496 = IFCPOLYLOOP((#4447, #4475, #4462));
#4497 = IFCFACE((#4498));
#4498 = IFCFACEOUTERBOUND(#4499, .T.);
#4499 = IFCPOLYLOOP((#4448, #4475, #4447));
#4500 = IFCFACE((#4501));
#4501 = IFCFACEOUTERBOUND(#4502, .T.);
#4502 = IFCPOLYLOOP((#4503, #4476, #4504));
#4503 = IFCCARTESIANPOINT((4984.55820307805, 10015.983911236, 407.966423380692));
#4504 = IFCCARTESIANPOINT((4984.55820307805, 10015.983911236, 408.00643138497));
#4505 = IFCFACE((#4506));
#4506 = IFCFACEOUTERBOUND(#4507, .T.);
#4507 = IFCPOLYLOOP((#4504, #4476, #4508));
#4508 = IFCCARTESIANPOINT((4982.24370310911, 10013.8383516601, 407.943305682296));
#4509 = IFCFACE((#4510));
#4510 = IFCFACEOUTERBOUND(#4511, .T.);
#4511 = IFCPOLYLOOP((#4483, #4508, #4476));
#4512 = IFCFACE((#4513));
#4513 = IFCFACEOUTERBOUND(#4514, .T.);
#4514 = IFCPOLYLOOP((#4490, #4508, #4483));
#4515 = IFCFACE((#4516));
#4516 = IFCFACEOUTERBOUND(#4517, .T.);
#4517 = IFCPOLYLOOP((#4508, #4490, #4518));
#4518 = IFCCARTESIANPOINT((4982.24370310911, 10013.8383516601, 407.903297683096));
#4519 = IFCFACE((#4520));
#4520 = IFCFACEOUTERBOUND(#4521, .T.);
#4521 = IFCPOLYLOOP((#4475, #4518, #4490));
#4522 = IFCFACE((#4523));
#4523 = IFCFACEOUTERBOUND(#4524, .T.);
#4524 = IFCPOLYLOOP((#4518, #4475, #4503));
#4525 = IFCFACE((#4526));
#4526 = IFCFACEOUTERBOUND(#4527, .T.);
#4527 = IFCPOLYLOOP((#4476, #4503, #4475));
#4528 = IFCFACE((#4529));
#4529 = IFCFACEOUTERBOUND(#4530, .T.);
#4530 = IFCPOLYLOOP((#4531, #4504, #4532));
#4531 = IFCCARTESIANPOINT((4984.62611200431, 10015.9105055954, 407.966286739766));
#4532 = IFCCARTESIANPOINT((4984.62611200431, 10015.9105055954, 408.006294743958));
#4533 = IFCFACE((#4534));
#4534 = IFCFACEOUTERBOUND(#4535, .T.);
#4535 = IFCPOLYLOOP((#4508, #4532, #4504));
#4536 = IFCFACE((#4537));
#4537 = IFCFACEOUTERBOUND(#4538, .T.);
#4538 = IFCPOLYLOOP((#4532, #4508, #4539));
#4539 = IFCCARTESIANPOINT((4982.31161203537, 10013.7649460195, 407.943169136612));
#4540 = IFCFACE((#4541));
#4541 = IFCFACEOUTERBOUND(#4542, .T.);
#4542 = IFCPOLYLOOP((#4518, #4539, #4508));
#4543 = IFCFACE((#4544));
#4544 = IFCFACEOUTERBOUND(#4545, .T.);
#4545 = IFCPOLYLOOP((#4539, #4518, #4546));
#4546 = IFCCARTESIANPOINT((4982.31161203537, 10013.7649460195, 407.903161137412));
#4547 = IFCFACE((#4548));
#4548 = IFCFACEOUTERBOUND(#4549, .T.);
#4549 = IFCPOLYLOOP((#4546, #4518, #4531));
#4550 = IFCFACE((#4551));
#4551 = IFCFACEOUTERBOUND(#4552, .T.);
#4552 = IFCPOLYLOOP((#4503, #4531, #4518));
#4553 = IFCFACE((#4554));
#4554 = IFCFACEOUTERBOUND(#4555, .T.);
#4555 = IFCPOLYLOOP((#4504, #4531, #4503));
#4556 = IFCFACE((#4557));
#4557 = IFCFACEOUTERBOUND(#4558, .T.);
#4558 = IFCPOLYLOOP((#4559, #4532, #4560));
#4559 = IFCCARTESIANPOINT((4984.69402093057, 10015.8370999547, 407.966150098838));
#4560 = IFCCARTESIANPOINT((4984.69402093057, 10015.8370999547, 408.006158102947));
#4561 = IFCFACE((#4562));
#4562 = IFCFACEOUTERBOUND(#4563, .T.);
#4563 = IFCPOLYLOOP((#4560, #4532, #4564));
#4564 = IFCCARTESIANPOINT((4982.37952096163, 10013.6915403788, 407.943032590929));
#4565 = IFCFACE((#4566));
#4566 = IFCFACEOUTERBOUND(#4567, .T.);
#4567 = IFCPOLYLOOP((#4539, #4564, #4532));
#4568 = IFCFACE((#4569));
#4569 = IFCFACEOUTERBOUND(#4570, .T.);
#4570 = IFCPOLYLOOP((#4546, #4564, #4539));
#4571 = IFCFACE((#4572));
#4572 = IFCFACEOUTERBOUND(#4573, .T.);
#4573 = IFCPOLYLOOP((#4564, #4546, #4574));
#4574 = IFCCARTESIANPOINT((4982.37952096163, 10013.6915403788, 407.903024591728));
#4575 = IFCFACE((#4576));
#4576 = IFCFACEOUTERBOUND(#4577, .T.);
#4577 = IFCPOLYLOOP((#4531, #4574, #4546));
#4578 = IFCFACE((#4579));
#4579 = IFCFACEOUTERBOUND(#4580, .T.);
#4580 = IFCPOLYLOOP((#4574, #4531, #4559));
#4581 = IFCFACE((#4582));
#4582 = IFCFACEOUTERBOUND(#4583, .T.);
#4583 = IFCPOLYLOOP((#4532, #4559, #4531));
#4584 = IFCFACE((#4585));
#4585 = IFCFACEOUTERBOUND(#4586, .T.);
#4586 = IFCPOLYLOOP((#4587, #4560, #4588));
#4587 = IFCCARTESIANPOINT((4984.76192985683, 10015.7636943141, 407.966013457911));
#4588 = IFCCARTESIANPOINT((4984.76192985683, 10015.7636943141, 408.006021461935));
#4589 = IFCFACE((#4590));
#4590 = IFCFACEOUTERBOUND(#4591, .T.);
#4591 = IFCPOLYLOOP((#4564, #4588, #4560));
#4592 = IFCFACE((#4593));
#4593 = IFCFACEOUTERBOUND(#4594, .T.);
#4594 = IFCPOLYLOOP((#4588, #4564, #4595));
#4595 = IFCCARTESIANPOINT((4982.44742988789, 10013.6181347382, 407.942896045244));
#4596 = IFCFACE((#4597));
#4597 = IFCFACEOUTERBOUND(#4598, .T.);
#4598 = IFCPOLYLOOP((#4574, #4595, #4564));
#4599 = IFCFACE((#4600));
#4600 = IFCFACEOUTERBOUND(#4601, .T.);
#4601 = IFCPOLYLOOP((#4595, #4574, #4602));
#4602 = IFCCARTESIANPOINT((4982.44742988789, 10013.6181347382, 407.902888046044));
#4603 = IFCFACE((#4604));
#4604 = IFCFACEOUTERBOUND(#4605, .T.);
#4605 = IFCPOLYLOOP((#4602, #4574, #4587));
#4606 = IFCFACE((#4607));
#4607 = IFCFACEOUTERBOUND(#4608, .T.);
#4608 = IFCPOLYLOOP((#4559, #4587, #4574));
#4609 = IFCFACE((#4610));
#4610 = IFCFACEOUTERBOUND(#4611, .T.);
#4611 = IFCPOLYLOOP((#4560, #4587, #4559));
#4612 = IFCFACE((#4613));
#4613 = IFCFACEOUTERBOUND(#4614, .T.);
#4614 = IFCPOLYLOOP((#4615, #4588, #4616));
#4615 = IFCCARTESIANPOINT((4984.82983878309, 10015.6902886735, 407.965876816986));
#4616 = IFCCARTESIANPOINT((4984.82983878309, 10015.6902886735, 408.005884820923));
#4617 = IFCFACE((#4618));
#4618 = IFCFACEOUTERBOUND(#4619, .T.);
#4619 = IFCPOLYLOOP((#4595, #4616, #4588));
#4620 = IFCFACE((#4621));
#4621 = IFCFACEOUTERBOUND(#4622, .T.);
#4622 = IFCPOLYLOOP((#4616, #4595, #4623));
#4623 = IFCCARTESIANPOINT((4982.51533881414, 10013.5447290975, 407.94275949956));
#4624 = IFCFACE((#4625));
#4625 = IFCFACEOUTERBOUND(#4626, .T.);
#4626 = IFCPOLYLOOP((#4602, #4623, #4595));
#4627 = IFCFACE((#4628));
#4628 = IFCFACEOUTERBOUND(#4629, .T.);
#4629 = IFCPOLYLOOP((#4623, #4602, #4630));
#4630 = IFCCARTESIANPOINT((4982.51533881414, 10013.5447290975, 407.902751500361));
#4631 = IFCFACE((#4632));
#4632 = IFCFACEOUTERBOUND(#4633, .T.);
#4633 = IFCPOLYLOOP((#4630, #4602, #4615));
#4634 = IFCFACE((#4635));
#4635 = IFCFACEOUTERBOUND(#4636, .T.);
#4636 = IFCPOLYLOOP((#4587, #4615, #4602));
#4637 = IFCFACE((#4638));
#4638 = IFCFACEOUTERBOUND(#4639, .T.);
#4639 = IFCPOLYLOOP((#4588, #4615, #4587));
#4640 = IFCFACE((#4641));
#4641 = IFCFACEOUTERBOUND(#4642, .T.);
#4642 = IFCPOLYLOOP((#4643, #4616, #4644));
#4643 = IFCCARTESIANPOINT((4984.89774770934, 10015.6168830328, 407.965740176059));
#4644 = IFCCARTESIANPOINT((4984.89774770934, 10015.6168830328, 408.005748179911));
#4645 = IFCFACE((#4646));
#4646 = IFCFACEOUTERBOUND(#4647, .T.);
#4647 = IFCPOLYLOOP((#4644, #4616, #4648));
#4648 = IFCCARTESIANPOINT((4982.5832477404, 10013.4713234569, 407.942622953877));
#4649 = IFCFACE((#4650));
#4650 = IFCFACEOUTERBOUND(#4651, .T.);
#4651 = IFCPOLYLOOP((#4623, #4648, #4616));
#4652 = IFCFACE((#4653));
#4653 = IFCFACEOUTERBOUND(#4654, .T.);
#4654 = IFCPOLYLOOP((#4630, #4648, #4623));
#4655 = IFCFACE((#4656));
#4656 = IFCFACEOUTERBOUND(#4657, .T.);
#4657 = IFCPOLYLOOP((#4648, #4630, #4658));
#4658 = IFCCARTESIANPOINT((4982.5832477404, 10013.4713234569, 407.902614954677));
#4659 = IFCFACE((#4660));
#4660 = IFCFACEOUTERBOUND(#4661, .T.);
#4661 = IFCPOLYLOOP((#4615, #4658, #4630));
#4662 = IFCFACE((#4663));
#4663 = IFCFACEOUTERBOUND(#4664, .T.);
#4664 = IFCPOLYLOOP((#4658, #4615, #4643));
#4665 = IFCFACE((#4666));
#4666 = IFCFACEOUTERBOUND(#4667, .T.);
#4667 = IFCPOLYLOOP((#4616, #4643, #4615));
#4668 = IFCFACE((#4669));
#4669 = IFCFACEOUTERBOUND(#4670, .T.);
#4670 = IFCPOLYLOOP((#4671, #4644, #4672));
#4671 = IFCCARTESIANPOINT((4984.9656566356, 10015.5434773922, 407.96560353513));
#4672 = IFCCARTESIANPOINT((4984.9656566356, 10015.5434773922, 408.005611538899));
#4673 = IFCFACE((#4674));
#4674 = IFCFACEOUTERBOUND(#4675, .T.);
#4675 = IFCPOLYLOOP((#4648, #4672, #4644));
#4676 = IFCFACE((#4677));
#4677 = IFCFACEOUTERBOUND(#4678, .T.);
#4678 = IFCPOLYLOOP((#4672, #4648, #4679));
#4679 = IFCCARTESIANPOINT((4982.65115666666, 10013.3979178163, 407.94248640819));
#4680 = IFCFACE((#4681));
#4681 = IFCFACEOUTERBOUND(#4682, .T.);
#4682 = IFCPOLYLOOP((#4658, #4679, #4648));
#4683 = IFCFACE((#4684));
#4684 = IFCFACEOUTERBOUND(#4685, .T.);
#4685 = IFCPOLYLOOP((#4679, #4658, #4686));
#4686 = IFCCARTESIANPOINT((4982.65115666666, 10013.3979178163, 407.902478408993));
#4687 = IFCFACE((#4688));
#4688 = IFCFACEOUTERBOUND(#4689, .T.);
#4689 = IFCPOLYLOOP((#4686, #4658, #4671));
#4690 = IFCFACE((#4691));
#4691 = IFCFACEOUTERBOUND(#4692, .T.);
#4692 = IFCPOLYLOOP((#4643, #4671, #4658));
#4693 = IFCFACE((#4694));
#4694 = IFCFACEOUTERBOUND(#4695, .T.);
#4695 = IFCPOLYLOOP((#4644, #4671, #4643));
#4696 = IFCFACE((#4697));
#4697 = IFCFACEOUTERBOUND(#4698, .T.);
#4698 = IFCPOLYLOOP((#4699, #4672, #4700));
#4699 = IFCCARTESIANPOINT((4985.03356556186, 10015.4700717515, 407.965466894204));
#4700 = IFCCARTESIANPOINT((4985.03356556186, 10015.4700717515, 408.005474897887));
#4701 = IFCFACE((#4702));
#4702 = IFCFACEOUTERBOUND(#4703, .T.);
#4703 = IFCPOLYLOOP((#4679, #4700, #4672));
#4704 = IFCFACE((#4705));
#4705 = IFCFACEOUTERBOUND(#4706, .T.);
#4706 = IFCPOLYLOOP((#4700, #4679, #4707));
#4707 = IFCCARTESIANPOINT((4982.71906559292, 10013.3245121756, 407.942349862509));
#4708 = IFCFACE((#4709));
#4709 = IFCFACEOUTERBOUND(#4710, .T.);
#4710 = IFCPOLYLOOP((#4686, #4707, #4679));
#4711 = IFCFACE((#4712));
#4712 = IFCFACEOUTERBOUND(#4713, .T.);
#4713 = IFCPOLYLOOP((#4707, #4686, #4714));
#4714 = IFCCARTESIANPOINT((4982.71906559292, 10013.3245121756, 407.902341863309));
#4715 = IFCFACE((#4716));
#4716 = IFCFACEOUTERBOUND(#4717, .T.);
#4717 = IFCPOLYLOOP((#4714, #4686, #4699));
#4718 = IFCFACE((#4719));
#4719 = IFCFACEOUTERBOUND(#4720, .T.);
#4720 = IFCPOLYLOOP((#4671, #4699, #4686));
#4721 = IFCFACE((#4722));
#4722 = IFCFACEOUTERBOUND(#4723, .T.);
#4723 = IFCPOLYLOOP((#4672, #4699, #4671));
#4724 = IFCFACE((#4725));
#4725 = IFCFACEOUTERBOUND(#4726, .T.);
#4726 = IFCPOLYLOOP((#4727, #4700, #4728));
#4727 = IFCCARTESIANPOINT((4985.10147448812, 10015.3966661109, 407.965330253277));
#4728 = IFCCARTESIANPOINT((4985.10147448812, 10015.3966661109, 408.005338256875));
#4729 = IFCFACE((#4730));
#4730 = IFCFACEOUTERBOUND(#4731, .T.);
#4731 = IFCPOLYLOOP((#4728, #4700, #4732));
#4732 = IFCCARTESIANPOINT((4982.78697451917, 10013.251106535, 407.942213316823));
#4733 = IFCFACE((#4734));
#4734 = IFCFACEOUTERBOUND(#4735, .T.);
#4735 = IFCPOLYLOOP((#4707, #4732, #4700));
#4736 = IFCFACE((#4737));
#4737 = IFCFACEOUTERBOUND(#4738, .T.);
#4738 = IFCPOLYLOOP((#4714, #4732, #4707));
#4739 = IFCFACE((#4740));
#4740 = IFCFACEOUTERBOUND(#4741, .T.);
#4741 = IFCPOLYLOOP((#4732, #4714, #4742));
#4742 = IFCCARTESIANPOINT((4982.78697451917, 10013.251106535, 407.902205317625));
#4743 = IFCFACE((#4744));
#4744 = IFCFACEOUTERBOUND(#4745, .T.);
#4745 = IFCPOLYLOOP((#4699, #4742, #4714));
#4746 = IFCFACE((#4747));
#4747 = IFCFACEOUTERBOUND(#4748, .T.);
#4748 = IFCPOLYLOOP((#4742, #4699, #4727));
#4749 = IFCFACE((#4750));
#4750 = IFCFACEOUTERBOUND(#4751, .T.);
#4751 = IFCPOLYLOOP((#4700, #4727, #4699));
#4752 = IFCFACE((#4753));
#4753 = IFCFACEOUTERBOUND(#4754, .T.);
#4754 = IFCPOLYLOOP((#4755, #4728, #4756));
#4755 = IFCCARTESIANPOINT((4985.16938341437, 10015.3232604703, 407.965193612349));
#4756 = IFCCARTESIANPOINT((4985.16938341437, 10015.3232604703, 408.005201615863));
#4757 = IFCFACE((#4758));
#4758 = IFCFACEOUTERBOUND(#4759, .T.);
#4759 = IFCPOLYLOOP((#4732, #4756, #4728));
#4760 = IFCFACE((#4761));
#4761 = IFCFACEOUTERBOUND(#4762, .T.);
#4762 = IFCPOLYLOOP((#4756, #4732, #4763));
#4763 = IFCCARTESIANPOINT((4982.85488344543, 10013.1777008943, 407.942076771141));
#4764 = IFCFACE((#4765));
#4765 = IFCFACEOUTERBOUND(#4766, .T.);
#4766 = IFCPOLYLOOP((#4742, #4763, #4732));
#4767 = IFCFACE((#4768));
#4768 = IFCFACEOUTERBOUND(#4769, .T.);
#4769 = IFCPOLYLOOP((#4763, #4742, #4770));
#4770 = IFCCARTESIANPOINT((4982.85488344543, 10013.1777008943, 407.902068771941));
#4771 = IFCFACE((#4772));
#4772 = IFCFACEOUTERBOUND(#4773, .T.);
#4773 = IFCPOLYLOOP((#4770, #4742, #4755));
#4774 = IFCFACE((#4775));
#4775 = IFCFACEOUTERBOUND(#4776, .T.);
#4776 = IFCPOLYLOOP((#4727, #4755, #4742));
#4777 = IFCFACE((#4778));
#4778 = IFCFACEOUTERBOUND(#4779, .T.);
#4779 = IFCPOLYLOOP((#4728, #4755, #4727));
#4780 = IFCFACE((#4781));
#4781 = IFCFACEOUTERBOUND(#4782, .T.);
#4782 = IFCPOLYLOOP((#4783, #4756, #4784));
#4783 = IFCCARTESIANPOINT((4985.23729234063, 10015.2498548296, 407.965056971422));
#4784 = IFCCARTESIANPOINT((4985.23729234063, 10015.2498548296, 408.005064974852));
#4785 = IFCFACE((#4786));
#4786 = IFCFACEOUTERBOUND(#4787, .T.);
#4787 = IFCPOLYLOOP((#4763, #4784, #4756));
#4788 = IFCFACE((#4789));
#4789 = IFCFACEOUTERBOUND(#4790, .T.);
#4790 = IFCPOLYLOOP((#4784, #4763, #4791));
#4791 = IFCCARTESIANPOINT((4982.92279237169, 10013.1042952537, 407.941940225457));
#4792 = IFCFACE((#4793));
#4793 = IFCFACEOUTERBOUND(#4794, .T.);
#4794 = IFCPOLYLOOP((#4770, #4791, #4763));
#4795 = IFCFACE((#4796));
#4796 = IFCFACEOUTERBOUND(#4797, .T.);
#4797 = IFCPOLYLOOP((#4791, #4770, #4798));
#4798 = IFCCARTESIANPOINT((4982.92279237169, 10013.1042952537, 407.901932226257));
#4799 = IFCFACE((#4800));
#4800 = IFCFACEOUTERBOUND(#4801, .T.);
#4801 = IFCPOLYLOOP((#4798, #4770, #4783));
#4802 = IFCFACE((#4803));
#4803 = IFCFACEOUTERBOUND(#4804, .T.);
#4804 = IFCPOLYLOOP((#4755, #4783, #4770));
#4805 = IFCFACE((#4806));
#4806 = IFCFACEOUTERBOUND(#4807, .T.);
#4807 = IFCPOLYLOOP((#4756, #4783, #4755));
#4808 = IFCFACE((#4809));
#4809 = IFCFACEOUTERBOUND(#4810, .T.);
#4810 = IFCPOLYLOOP((#4811, #4784, #4812));
#4811 = IFCCARTESIANPOINT((4985.30520126689, 10015.176449189, 407.964920330494));
#4812 = IFCCARTESIANPOINT((4985.30520126689, 10015.176449189, 408.004928333839));
#4813 = IFCFACE((#4814));
#4814 = IFCFACEOUTERBOUND(#4815, .T.);
#4815 = IFCPOLYLOOP((#4812, #4784, #4816));
#4816 = IFCCARTESIANPOINT((4982.99070129795, 10013.0308896131, 407.941803679772));
#4817 = IFCFACE((#4818));
#4818 = IFCFACEOUTERBOUND(#4819, .T.);
#4819 = IFCPOLYLOOP((#4791, #4816, #4784));
#4820 = IFCFACE((#4821));
#4821 = IFCFACEOUTERBOUND(#4822, .T.);
#4822 = IFCPOLYLOOP((#4798, #4816, #4791));
#4823 = IFCFACE((#4824));
#4824 = IFCFACEOUTERBOUND(#4825, .T.);
#4825 = IFCPOLYLOOP((#4816, #4798, #4826));
#4826 = IFCCARTESIANPOINT((4982.99070129795, 10013.0308896131, 407.901795680573));
#4827 = IFCFACE((#4828));
#4828 = IFCFACEOUTERBOUND(#4829, .T.);
#4829 = IFCPOLYLOOP((#4783, #4826, #4798));
#4830 = IFCFACE((#4831));
#4831 = IFCFACEOUTERBOUND(#4832, .T.);
#4832 = IFCPOLYLOOP((#4826, #4783, #4811));
#4833 = IFCFACE((#4834));
#4834 = IFCFACEOUTERBOUND(#4835, .T.);
#4835 = IFCPOLYLOOP((#4784, #4811, #4783));
#4836 = IFCFACE((#4837));
#4837 = IFCFACEOUTERBOUND(#4838, .T.);
#4838 = IFCPOLYLOOP((#4839, #4812, #4840));
#4839 = IFCCARTESIANPOINT((4985.37311019315, 10015.1030435483, 407.964783689567));
#4840 = IFCCARTESIANPOINT((4985.37311019315, 10015.1030435483, 408.004791692827));
#4841 = IFCFACE((#4842));
#4842 = IFCFACEOUTERBOUND(#4843, .T.);
#4843 = IFCPOLYLOOP((#4840, #4812, #4844));
#4844 = IFCCARTESIANPOINT((4983.05861022421, 10012.9574839724, 407.941667134088));
#4845 = IFCFACE((#4846));
#4846 = IFCFACEOUTERBOUND(#4847, .T.);
#4847 = IFCPOLYLOOP((#4816, #4844, #4812));
#4848 = IFCFACE((#4849));
#4849 = IFCFACEOUTERBOUND(#4850, .T.);
#4850 = IFCPOLYLOOP((#4826, #4844, #4816));
#4851 = IFCFACE((#4852));
#4852 = IFCFACEOUTERBOUND(#4853, .T.);
#4853 = IFCPOLYLOOP((#4844, #4826, #4854));
#4854 = IFCCARTESIANPOINT((4983.05861022421, 10012.9574839724, 407.901659134889));
#4855 = IFCFACE((#4856));
#4856 = IFCFACEOUTERBOUND(#4857, .T.);
#4857 = IFCPOLYLOOP((#4854, #4826, #4839));
#4858 = IFCFACE((#4859));
#4859 = IFCFACEOUTERBOUND(#4860, .T.);
#4860 = IFCPOLYLOOP((#4811, #4839, #4826));
#4861 = IFCFACE((#4862));
#4862 = IFCFACEOUTERBOUND(#4863, .T.);
#4863 = IFCPOLYLOOP((#4812, #4839, #4811));
#4864 = IFCFACE((#4865));
#4865 = IFCFACEOUTERBOUND(#4866, .T.);
#4866 = IFCPOLYLOOP((#4867, #4840, #4868));
#4867 = IFCCARTESIANPOINT((4985.4410191194, 10015.0296379077, 407.96464704864));
#4868 = IFCCARTESIANPOINT((4985.4410191194, 10015.0296379077, 408.004655051816));
#4869 = IFCFACE((#4870));
#4870 = IFCFACEOUTERBOUND(#4871, .T.);
#4871 = IFCPOLYLOOP((#4868, #4840, #4872));
#4872 = IFCCARTESIANPOINT((4983.12651915046, 10012.8840783318, 407.941530588405));
#4873 = IFCFACE((#4874));
#4874 = IFCFACEOUTERBOUND(#4875, .T.);
#4875 = IFCPOLYLOOP((#4844, #4872, #4840));
#4876 = IFCFACE((#4877));
#4877 = IFCFACEOUTERBOUND(#4878, .T.);
#4878 = IFCPOLYLOOP((#4854, #4872, #4844));
#4879 = IFCFACE((#4880));
#4880 = IFCFACEOUTERBOUND(#4881, .T.);
#4881 = IFCPOLYLOOP((#4872, #4854, #4882));
#4882 = IFCCARTESIANPOINT((4983.12651915046, 10012.8840783318, 407.901522589205));
#4883 = IFCFACE((#4884));
#4884 = IFCFACEOUTERBOUND(#4885, .T.);
#4885 = IFCPOLYLOOP((#4839, #4882, #4854));
#4886 = IFCFACE((#4887));
#4887 = IFCFACEOUTERBOUND(#4888, .T.);
#4888 = IFCPOLYLOOP((#4882, #4839, #4867));
#4889 = IFCFACE((#4890));
#4890 = IFCFACEOUTERBOUND(#4891, .T.);
#4891 = IFCPOLYLOOP((#4840, #4867, #4839));
#4892 = IFCFACE((#4893));
#4893 = IFCFACEOUTERBOUND(#4894, .T.);
#4894 = IFCPOLYLOOP((#4895, #4868, #4896));
#4895 = IFCCARTESIANPOINT((4985.50892804566, 10014.9562322671, 407.964510407712));
#4896 = IFCCARTESIANPOINT((4985.50892804566, 10014.9562322671, 408.004518410804));
#4897 = IFCFACE((#4898));
#4898 = IFCFACEOUTERBOUND(#4899, .T.);
#4899 = IFCPOLYLOOP((#4872, #4896, #4868));
#4900 = IFCFACE((#4901));
#4901 = IFCFACEOUTERBOUND(#4902, .T.);
#4902 = IFCPOLYLOOP((#4896, #4872, #4903));
#4903 = IFCCARTESIANPOINT((4983.19442807672, 10012.8106726912, 407.941394042722));
#4904 = IFCFACE((#4905));
#4905 = IFCFACEOUTERBOUND(#4906, .T.);
#4906 = IFCPOLYLOOP((#4882, #4903, #4872));
#4907 = IFCFACE((#4908));
#4908 = IFCFACEOUTERBOUND(#4909, .T.);
#4909 = IFCPOLYLOOP((#4903, #4882, #4910));
#4910 = IFCCARTESIANPOINT((4983.19442807672, 10012.8106726912, 407.901386043521));
#4911 = IFCFACE((#4912));
#4912 = IFCFACEOUTERBOUND(#4913, .T.);
#4913 = IFCPOLYLOOP((#4910, #4882, #4895));
#4914 = IFCFACE((#4915));
#4915 = IFCFACEOUTERBOUND(#4916, .T.);
#4916 = IFCPOLYLOOP((#4867, #4895, #4882));
#4917 = IFCFACE((#4918));
#4918 = IFCFACEOUTERBOUND(#4919, .T.);
#4919 = IFCPOLYLOOP((#4868, #4895, #4867));
#4920 = IFCFACE((#4921));
#4921 = IFCFACEOUTERBOUND(#4922, .T.);
#4922 = IFCPOLYLOOP((#4923, #4896, #4924));
#4923 = IFCCARTESIANPOINT((4985.57683697192, 10014.8828266264, 407.964373766788));
#4924 = IFCCARTESIANPOINT((4985.57683697192, 10014.8828266264, 408.004381769792));
#4925 = IFCFACE((#4926));
#4926 = IFCFACEOUTERBOUND(#4927, .T.);
#4927 = IFCPOLYLOOP((#4903, #4924, #4896));
#4928 = IFCFACE((#4929));
#4929 = IFCFACEOUTERBOUND(#4930, .T.);
#4930 = IFCPOLYLOOP((#4924, #4903, #4931));
#4931 = IFCCARTESIANPOINT((4983.26233700298, 10012.7372670505, 407.941257497036));
#4932 = IFCFACE((#4933));
#4933 = IFCFACEOUTERBOUND(#4934, .T.);
#4934 = IFCPOLYLOOP((#4910, #4931, #4903));
#4935 = IFCFACE((#4936));
#4936 = IFCFACEOUTERBOUND(#4937, .T.);
#4937 = IFCPOLYLOOP((#4931, #4910, #4938));
#4938 = IFCCARTESIANPOINT((4983.26233700298, 10012.7372670505, 407.901249497838));
#4939 = IFCFACE((#4940));
#4940 = IFCFACEOUTERBOUND(#4941, .T.);
#4941 = IFCPOLYLOOP((#4938, #4910, #4923));
#4942 = IFCFACE((#4943));
#4943 = IFCFACEOUTERBOUND(#4944, .T.);
#4944 = IFCPOLYLOOP((#4895, #4923, #4910));
#4945 = IFCFACE((#4946));
#4946 = IFCFACEOUTERBOUND(#4947, .T.);
#4947 = IFCPOLYLOOP((#4896, #4923, #4895));
#4948 = IFCFACE((#4949));
#4949 = IFCFACEOUTERBOUND(#4950, .T.);
#4950 = IFCPOLYLOOP((#4951, #4924, #4952));
#4951 = IFCCARTESIANPOINT((4985.64474589818, 10014.8094209858, 407.96423712586));
#4952 = IFCCARTESIANPOINT((4985.64474589818, 10014.8094209858, 408.004245128781));
#4953 = IFCFACE((#4954));
#4954 = IFCFACEOUTERBOUND(#4955, .T.);
#4955 = IFCPOLYLOOP((#4931, #4952, #4924));
#4956 = IFCFACE((#4957));
#4957 = IFCFACEOUTERBOUND(#4958, .T.);
#4958 = IFCPOLYLOOP((#4952, #4931, #4959));
#4959 = IFCCARTESIANPOINT((4983.33024592924, 10012.6638614099, 407.941120951356));
#4960 = IFCFACE((#4961));
#4961 = IFCFACEOUTERBOUND(#4962, .T.);
#4962 = IFCPOLYLOOP((#4938, #4959, #4931));
#4963 = IFCFACE((#4964));
#4964 = IFCFACEOUTERBOUND(#4965, .T.);
#4965 = IFCPOLYLOOP((#4959, #4938, #4966));
#4966 = IFCCARTESIANPOINT((4983.33024592924, 10012.6638614099, 407.901112952154));
#4967 = IFCFACE((#4968));
#4968 = IFCFACEOUTERBOUND(#4969, .T.);
#4969 = IFCPOLYLOOP((#4966, #4938, #4951));
#4970 = IFCFACE((#4971));
#4971 = IFCFACEOUTERBOUND(#4972, .T.);
#4972 = IFCPOLYLOOP((#4923, #4951, #4938));
#4973 = IFCFACE((#4974));
#4974 = IFCFACEOUTERBOUND(#4975, .T.);
#4975 = IFCPOLYLOOP((#4924, #4951, #4923));
#4976 = IFCFACE((#4977));
#4977 = IFCFACEOUTERBOUND(#4978, .T.);
#4978 = IFCPOLYLOOP((#4979, #4952, #4980));
#4979 = IFCCARTESIANPOINT((4985.71265482444, 10014.7360153451, 407.964100484933));
#4980 = IFCCARTESIANPOINT((4985.71265482444, 10014.7360153451, 408.004108487768));
#4981 = IFCFACE((#4982));
#4982 = IFCFACEOUTERBOUND(#4983, .T.);
#4983 = IFCPOLYLOOP((#4959, #4980, #4952));
#4984 = IFCFACE((#4985));
#4985 = IFCFACEOUTERBOUND(#4986, .T.);
#4986 = IFCPOLYLOOP((#4980, #4959, #4987));
#4987 = IFCCARTESIANPOINT((4983.39815485549, 10012.5904557692, 407.94098440567));
#4988 = IFCFACE((#4989));
#4989 = IFCFACEOUTERBOUND(#4990, .T.);
#4990 = IFCPOLYLOOP((#4966, #4987, #4959));
#4991 = IFCFACE((#4992));
#4992 = IFCFACEOUTERBOUND(#4993, .T.);
#4993 = IFCPOLYLOOP((#4987, #4966, #4994));
#4994 = IFCCARTESIANPOINT((4983.39815485549, 10012.5904557692, 407.90097640647));
#4995 = IFCFACE((#4996));
#4996 = IFCFACEOUTERBOUND(#4997, .T.);
#4997 = IFCPOLYLOOP((#4994, #4966, #4979));
#4998 = IFCFACE((#4999));
#4999 = IFCFACEOUTERBOUND(#5000, .T.);
#5000 = IFCPOLYLOOP((#4951, #4979, #4966));
#5001 = IFCFACE((#5002));
#5002 = IFCFACEOUTERBOUND(#5003, .T.);
#5003 = IFCPOLYLOOP((#4952, #4979, #4951));
#5004 = IFCFACE((#5005));
#5005 = IFCFACEOUTERBOUND(#5006, .T.);
#5006 = IFCPOLYLOOP((#5007, #4980, #5008));
#5007 = IFCCARTESIANPOINT((4985.78056375069, 10014.6626097045, 407.963963844007));
#5008 = IFCCARTESIANPOINT((4985.78056375069, 10014.6626097045, 408.003971846757));
#5009 = IFCFACE((#5010));
#5010 = IFCFACEOUTERBOUND(#5011, .T.);
#5011 = IFCPOLYLOOP((#4987, #5008, #4980));
#5012 = IFCFACE((#5013));
#5013 = IFCFACEOUTERBOUND(#5014, .T.);
#5014 = IFCPOLYLOOP((#5008, #4987, #5015));
#5015 = IFCCARTESIANPOINT((4983.46606378175, 10012.5170501286, 407.940847859987));
#5016 = IFCFACE((#5017));
#5017 = IFCFACEOUTERBOUND(#5018, .T.);
#5018 = IFCPOLYLOOP((#4994, #5015, #4987));
#5019 = IFCFACE((#5020));
#5020 = IFCFACEOUTERBOUND(#5021, .T.);
#5021 = IFCPOLYLOOP((#5015, #4994, #5022));
#5022 = IFCCARTESIANPOINT((4983.46606378175, 10012.5170501286, 407.900839860786));
#5023 = IFCFACE((#5024));
#5024 = IFCFACEOUTERBOUND(#5025, .T.);
#5025 = IFCPOLYLOOP((#5022, #4994, #5007));
#5026 = IFCFACE((#5027));
#5027 = IFCFACEOUTERBOUND(#5028, .T.);
#5028 = IFCPOLYLOOP((#4979, #5007, #4994));
#5029 = IFCFACE((#5030));
#5030 = IFCFACEOUTERBOUND(#5031, .T.);
#5031 = IFCPOLYLOOP((#4980, #5007, #4979));
#5032 = IFCFACE((#5033));
#5033 = IFCFACEOUTERBOUND(#5034, .T.);
#5034 = IFCPOLYLOOP((#5035, #5008, #5036));
#5035 = IFCCARTESIANPOINT((4985.79713216488, 10014.6447001994, 407.96393050362));
#5036 = IFCCARTESIANPOINT((4985.79713216488, 10014.6447001994, 408.003938506349));
#5037 = IFCFACE((#5038));
#5038 = IFCFACEOUTERBOUND(#5039, .T.);
#5039 = IFCPOLYLOOP((#5036, #5008, #5040));
#5040 = IFCCARTESIANPOINT((4983.48263219594, 10012.4991406235, 407.940814542839));
#5041 = IFCFACE((#5042));
#5042 = IFCFACEOUTERBOUND(#5043, .T.);
#5043 = IFCPOLYLOOP((#5015, #5040, #5008));
#5044 = IFCFACE((#5045));
#5045 = IFCFACEOUTERBOUND(#5046, .T.);
#5046 = IFCPOLYLOOP((#5022, #5040, #5015));
#5047 = IFCFACE((#5048));
#5048 = IFCFACEOUTERBOUND(#5049, .T.);
#5049 = IFCPOLYLOOP((#5040, #5022, #5050));
#5050 = IFCCARTESIANPOINT((4983.48263219594, 10012.4991406235, 407.900806543639));
#5051 = IFCFACE((#5052));
#5052 = IFCFACEOUTERBOUND(#5053, .T.);
#5053 = IFCPOLYLOOP((#5007, #5050, #5022));
#5054 = IFCFACE((#5055));
#5055 = IFCFACEOUTERBOUND(#5056, .T.);
#5056 = IFCPOLYLOOP((#5050, #5007, #5035));
#5057 = IFCFACE((#5058));
#5058 = IFCFACEOUTERBOUND(#5059, .T.);
#5059 = IFCPOLYLOOP((#5008, #5035, #5007));
#5060 = IFCFACE((#5061));
#5061 = IFCFACEOUTERBOUND(#5062, .T.);
#5062 = IFCPOLYLOOP((#5063, #5036, #5064));
#5063 = IFCCARTESIANPOINT((4985.84855215214, 10014.589277738, 407.963866742414));
#5064 = IFCCARTESIANPOINT((4985.84855215214, 10014.589277738, 408.003874745081));
#5065 = IFCFACE((#5066));
#5066 = IFCFACEOUTERBOUND(#5067, .T.);
#5067 = IFCPOLYLOOP((#5064, #5036, #5068));
#5068 = IFCCARTESIANPOINT((4983.5340521832, 10012.4437181621, 407.940750853637));
#5069 = IFCFACE((#5070));
#5070 = IFCFACEOUTERBOUND(#5071, .T.);
#5071 = IFCPOLYLOOP((#5040, #5068, #5036));
#5072 = IFCFACE((#5073));
#5073 = IFCFACEOUTERBOUND(#5074, .T.);
#5074 = IFCPOLYLOOP((#5050, #5068, #5040));
#5075 = IFCFACE((#5076));
#5076 = IFCFACEOUTERBOUND(#5077, .T.);
#5077 = IFCPOLYLOOP((#5068, #5050, #5078));
#5078 = IFCCARTESIANPOINT((4983.5340521832, 10012.4437181621, 407.900742854439));
#5079 = IFCFACE((#5080));
#5080 = IFCFACEOUTERBOUND(#5081, .T.);
#5081 = IFCPOLYLOOP((#5035, #5078, #5050));
#5082 = IFCFACE((#5083));
#5083 = IFCFACEOUTERBOUND(#5084, .T.);
#5084 = IFCPOLYLOOP((#5078, #5035, #5063));
#5085 = IFCFACE((#5086));
#5086 = IFCFACEOUTERBOUND(#5087, .T.);
#5087 = IFCPOLYLOOP((#5036, #5063, #5035));
#5088 = IFCFACE((#5089));
#5089 = IFCFACEOUTERBOUND(#5090, .T.);
#5090 = IFCPOLYLOOP((#5091, #5064, #5092));
#5091 = IFCCARTESIANPOINT((4985.91656620432, 10014.5159695499, 407.963782402199));
#5092 = IFCCARTESIANPOINT((4985.91656620432, 10014.5159695499, 408.00379040478));
#5093 = IFCFACE((#5094));
#5094 = IFCFACEOUTERBOUND(#5095, .T.);
#5095 = IFCPOLYLOOP((#5092, #5064, #5096));
#5096 = IFCCARTESIANPOINT((4983.60206623537, 10012.370409974, 407.940666608665));
#5097 = IFCFACE((#5098));
#5098 = IFCFACEOUTERBOUND(#5099, .T.);
#5099 = IFCPOLYLOOP((#5068, #5096, #5064));
#5100 = IFCFACE((#5101));
#5101 = IFCFACEOUTERBOUND(#5102, .T.);
#5102 = IFCPOLYLOOP((#5078, #5096, #5068));
#5103 = IFCFACE((#5104));
#5104 = IFCFACEOUTERBOUND(#5105, .T.);
#5105 = IFCPOLYLOOP((#5096, #5078, #5106));
#5106 = IFCCARTESIANPOINT((4983.60206623537, 10012.370409974, 407.900658609465));
#5107 = IFCFACE((#5108));
#5108 = IFCFACEOUTERBOUND(#5109, .T.);
#5109 = IFCPOLYLOOP((#5063, #5106, #5078));
#5110 = IFCFACE((#5111));
#5111 = IFCFACEOUTERBOUND(#5112, .T.);
#5112 = IFCPOLYLOOP((#5106, #5063, #5091));
#5113 = IFCFACE((#5114));
#5114 = IFCFACEOUTERBOUND(#5115, .T.);
#5115 = IFCPOLYLOOP((#5064, #5091, #5063));
#5116 = IFCFACE((#5117));
#5117 = IFCFACEOUTERBOUND(#5118, .T.);
#5118 = IFCPOLYLOOP((#5119, #5092, #5120));
#5119 = IFCCARTESIANPOINT((4985.98458025649, 10014.4426613618, 407.963698061984));
#5120 = IFCCARTESIANPOINT((4985.98458025649, 10014.4426613618, 408.003706064479));
#5121 = IFCFACE((#5122));
#5122 = IFCFACEOUTERBOUND(#5123, .T.);
#5123 = IFCPOLYLOOP((#5096, #5120, #5092));
#5124 = IFCFACE((#5125));
#5125 = IFCFACEOUTERBOUND(#5126, .T.);
#5126 = IFCPOLYLOOP((#5120, #5096, #5127));
#5127 = IFCCARTESIANPOINT((4983.67008028755, 10012.2971017859, 407.940582363693));
#5128 = IFCFACE((#5129));
#5129 = IFCFACEOUTERBOUND(#5130, .T.);
#5130 = IFCPOLYLOOP((#5106, #5127, #5096));
#5131 = IFCFACE((#5132));
#5132 = IFCFACEOUTERBOUND(#5133, .T.);
#5133 = IFCPOLYLOOP((#5127, #5106, #5134));
#5134 = IFCCARTESIANPOINT((4983.67008028755, 10012.2971017859, 407.900574364492));
#5135 = IFCFACE((#5136));
#5136 = IFCFACEOUTERBOUND(#5137, .T.);
#5137 = IFCPOLYLOOP((#5134, #5106, #5119));
#5138 = IFCFACE((#5139));
#5139 = IFCFACEOUTERBOUND(#5140, .T.);
#5140 = IFCPOLYLOOP((#5091, #5119, #5106));
#5141 = IFCFACE((#5142));
#5142 = IFCFACEOUTERBOUND(#5143, .T.);
#5143 = IFCPOLYLOOP((#5092, #5119, #5091));
#5144 = IFCFACE((#5145));
#5145 = IFCFACEOUTERBOUND(#5146, .T.);
#5146 = IFCPOLYLOOP((#5147, #5120, #5148));
#5147 = IFCCARTESIANPOINT((4986.05259430866, 10014.3693531737, 407.963613721766));
#5148 = IFCCARTESIANPOINT((4986.05259430866, 10014.3693531737, 408.003621724177));
#5149 = IFCFACE((#5150));
#5150 = IFCFACEOUTERBOUND(#5151, .T.);
#5151 = IFCPOLYLOOP((#5127, #5148, #5120));
#5152 = IFCFACE((#5153));
#5153 = IFCFACEOUTERBOUND(#5154, .T.);
#5154 = IFCPOLYLOOP((#5148, #5127, #5155));
#5155 = IFCCARTESIANPOINT((4983.73809433972, 10012.2237935978, 407.940498118718));
#5156 = IFCFACE((#5157));
#5157 = IFCFACEOUTERBOUND(#5158, .T.);
#5158 = IFCPOLYLOOP((#5134, #5155, #5127));
#5159 = IFCFACE((#5160));
#5160 = IFCFACEOUTERBOUND(#5161, .T.);
#5161 = IFCPOLYLOOP((#5155, #5134, #5162));
#5162 = IFCCARTESIANPOINT((4983.73809433972, 10012.2237935978, 407.900490119518));
#5163 = IFCFACE((#5164));
#5164 = IFCFACEOUTERBOUND(#5165, .T.);
#5165 = IFCPOLYLOOP((#5162, #5134, #5147));
#5166 = IFCFACE((#5167));
#5167 = IFCFACEOUTERBOUND(#5168, .T.);
#5168 = IFCPOLYLOOP((#5119, #5147, #5134));
#5169 = IFCFACE((#5170));
#5170 = IFCFACEOUTERBOUND(#5171, .T.);
#5171 = IFCPOLYLOOP((#5120, #5147, #5119));
#5172 = IFCFACE((#5173));
#5173 = IFCFACEOUTERBOUND(#5174, .T.);
#5174 = IFCPOLYLOOP((#5175, #5148, #5176));
#5175 = IFCCARTESIANPOINT((4986.12060836083, 10014.2960449856, 407.96352938155));
#5176 = IFCCARTESIANPOINT((4986.12060836083, 10014.2960449856, 408.003537383875));
#5177 = IFCFACE((#5178));
#5178 = IFCFACEOUTERBOUND(#5179, .T.);
#5179 = IFCPOLYLOOP((#5155, #5176, #5148));
#5180 = IFCFACE((#5181));
#5181 = IFCFACEOUTERBOUND(#5182, .T.);
#5182 = IFCPOLYLOOP((#5176, #5155, #5183));
#5183 = IFCCARTESIANPOINT((4983.80610839189, 10012.1504854097, 407.940413873745));
#5184 = IFCFACE((#5185));
#5185 = IFCFACEOUTERBOUND(#5186, .T.);
#5186 = IFCPOLYLOOP((#5162, #5183, #5155));
#5187 = IFCFACE((#5188));
#5188 = IFCFACEOUTERBOUND(#5189, .T.);
#5189 = IFCPOLYLOOP((#5183, #5162, #5190));
#5190 = IFCCARTESIANPOINT((4983.80610839189, 10012.1504854097, 407.900405874544));
#5191 = IFCFACE((#5192));
#5192 = IFCFACEOUTERBOUND(#5193, .T.);
#5193 = IFCPOLYLOOP((#5190, #5162, #5175));
#5194 = IFCFACE((#5195));
#5195 = IFCFACEOUTERBOUND(#5196, .T.);
#5196 = IFCPOLYLOOP((#5147, #5175, #5162));
#5197 = IFCFACE((#5198));
#5198 = IFCFACEOUTERBOUND(#5199, .T.);
#5199 = IFCPOLYLOOP((#5148, #5175, #5147));
#5200 = IFCFACE((#5201));
#5201 = IFCFACEOUTERBOUND(#5202, .T.);
#5202 = IFCPOLYLOOP((#5203, #5176, #5204));
#5203 = IFCCARTESIANPOINT((4986.188622413, 10014.2227367975, 407.963445041334));
#5204 = IFCCARTESIANPOINT((4986.188622413, 10014.2227367975, 408.003453043573));
#5205 = IFCFACE((#5206));
#5206 = IFCFACEOUTERBOUND(#5207, .T.);
#5207 = IFCPOLYLOOP((#5183, #5204, #5176));
#5208 = IFCFACE((#5209));
#5209 = IFCFACEOUTERBOUND(#5210, .T.);
#5210 = IFCPOLYLOOP((#5204, #5183, #5211));
#5211 = IFCCARTESIANPOINT((4983.87412244406, 10012.0771772216, 407.940329628771));
#5212 = IFCFACE((#5213));
#5213 = IFCFACEOUTERBOUND(#5214, .T.);
#5214 = IFCPOLYLOOP((#5190, #5211, #5183));
#5215 = IFCFACE((#5216));
#5216 = IFCFACEOUTERBOUND(#5217, .T.);
#5217 = IFCPOLYLOOP((#5211, #5190, #5218));
#5218 = IFCCARTESIANPOINT((4983.87412244406, 10012.0771772216, 407.900321629571));
#5219 = IFCFACE((#5220));
#5220 = IFCFACEOUTERBOUND(#5221, .T.);
#5221 = IFCPOLYLOOP((#5218, #5190, #5203));
#5222 = IFCFACE((#5223));
#5223 = IFCFACEOUTERBOUND(#5224, .T.);
#5224 = IFCPOLYLOOP((#5175, #5203, #5190));
#5225 = IFCFACE((#5226));
#5226 = IFCFACEOUTERBOUND(#5227, .T.);
#5227 = IFCPOLYLOOP((#5176, #5203, #5175));
#5228 = IFCFACE((#5229));
#5229 = IFCFACEOUTERBOUND(#5230, .T.);
#5230 = IFCPOLYLOOP((#5231, #5204, #5232));
#5231 = IFCCARTESIANPOINT((4986.25663646518, 10014.1494286094, 407.963360701114));
#5232 = IFCCARTESIANPOINT((4986.25663646518, 10014.1494286094, 408.003368703272));
#5233 = IFCFACE((#5234));
#5234 = IFCFACEOUTERBOUND(#5235, .T.);
#5235 = IFCPOLYLOOP((#5232, #5204, #5236));
#5236 = IFCCARTESIANPOINT((4983.94213649624, 10012.0038690335, 407.940245383797));
#5237 = IFCFACE((#5238));
#5238 = IFCFACEOUTERBOUND(#5239, .T.);
#5239 = IFCPOLYLOOP((#5211, #5236, #5204));
#5240 = IFCFACE((#5241));
#5241 = IFCFACEOUTERBOUND(#5242, .T.);
#5242 = IFCPOLYLOOP((#5218, #5236, #5211));
#5243 = IFCFACE((#5244));
#5244 = IFCFACEOUTERBOUND(#5245, .T.);
#5245 = IFCPOLYLOOP((#5236, #5218, #5246));
#5246 = IFCCARTESIANPOINT((4983.94213649624, 10012.0038690335, 407.900237384597));
#5247 = IFCFACE((#5248));
#5248 = IFCFACEOUTERBOUND(#5249, .T.);
#5249 = IFCPOLYLOOP((#5203, #5246, #5218));
#5250 = IFCFACE((#5251));
#5251 = IFCFACEOUTERBOUND(#5252, .T.);
#5252 = IFCPOLYLOOP((#5246, #5203, #5231));
#5253 = IFCFACE((#5254));
#5254 = IFCFACEOUTERBOUND(#5255, .T.);
#5255 = IFCPOLYLOOP((#5204, #5231, #5203));
#5256 = IFCFACE((#5257));
#5257 = IFCFACEOUTERBOUND(#5258, .T.);
#5258 = IFCPOLYLOOP((#5259, #5232, #5260));
#5259 = IFCCARTESIANPOINT((4986.32465051735, 10014.0761204213, 407.963276360899));
#5260 = IFCCARTESIANPOINT((4986.32465051735, 10014.0761204213, 408.00328436297));
#5261 = IFCFACE((#5262));
#5262 = IFCFACEOUTERBOUND(#5263, .T.);
#5263 = IFCPOLYLOOP((#5260, #5232, #5264));
#5264 = IFCCARTESIANPOINT((4984.01015054841, 10011.9305608454, 407.940161138822));
#5265 = IFCFACE((#5266));
#5266 = IFCFACEOUTERBOUND(#5267, .T.);
#5267 = IFCPOLYLOOP((#5236, #5264, #5232));
#5268 = IFCFACE((#5269));
#5269 = IFCFACEOUTERBOUND(#5270, .T.);
#5270 = IFCPOLYLOOP((#5246, #5264, #5236));
#5271 = IFCFACE((#5272));
#5272 = IFCFACEOUTERBOUND(#5273, .T.);
#5273 = IFCPOLYLOOP((#5264, #5246, #5274));
#5274 = IFCCARTESIANPOINT((4984.01015054841, 10011.9305608454, 407.900153139624));
#5275 = IFCFACE((#5276));
#5276 = IFCFACEOUTERBOUND(#5277, .T.);
#5277 = IFCPOLYLOOP((#5231, #5274, #5246));
#5278 = IFCFACE((#5279));
#5279 = IFCFACEOUTERBOUND(#5280, .T.);
#5280 = IFCPOLYLOOP((#5274, #5231, #5259));
#5281 = IFCFACE((#5282));
#5282 = IFCFACEOUTERBOUND(#5283, .T.);
#5283 = IFCPOLYLOOP((#5232, #5259, #5231));
#5284 = IFCFACE((#5285));
#5285 = IFCFACEOUTERBOUND(#5286, .T.);
#5286 = IFCPOLYLOOP((#5287, #5260, #5288));
#5287 = IFCCARTESIANPOINT((4986.39266456952, 10014.0028122332, 407.963192020683));
#5288 = IFCCARTESIANPOINT((4986.39266456952, 10014.0028122332, 408.003200022668));
#5289 = IFCFACE((#5290));
#5290 = IFCFACEOUTERBOUND(#5291, .T.);
#5291 = IFCPOLYLOOP((#5264, #5288, #5260));
#5292 = IFCFACE((#5293));
#5293 = IFCFACEOUTERBOUND(#5294, .T.);
#5294 = IFCPOLYLOOP((#5288, #5264, #5295));
#5295 = IFCCARTESIANPOINT((4984.07816460058, 10011.8572526573, 407.940076893849));
#5296 = IFCFACE((#5297));
#5297 = IFCFACEOUTERBOUND(#5298, .T.);
#5298 = IFCPOLYLOOP((#5274, #5295, #5264));
#5299 = IFCFACE((#5300));
#5300 = IFCFACEOUTERBOUND(#5301, .T.);
#5301 = IFCPOLYLOOP((#5295, #5274, #5302));
#5302 = IFCCARTESIANPOINT((4984.07816460058, 10011.8572526573, 407.90006889465));
#5303 = IFCFACE((#5304));
#5304 = IFCFACEOUTERBOUND(#5305, .T.);
#5305 = IFCPOLYLOOP((#5302, #5274, #5287));
#5306 = IFCFACE((#5307));
#5307 = IFCFACEOUTERBOUND(#5308, .T.);
#5308 = IFCPOLYLOOP((#5259, #5287, #5274));
#5309 = IFCFACE((#5310));
#5310 = IFCFACEOUTERBOUND(#5311, .T.);
#5311 = IFCPOLYLOOP((#5260, #5287, #5259));
#5312 = IFCFACE((#5313));
#5313 = IFCFACEOUTERBOUND(#5314, .T.);
#5314 = IFCPOLYLOOP((#5315, #5288, #5316));
#5315 = IFCCARTESIANPOINT((4986.4606786217, 10013.9295040451, 407.963107680466));
#5316 = IFCCARTESIANPOINT((4986.4606786217, 10013.9295040451, 408.003115682367));
#5317 = IFCFACE((#5318));
#5318 = IFCFACEOUTERBOUND(#5319, .T.);
#5319 = IFCPOLYLOOP((#5295, #5316, #5288));
#5320 = IFCFACE((#5321));
#5321 = IFCFACEOUTERBOUND(#5322, .T.);
#5322 = IFCPOLYLOOP((#5316, #5295, #5323));
#5323 = IFCCARTESIANPOINT((4984.14617865275, 10011.7839444692, 407.939992648879));
#5324 = IFCFACE((#5325));
#5325 = IFCFACEOUTERBOUND(#5326, .T.);
#5326 = IFCPOLYLOOP((#5302, #5323, #5295));
#5327 = IFCFACE((#5328));
#5328 = IFCFACEOUTERBOUND(#5329, .T.);
#5329 = IFCPOLYLOOP((#5323, #5302, #5330));
#5330 = IFCCARTESIANPOINT((4984.14617865275, 10011.7839444692, 407.899984649676));
#5331 = IFCFACE((#5332));
#5332 = IFCFACEOUTERBOUND(#5333, .T.);
#5333 = IFCPOLYLOOP((#5330, #5302, #5315));
#5334 = IFCFACE((#5335));
#5335 = IFCFACEOUTERBOUND(#5336, .T.);
#5336 = IFCPOLYLOOP((#5287, #5315, #5302));
#5337 = IFCFACE((#5338));
#5338 = IFCFACEOUTERBOUND(#5339, .T.);
#5339 = IFCPOLYLOOP((#5288, #5315, #5287));
#5340 = IFCFACE((#5341));
#5341 = IFCFACEOUTERBOUND(#5342, .T.);
#5342 = IFCPOLYLOOP((#5343, #5316, #5344));
#5343 = IFCCARTESIANPOINT((4986.52869267387, 10013.8561958571, 407.963023340248));
#5344 = IFCCARTESIANPOINT((4986.52869267387, 10013.8561958571, 408.003031342065));
#5345 = IFCFACE((#5346));
#5346 = IFCFACEOUTERBOUND(#5347, .T.);
#5347 = IFCPOLYLOOP((#5323, #5344, #5316));
#5348 = IFCFACE((#5349));
#5349 = IFCFACEOUTERBOUND(#5350, .T.);
#5350 = IFCPOLYLOOP((#5344, #5323, #5351));
#5351 = IFCCARTESIANPOINT((4984.21419270493, 10011.7106362811, 407.939908403903));
#5352 = IFCFACE((#5353));
#5353 = IFCFACEOUTERBOUND(#5354, .T.);
#5354 = IFCPOLYLOOP((#5330, #5351, #5323));
#5355 = IFCFACE((#5356));
#5356 = IFCFACEOUTERBOUND(#5357, .T.);
#5357 = IFCPOLYLOOP((#5351, #5330, #5358));
#5358 = IFCCARTESIANPOINT((4984.21419270493, 10011.7106362811, 407.899900404703));
#5359 = IFCFACE((#5360));
#5360 = IFCFACEOUTERBOUND(#5361, .T.);
#5361 = IFCPOLYLOOP((#5358, #5330, #5343));
#5362 = IFCFACE((#5363));
#5363 = IFCFACEOUTERBOUND(#5364, .T.);
#5364 = IFCPOLYLOOP((#5315, #5343, #5330));
#5365 = IFCFACE((#5366));
#5366 = IFCFACEOUTERBOUND(#5367, .T.);
#5367 = IFCPOLYLOOP((#5316, #5343, #5315));
#5368 = IFCFACE((#5369));
#5369 = IFCFACEOUTERBOUND(#5370, .T.);
#5370 = IFCPOLYLOOP((#5371, #5344, #5372));
#5371 = IFCCARTESIANPOINT((4986.59670672604, 10013.782887669, 407.962939000032));
#5372 = IFCCARTESIANPOINT((4986.59670672604, 10013.782887669, 408.002947001764));
#5373 = IFCFACE((#5374));
#5374 = IFCFACEOUTERBOUND(#5375, .T.);
#5375 = IFCPOLYLOOP((#5372, #5344, #5376));
#5376 = IFCCARTESIANPOINT((4984.2822067571, 10011.6373280931, 407.939824158929));
#5377 = IFCFACE((#5378));
#5378 = IFCFACEOUTERBOUND(#5379, .T.);
#5379 = IFCPOLYLOOP((#5351, #5376, #5344));
#5380 = IFCFACE((#5381));
#5381 = IFCFACEOUTERBOUND(#5382, .T.);
#5382 = IFCPOLYLOOP((#5358, #5376, #5351));
#5383 = IFCFACE((#5384));
#5384 = IFCFACEOUTERBOUND(#5385, .T.);
#5385 = IFCPOLYLOOP((#5376, #5358, #5386));
#5386 = IFCCARTESIANPOINT((4984.2822067571, 10011.6373280931, 407.899816159729));
#5387 = IFCFACE((#5388));
#5388 = IFCFACEOUTERBOUND(#5389, .T.);
#5389 = IFCPOLYLOOP((#5343, #5386, #5358));
#5390 = IFCFACE((#5391));
#5391 = IFCFACEOUTERBOUND(#5392, .T.);
#5392 = IFCPOLYLOOP((#5386, #5343, #5371));
#5393 = IFCFACE((#5394));
#5394 = IFCFACEOUTERBOUND(#5395, .T.);
#5395 = IFCPOLYLOOP((#5344, #5371, #5343));
#5396 = IFCFACE((#5397));
#5397 = IFCFACEOUTERBOUND(#5398, .T.);
#5398 = IFCPOLYLOOP((#5399, #5372, #5400));
#5399 = IFCCARTESIANPOINT((4986.66472077821, 10013.7095794809, 407.962854659815));
#5400 = IFCCARTESIANPOINT((4986.66472077821, 10013.7095794809, 408.002862661462));
#5401 = IFCFACE((#5402));
#5402 = IFCFACEOUTERBOUND(#5403, .T.);
#5403 = IFCPOLYLOOP((#5376, #5400, #5372));
#5404 = IFCFACE((#5405));
#5405 = IFCFACEOUTERBOUND(#5406, .T.);
#5406 = IFCPOLYLOOP((#5400, #5376, #5407));
#5407 = IFCCARTESIANPOINT((4984.35022080927, 10011.564019905, 407.939739913956));
#5408 = IFCFACE((#5409));
#5409 = IFCFACEOUTERBOUND(#5410, .T.);
#5410 = IFCPOLYLOOP((#5386, #5407, #5376));
#5411 = IFCFACE((#5412));
#5412 = IFCFACEOUTERBOUND(#5413, .T.);
#5413 = IFCPOLYLOOP((#5407, #5386, #5414));
#5414 = IFCCARTESIANPOINT((4984.35022080927, 10011.564019905, 407.899731914756));
#5415 = IFCFACE((#5416));
#5416 = IFCFACEOUTERBOUND(#5417, .T.);
#5417 = IFCPOLYLOOP((#5414, #5386, #5399));
#5418 = IFCFACE((#5419));
#5419 = IFCFACEOUTERBOUND(#5420, .T.);
#5420 = IFCPOLYLOOP((#5371, #5399, #5386));
#5421 = IFCFACE((#5422));
#5422 = IFCFACEOUTERBOUND(#5423, .T.);
#5423 = IFCPOLYLOOP((#5372, #5399, #5371));
#5424 = IFCFACE((#5425));
#5425 = IFCFACEOUTERBOUND(#5426, .T.);
#5426 = IFCPOLYLOOP((#5427, #5400, #5428));
#5427 = IFCCARTESIANPOINT((4986.73273483039, 10013.6362712928, 407.9627703196));
#5428 = IFCCARTESIANPOINT((4986.73273483039, 10013.6362712928, 408.00277832116));
#5429 = IFCFACE((#5430));
#5430 = IFCFACEOUTERBOUND(#5431, .T.);
#5431 = IFCPOLYLOOP((#5407, #5428, #5400));
#5432 = IFCFACE((#5433));
#5433 = IFCFACEOUTERBOUND(#5434, .T.);
#5434 = IFCPOLYLOOP((#5428, #5407, #5435));
#5435 = IFCCARTESIANPOINT((4984.41823486144, 10011.4907117169, 407.939655668981));
#5436 = IFCFACE((#5437));
#5437 = IFCFACEOUTERBOUND(#5438, .T.);
#5438 = IFCPOLYLOOP((#5414, #5435, #5407));
#5439 = IFCFACE((#5440));
#5440 = IFCFACEOUTERBOUND(#5441, .T.);
#5441 = IFCPOLYLOOP((#5435, #5414, #5442));
#5442 = IFCCARTESIANPOINT((4984.41823486144, 10011.4907117169, 407.899647669782));
#5443 = IFCFACE((#5444));
#5444 = IFCFACEOUTERBOUND(#5445, .T.);
#5445 = IFCPOLYLOOP((#5442, #5414, #5427));
#5446 = IFCFACE((#5447));
#5447 = IFCFACEOUTERBOUND(#5448, .T.);
#5448 = IFCPOLYLOOP((#5399, #5427, #5414));
#5449 = IFCFACE((#5450));
#5450 = IFCFACEOUTERBOUND(#5451, .T.);
#5451 = IFCPOLYLOOP((#5400, #5427, #5399));
#5452 = IFCFACE((#5453));
#5453 = IFCFACEOUTERBOUND(#5454, .T.);
#5454 = IFCPOLYLOOP((#5455, #5428, #5456));
#5455 = IFCCARTESIANPOINT((4986.80074888256, 10013.5629631047, 407.962685979382));
#5456 = IFCCARTESIANPOINT((4986.80074888256, 10013.5629631047, 408.002693980859));
#5457 = IFCFACE((#5458));
#5458 = IFCFACEOUTERBOUND(#5459, .T.);
#5459 = IFCPOLYLOOP((#5456, #5428, #5460));
#5460 = IFCCARTESIANPOINT((4984.48624891362, 10011.4174035288, 407.939571424009));
#5461 = IFCFACE((#5462));
#5462 = IFCFACEOUTERBOUND(#5463, .T.);
#5463 = IFCPOLYLOOP((#5435, #5460, #5428));
#5464 = IFCFACE((#5465));
#5465 = IFCFACEOUTERBOUND(#5466, .T.);
#5466 = IFCPOLYLOOP((#5442, #5460, #5435));
#5467 = IFCFACE((#5468));
#5468 = IFCFACEOUTERBOUND(#5469, .T.);
#5469 = IFCPOLYLOOP((#5460, #5442, #5470));
#5470 = IFCCARTESIANPOINT((4984.48624891362, 10011.4174035288, 407.899563424808));
#5471 = IFCFACE((#5472));
#5472 = IFCFACEOUTERBOUND(#5473, .T.);
#5473 = IFCPOLYLOOP((#5427, #5470, #5442));
#5474 = IFCFACE((#5475));
#5475 = IFCFACEOUTERBOUND(#5476, .T.);
#5476 = IFCPOLYLOOP((#5470, #5427, #5455));
#5477 = IFCFACE((#5478));
#5478 = IFCFACEOUTERBOUND(#5479, .T.);
#5479 = IFCPOLYLOOP((#5428, #5455, #5427));
#5480 = IFCFACE((#5481));
#5481 = IFCFACEOUTERBOUND(#5482, .T.);
#5482 = IFCPOLYLOOP((#5483, #5456, #5484));
#5483 = IFCCARTESIANPOINT((4986.86876293473, 10013.4896549166, 407.962601639166));
#5484 = IFCCARTESIANPOINT((4986.86876293473, 10013.4896549166, 408.002609640558));
#5485 = IFCFACE((#5486));
#5486 = IFCFACEOUTERBOUND(#5487, .T.);
#5487 = IFCPOLYLOOP((#5460, #5484, #5456));
#5488 = IFCFACE((#5489));
#5489 = IFCFACEOUTERBOUND(#5490, .T.);
#5490 = IFCPOLYLOOP((#5484, #5460, #5491));
#5491 = IFCCARTESIANPOINT((4984.55426296579, 10011.3440953407, 407.939487179037));
#5492 = IFCFACE((#5493));
#5493 = IFCFACEOUTERBOUND(#5494, .T.);
#5494 = IFCPOLYLOOP((#5470, #5491, #5460));
#5495 = IFCFACE((#5496));
#5496 = IFCFACEOUTERBOUND(#5497, .T.);
#5497 = IFCPOLYLOOP((#5491, #5470, #5498));
#5498 = IFCCARTESIANPOINT((4984.55426296579, 10011.3440953407, 407.899479179835));
#5499 = IFCFACE((#5500));
#5500 = IFCFACEOUTERBOUND(#5501, .T.);
#5501 = IFCPOLYLOOP((#5498, #5470, #5483));
#5502 = IFCFACE((#5503));
#5503 = IFCFACEOUTERBOUND(#5504, .T.);
#5504 = IFCPOLYLOOP((#5455, #5483, #5470));
#5505 = IFCFACE((#5506));
#5506 = IFCFACEOUTERBOUND(#5507, .T.);
#5507 = IFCPOLYLOOP((#5456, #5483, #5455));
#5508 = IFCFACE((#5509));
#5509 = IFCFACEOUTERBOUND(#5510, .T.);
#5510 = IFCPOLYLOOP((#5511, #5484, #5512));
#5511 = IFCCARTESIANPOINT((4986.9367769869, 10013.4163467285, 407.96251729895));
#5512 = IFCCARTESIANPOINT((4986.9367769869, 10013.4163467285, 408.002525300256));
#5513 = IFCFACE((#5514));
#5514 = IFCFACEOUTERBOUND(#5515, .T.);
#5515 = IFCPOLYLOOP((#5512, #5484, #5516));
#5516 = IFCCARTESIANPOINT((4984.62227701796, 10011.2707871526, 407.939402934064));
#5517 = IFCFACE((#5518));
#5518 = IFCFACEOUTERBOUND(#5519, .T.);
#5519 = IFCPOLYLOOP((#5491, #5516, #5484));
#5520 = IFCFACE((#5521));
#5521 = IFCFACEOUTERBOUND(#5522, .T.);
#5522 = IFCPOLYLOOP((#5498, #5516, #5491));
#5523 = IFCFACE((#5524));
#5524 = IFCFACEOUTERBOUND(#5525, .T.);
#5525 = IFCPOLYLOOP((#5516, #5498, #5526));
#5526 = IFCCARTESIANPOINT((4984.62227701796, 10011.2707871526, 407.899394934861));
#5527 = IFCFACE((#5528));
#5528 = IFCFACEOUTERBOUND(#5529, .T.);
#5529 = IFCPOLYLOOP((#5483, #5526, #5498));
#5530 = IFCFACE((#5531));
#5531 = IFCFACEOUTERBOUND(#5532, .T.);
#5532 = IFCPOLYLOOP((#5526, #5483, #5511));
#5533 = IFCFACE((#5534));
#5534 = IFCFACEOUTERBOUND(#5535, .T.);
#5535 = IFCPOLYLOOP((#5484, #5511, #5483));
#5536 = IFCFACE((#5537));
#5537 = IFCFACEOUTERBOUND(#5538, .T.);
#5538 = IFCPOLYLOOP((#5539, #5512, #5540));
#5539 = IFCCARTESIANPOINT((4987.00479103907, 10013.3430385404, 407.962432958732));
#5540 = IFCCARTESIANPOINT((4987.00479103907, 10013.3430385404, 408.002440959954));
#5541 = IFCFACE((#5542));
#5542 = IFCFACEOUTERBOUND(#5543, .T.);
#5543 = IFCPOLYLOOP((#5516, #5540, #5512));
#5544 = IFCFACE((#5545));
#5545 = IFCFACEOUTERBOUND(#5546, .T.);
#5546 = IFCPOLYLOOP((#5540, #5516, #5547));
#5547 = IFCCARTESIANPOINT((4984.69029107013, 10011.1974789645, 407.939318689088));
#5548 = IFCFACE((#5549));
#5549 = IFCFACEOUTERBOUND(#5550, .T.);
#5550 = IFCPOLYLOOP((#5526, #5547, #5516));
#5551 = IFCFACE((#5552));
#5552 = IFCFACEOUTERBOUND(#5553, .T.);
#5553 = IFCPOLYLOOP((#5547, #5526, #5554));
#5554 = IFCCARTESIANPOINT((4984.69029107013, 10011.1974789645, 407.899310689888));
#5555 = IFCFACE((#5556));
#5556 = IFCFACEOUTERBOUND(#5557, .T.);
#5557 = IFCPOLYLOOP((#5554, #5526, #5539));
#5558 = IFCFACE((#5559));
#5559 = IFCFACEOUTERBOUND(#5560, .T.);
#5560 = IFCPOLYLOOP((#5511, #5539, #5526));
#5561 = IFCFACE((#5562));
#5562 = IFCFACEOUTERBOUND(#5563, .T.);
#5563 = IFCPOLYLOOP((#5512, #5539, #5511));
#5564 = IFCFACE((#5565));
#5565 = IFCFACEOUTERBOUND(#5566, .T.);
#5566 = IFCPOLYLOOP((#5567, #5540, #5568));
#5567 = IFCCARTESIANPOINT((4987.07280509125, 10013.2697303523, 407.962348618515));
#5568 = IFCCARTESIANPOINT((4987.07280509125, 10013.2697303523, 408.002356619653));
#5569 = IFCFACE((#5570));
#5570 = IFCFACEOUTERBOUND(#5571, .T.);
#5571 = IFCPOLYLOOP((#5568, #5540, #5572));
#5572 = IFCCARTESIANPOINT((4984.75830512231, 10011.1241707764, 407.939234444117));
#5573 = IFCFACE((#5574));
#5574 = IFCFACEOUTERBOUND(#5575, .T.);
#5575 = IFCPOLYLOOP((#5547, #5572, #5540));
#5576 = IFCFACE((#5577));
#5577 = IFCFACEOUTERBOUND(#5578, .T.);
#5578 = IFCPOLYLOOP((#5554, #5572, #5547));
#5579 = IFCFACE((#5580));
#5580 = IFCFACEOUTERBOUND(#5581, .T.);
#5581 = IFCPOLYLOOP((#5572, #5554, #5582));
#5582 = IFCCARTESIANPOINT((4984.75830512231, 10011.1241707764, 407.899226444914));
#5583 = IFCFACE((#5584));
#5584 = IFCFACEOUTERBOUND(#5585, .T.);
#5585 = IFCPOLYLOOP((#5539, #5582, #5554));
#5586 = IFCFACE((#5587));
#5587 = IFCFACEOUTERBOUND(#5588, .T.);
#5588 = IFCPOLYLOOP((#5582, #5539, #5567));
#5589 = IFCFACE((#5590));
#5590 = IFCFACEOUTERBOUND(#5591, .T.);
#5591 = IFCPOLYLOOP((#5540, #5567, #5539));
#5592 = IFCFACE((#5593));
#5593 = IFCFACEOUTERBOUND(#5594, .T.);
#5594 = IFCPOLYLOOP((#5595, #5568, #5596));
#5595 = IFCCARTESIANPOINT((4987.14081914342, 10013.1964221642, 407.962264278299));
#5596 = IFCCARTESIANPOINT((4987.14081914342, 10013.1964221642, 408.002272279351));
#5597 = IFCFACE((#5598));
#5598 = IFCFACEOUTERBOUND(#5599, .T.);
#5599 = IFCPOLYLOOP((#5572, #5596, #5568));
#5600 = IFCFACE((#5601));
#5601 = IFCFACEOUTERBOUND(#5602, .T.);
#5602 = IFCPOLYLOOP((#5596, #5572, #5603));
#5603 = IFCCARTESIANPOINT((4984.82631917448, 10011.0508625883, 407.939150199141));
#5604 = IFCFACE((#5605));
#5605 = IFCFACEOUTERBOUND(#5606, .T.);
#5606 = IFCPOLYLOOP((#5582, #5603, #5572));
#5607 = IFCFACE((#5608));
#5608 = IFCFACEOUTERBOUND(#5609, .T.);
#5609 = IFCPOLYLOOP((#5603, #5582, #5610));
#5610 = IFCCARTESIANPOINT((4984.82631917448, 10011.0508625883, 407.89914219994));
#5611 = IFCFACE((#5612));
#5612 = IFCFACEOUTERBOUND(#5613, .T.);
#5613 = IFCPOLYLOOP((#5610, #5582, #5595));
#5614 = IFCFACE((#5615));
#5615 = IFCFACEOUTERBOUND(#5616, .T.);
#5616 = IFCPOLYLOOP((#5567, #5595, #5582));
#5617 = IFCFACE((#5618));
#5618 = IFCFACEOUTERBOUND(#5619, .T.);
#5619 = IFCPOLYLOOP((#5568, #5595, #5567));
#5620 = IFCFACE((#5621));
#5621 = IFCFACEOUTERBOUND(#5622, .T.);
#5622 = IFCPOLYLOOP((#5623, #5596, #5624));
#5623 = IFCCARTESIANPOINT((4987.20883319559, 10013.1231139761, 407.962179938082));
#5624 = IFCCARTESIANPOINT((4987.20883319559, 10013.1231139761, 408.002187939049));
#5625 = IFCFACE((#5626));
#5626 = IFCFACEOUTERBOUND(#5627, .T.);
#5627 = IFCPOLYLOOP((#5624, #5596, #5628));
#5628 = IFCCARTESIANPOINT((4984.89433322665, 10010.9775544002, 407.939065954167));
#5629 = IFCFACE((#5630));
#5630 = IFCFACEOUTERBOUND(#5631, .T.);
#5631 = IFCPOLYLOOP((#5603, #5628, #5596));
#5632 = IFCFACE((#5633));
#5633 = IFCFACEOUTERBOUND(#5634, .T.);
#5634 = IFCPOLYLOOP((#5610, #5628, #5603));
#5635 = IFCFACE((#5636));
#5636 = IFCFACEOUTERBOUND(#5637, .T.);
#5637 = IFCPOLYLOOP((#5628, #5610, #5638));
#5638 = IFCCARTESIANPOINT((4984.89433322665, 10010.9775544002, 407.899057954967));
#5639 = IFCFACE((#5640));
#5640 = IFCFACEOUTERBOUND(#5641, .T.);
#5641 = IFCPOLYLOOP((#5595, #5638, #5610));
#5642 = IFCFACE((#5643));
#5643 = IFCFACEOUTERBOUND(#5644, .T.);
#5644 = IFCPOLYLOOP((#5638, #5595, #5623));
#5645 = IFCFACE((#5646));
#5646 = IFCFACEOUTERBOUND(#5647, .T.);
#5647 = IFCPOLYLOOP((#5596, #5623, #5595));
#5648 = IFCFACE((#5649));
#5649 = IFCFACEOUTERBOUND(#5650, .T.);
#5650 = IFCPOLYLOOP((#5651, #5624, #5652));
#5651 = IFCCARTESIANPOINT((4987.27684724777, 10013.049805788, 407.962095597864));
#5652 = IFCCARTESIANPOINT((4987.27684724777, 10013.049805788, 408.002103598747));
#5653 = IFCFACE((#5654));
#5654 = IFCFACEOUTERBOUND(#5655, .T.);
#5655 = IFCPOLYLOOP((#5652, #5624, #5656));
#5656 = IFCCARTESIANPOINT((4984.96234727883, 10010.9042462121, 407.938981709192));
#5657 = IFCFACE((#5658));
#5658 = IFCFACEOUTERBOUND(#5659, .T.);
#5659 = IFCPOLYLOOP((#5628, #5656, #5624));
#5660 = IFCFACE((#5661));
#5661 = IFCFACEOUTERBOUND(#5662, .T.);
#5662 = IFCPOLYLOOP((#5638, #5656, #5628));
#5663 = IFCFACE((#5664));
#5664 = IFCFACEOUTERBOUND(#5665, .T.);
#5665 = IFCPOLYLOOP((#5656, #5638, #5666));
#5666 = IFCCARTESIANPOINT((4984.96234727883, 10010.9042462121, 407.898973709993));
#5667 = IFCFACE((#5668));
#5668 = IFCFACEOUTERBOUND(#5669, .T.);
#5669 = IFCPOLYLOOP((#5623, #5666, #5638));
#5670 = IFCFACE((#5671));
#5671 = IFCFACEOUTERBOUND(#5672, .T.);
#5672 = IFCPOLYLOOP((#5666, #5623, #5651));
#5673 = IFCFACE((#5674));
#5674 = IFCFACEOUTERBOUND(#5675, .T.);
#5675 = IFCPOLYLOOP((#5624, #5651, #5623));
#5676 = IFCFACE((#5677));
#5677 = IFCFACEOUTERBOUND(#5678, .T.);
#5678 = IFCPOLYLOOP((#5679, #5652, #5680));
#5679 = IFCCARTESIANPOINT((4987.34486129994, 10012.9764975999, 407.962011257648));
#5680 = IFCCARTESIANPOINT((4987.34486129994, 10012.9764975999, 408.002019258446));
#5681 = IFCFACE((#5682));
#5682 = IFCFACEOUTERBOUND(#5683, .T.);
#5683 = IFCPOLYLOOP((#5656, #5680, #5652));
#5684 = IFCFACE((#5685));
#5685 = IFCFACEOUTERBOUND(#5686, .T.);
#5686 = IFCPOLYLOOP((#5680, #5656, #5687));
#5687 = IFCCARTESIANPOINT((4985.030361331, 10010.830938024, 407.938897464219));
#5688 = IFCFACE((#5689));
#5689 = IFCFACEOUTERBOUND(#5690, .T.);
#5690 = IFCPOLYLOOP((#5666, #5687, #5656));
#5691 = IFCFACE((#5692));
#5692 = IFCFACEOUTERBOUND(#5693, .T.);
#5693 = IFCPOLYLOOP((#5687, #5666, #5694));
#5694 = IFCCARTESIANPOINT((4985.030361331, 10010.830938024, 407.89888946502));
#5695 = IFCFACE((#5696));
#5696 = IFCFACEOUTERBOUND(#5697, .T.);
#5697 = IFCPOLYLOOP((#5694, #5666, #5679));
#5698 = IFCFACE((#5699));
#5699 = IFCFACEOUTERBOUND(#5700, .T.);
#5700 = IFCPOLYLOOP((#5651, #5679, #5666));
#5701 = IFCFACE((#5702));
#5702 = IFCFACEOUTERBOUND(#5703, .T.);
#5703 = IFCPOLYLOOP((#5652, #5679, #5651));
#5704 = IFCFACE((#5705));
#5705 = IFCFACEOUTERBOUND(#5706, .T.);
#5706 = IFCPOLYLOOP((#5707, #5680, #5708));
#5707 = IFCCARTESIANPOINT((4987.41287535211, 10012.9031894118, 407.961926917431));
#5708 = IFCCARTESIANPOINT((4987.41287535211, 10012.9031894118, 408.001934918144));
#5709 = IFCFACE((#5710));
#5710 = IFCFACEOUTERBOUND(#5711, .T.);
#5711 = IFCPOLYLOOP((#5708, #5680, #5712));
#5712 = IFCCARTESIANPOINT((4985.09837538317, 10010.7576298359, 407.938813219247));
#5713 = IFCFACE((#5714));
#5714 = IFCFACEOUTERBOUND(#5715, .T.);
#5715 = IFCPOLYLOOP((#5687, #5712, #5680));
#5716 = IFCFACE((#5717));
#5717 = IFCFACEOUTERBOUND(#5718, .T.);
#5718 = IFCPOLYLOOP((#5694, #5712, #5687));
#5719 = IFCFACE((#5720));
#5720 = IFCFACEOUTERBOUND(#5721, .T.);
#5721 = IFCPOLYLOOP((#5712, #5694, #5722));
#5722 = IFCCARTESIANPOINT((4985.09837538317, 10010.7576298359, 407.898805220046));
#5723 = IFCFACE((#5724));
#5724 = IFCFACEOUTERBOUND(#5725, .T.);
#5725 = IFCPOLYLOOP((#5679, #5722, #5694));
#5726 = IFCFACE((#5727));
#5727 = IFCFACEOUTERBOUND(#5728, .T.);
#5728 = IFCPOLYLOOP((#5722, #5679, #5707));
#5729 = IFCFACE((#5730));
#5730 = IFCFACEOUTERBOUND(#5731, .T.);
#5731 = IFCPOLYLOOP((#5680, #5707, #5679));
#5732 = IFCFACE((#5733));
#5733 = IFCFACEOUTERBOUND(#5734, .T.);
#5734 = IFCPOLYLOOP((#5735, #5708, #5736));
#5735 = IFCCARTESIANPOINT((4987.48088940428, 10012.8298812237, 407.961842577214));
#5736 = IFCCARTESIANPOINT((4987.48088940428, 10012.8298812237, 408.001850577842));
#5737 = IFCFACE((#5738));
#5738 = IFCFACEOUTERBOUND(#5739, .T.);
#5739 = IFCPOLYLOOP((#5712, #5736, #5708));
#5740 = IFCFACE((#5741));
#5741 = IFCFACEOUTERBOUND(#5742, .T.);
#5742 = IFCPOLYLOOP((#5736, #5712, #5743));
#5743 = IFCCARTESIANPOINT((4985.16638943534, 10010.6843216478, 407.938728974272));
#5744 = IFCFACE((#5745));
#5745 = IFCFACEOUTERBOUND(#5746, .T.);
#5746 = IFCPOLYLOOP((#5722, #5743, #5712));
#5747 = IFCFACE((#5748));
#5748 = IFCFACEOUTERBOUND(#5749, .T.);
#5749 = IFCPOLYLOOP((#5743, #5722, #5750));
#5750 = IFCCARTESIANPOINT((4985.16638943534, 10010.6843216478, 407.898720975072));
#5751 = IFCFACE((#5752));
#5752 = IFCFACEOUTERBOUND(#5753, .T.);
#5753 = IFCPOLYLOOP((#5750, #5722, #5735));
#5754 = IFCFACE((#5755));
#5755 = IFCFACEOUTERBOUND(#5756, .T.);
#5756 = IFCPOLYLOOP((#5707, #5735, #5722));
#5757 = IFCFACE((#5758));
#5758 = IFCFACEOUTERBOUND(#5759, .T.);
#5759 = IFCPOLYLOOP((#5708, #5735, #5707));
#5760 = IFCFACE((#5761));
#5761 = IFCFACEOUTERBOUND(#5762, .T.);
#5762 = IFCPOLYLOOP((#5763, #5736, #5764));
#5763 = IFCCARTESIANPOINT((4987.54890345645, 10012.7565730356, 407.961758236998));
#5764 = IFCCARTESIANPOINT((4987.54890345645, 10012.7565730356, 408.001766237541));
#5765 = IFCFACE((#5766));
#5766 = IFCFACEOUTERBOUND(#5767, .T.);
#5767 = IFCPOLYLOOP((#5764, #5736, #5768));
#5768 = IFCCARTESIANPOINT((4985.23440348751, 10010.6110134597, 407.938644729298));
#5769 = IFCFACE((#5770));
#5770 = IFCFACEOUTERBOUND(#5771, .T.);
#5771 = IFCPOLYLOOP((#5743, #5768, #5736));
#5772 = IFCFACE((#5773));
#5773 = IFCFACEOUTERBOUND(#5774, .T.);
#5774 = IFCPOLYLOOP((#5750, #5768, #5743));
#5775 = IFCFACE((#5776));
#5776 = IFCFACEOUTERBOUND(#5777, .T.);
#5777 = IFCPOLYLOOP((#5768, #5750, #5778));
#5778 = IFCCARTESIANPOINT((4985.23440348751, 10010.6110134597, 407.898636730099));
#5779 = IFCFACE((#5780));
#5780 = IFCFACEOUTERBOUND(#5781, .T.);
#5781 = IFCPOLYLOOP((#5735, #5778, #5750));
#5782 = IFCFACE((#5783));
#5783 = IFCFACEOUTERBOUND(#5784, .T.);
#5784 = IFCPOLYLOOP((#5778, #5735, #5763));
#5785 = IFCFACE((#5786));
#5786 = IFCFACEOUTERBOUND(#5787, .T.);
#5787 = IFCPOLYLOOP((#5736, #5763, #5735));
#5788 = IFCFACE((#5789));
#5789 = IFCFACEOUTERBOUND(#5790, .T.);
#5790 = IFCPOLYLOOP((#5791, #5764, #5792));
#5791 = IFCCARTESIANPOINT((4987.61691750863, 10012.6832648476, 407.961673896782));
#5792 = IFCCARTESIANPOINT((4987.61691750863, 10012.6832648476, 408.001681897239));
#5793 = IFCFACE((#5794));
#5794 = IFCFACEOUTERBOUND(#5795, .T.);
#5795 = IFCPOLYLOOP((#5792, #5764, #5796));
#5796 = IFCCARTESIANPOINT((4985.30241753969, 10010.5377052716, 407.938560484325));
#5797 = IFCFACE((#5798));
#5798 = IFCFACEOUTERBOUND(#5799, .T.);
#5799 = IFCPOLYLOOP((#5768, #5796, #5764));
#5800 = IFCFACE((#5801));
#5801 = IFCFACEOUTERBOUND(#5802, .T.);
#5802 = IFCPOLYLOOP((#5778, #5796, #5768));
#5803 = IFCFACE((#5804));
#5804 = IFCFACEOUTERBOUND(#5805, .T.);
#5805 = IFCPOLYLOOP((#5796, #5778, #5806));
#5806 = IFCCARTESIANPOINT((4985.30241753969, 10010.5377052716, 407.898552485125));
#5807 = IFCFACE((#5808));
#5808 = IFCFACEOUTERBOUND(#5809, .T.);
#5809 = IFCPOLYLOOP((#5763, #5806, #5778));
#5810 = IFCFACE((#5811));
#5811 = IFCFACEOUTERBOUND(#5812, .T.);
#5812 = IFCPOLYLOOP((#5806, #5763, #5791));
#5813 = IFCFACE((#5814));
#5814 = IFCFACEOUTERBOUND(#5815, .T.);
#5815 = IFCPOLYLOOP((#5764, #5791, #5763));
#5816 = IFCFACE((#5817));
#5817 = IFCFACEOUTERBOUND(#5818, .T.);
#5818 = IFCPOLYLOOP((#5819, #5792, #5820));
#5819 = IFCCARTESIANPOINT((4987.6849315608, 10012.6099566595, 407.961589556566));
#5820 = IFCCARTESIANPOINT((4987.6849315608, 10012.6099566595, 408.001597556938));
#5821 = IFCFACE((#5822));
#5822 = IFCFACEOUTERBOUND(#5823, .T.);
#5823 = IFCPOLYLOOP((#5796, #5820, #5792));
#5824 = IFCFACE((#5825));
#5825 = IFCFACEOUTERBOUND(#5826, .T.);
#5826 = IFCPOLYLOOP((#5820, #5796, #5827));
#5827 = IFCCARTESIANPOINT((4985.37043159186, 10010.4643970836, 407.938476239351));
#5828 = IFCFACE((#5829));
#5829 = IFCFACEOUTERBOUND(#5830, .T.);
#5830 = IFCPOLYLOOP((#5806, #5827, #5796));
#5831 = IFCFACE((#5832));
#5832 = IFCFACEOUTERBOUND(#5833, .T.);
#5833 = IFCPOLYLOOP((#5827, #5806, #5834));
#5834 = IFCCARTESIANPOINT((4985.37043159186, 10010.4643970836, 407.898468240152));
#5835 = IFCFACE((#5836));
#5836 = IFCFACEOUTERBOUND(#5837, .T.);
#5837 = IFCPOLYLOOP((#5834, #5806, #5819));
#5838 = IFCFACE((#5839));
#5839 = IFCFACEOUTERBOUND(#5840, .T.);
#5840 = IFCPOLYLOOP((#5791, #5819, #5806));
#5841 = IFCFACE((#5842));
#5842 = IFCFACEOUTERBOUND(#5843, .T.);
#5843 = IFCPOLYLOOP((#5792, #5819, #5791));
#5844 = IFCFACE((#5845));
#5845 = IFCFACEOUTERBOUND(#5846, .T.);
#5846 = IFCPOLYLOOP((#5847, #5820, #5848));
#5847 = IFCCARTESIANPOINT((4987.75294561297, 10012.5366484714, 407.961505216348));
#5848 = IFCCARTESIANPOINT((4987.75294561297, 10012.5366484714, 408.001513216636));
#5849 = IFCFACE((#5850));
#5850 = IFCFACEOUTERBOUND(#5851, .T.);
#5851 = IFCPOLYLOOP((#5848, #5820, #5852));
#5852 = IFCCARTESIANPOINT((4985.43844564403, 10010.3910888955, 407.938391994378));
#5853 = IFCFACE((#5854));
#5854 = IFCFACEOUTERBOUND(#5855, .T.);
#5855 = IFCPOLYLOOP((#5827, #5852, #5820));
#5856 = IFCFACE((#5857));
#5857 = IFCFACEOUTERBOUND(#5858, .T.);
#5858 = IFCPOLYLOOP((#5834, #5852, #5827));
#5859 = IFCFACE((#5860));
#5860 = IFCFACEOUTERBOUND(#5861, .T.);
#5861 = IFCPOLYLOOP((#5852, #5834, #5862));
#5862 = IFCCARTESIANPOINT((4985.43844564403, 10010.3910888955, 407.898383995178));
#5863 = IFCFACE((#5864));
#5864 = IFCFACEOUTERBOUND(#5865, .T.);
#5865 = IFCPOLYLOOP((#5819, #5862, #5834));
#5866 = IFCFACE((#5867));
#5867 = IFCFACEOUTERBOUND(#5868, .T.);
#5868 = IFCPOLYLOOP((#5862, #5819, #5847));
#5869 = IFCFACE((#5870));
#5870 = IFCFACEOUTERBOUND(#5871, .T.);
#5871 = IFCPOLYLOOP((#5820, #5847, #5819));
#5872 = IFCFACE((#5873));
#5873 = IFCFACEOUTERBOUND(#5874, .T.);
#5874 = IFCPOLYLOOP((#5875, #5848, #5876));
#5875 = IFCCARTESIANPOINT((4987.82095966514, 10012.4633402833, 407.961420876131));
#5876 = IFCCARTESIANPOINT((4987.82095966514, 10012.4633402833, 408.001428876334));
#5877 = IFCFACE((#5878));
#5878 = IFCFACEOUTERBOUND(#5879, .T.);
#5879 = IFCPOLYLOOP((#5852, #5876, #5848));
#5880 = IFCFACE((#5881));
#5881 = IFCFACEOUTERBOUND(#5882, .T.);
#5882 = IFCPOLYLOOP((#5876, #5852, #5883));
#5883 = IFCCARTESIANPOINT((4985.5064596962, 10010.3177807074, 407.938307749404));
#5884 = IFCFACE((#5885));
#5885 = IFCFACEOUTERBOUND(#5886, .T.);
#5886 = IFCPOLYLOOP((#5862, #5883, #5852));
#5887 = IFCFACE((#5888));
#5888 = IFCFACEOUTERBOUND(#5889, .T.);
#5889 = IFCPOLYLOOP((#5883, #5862, #5890));
#5890 = IFCCARTESIANPOINT((4985.5064596962, 10010.3177807074, 407.898299750204));
#5891 = IFCFACE((#5892));
#5892 = IFCFACEOUTERBOUND(#5893, .T.);
#5893 = IFCPOLYLOOP((#5890, #5862, #5875));
#5894 = IFCFACE((#5895));
#5895 = IFCFACEOUTERBOUND(#5896, .T.);
#5896 = IFCPOLYLOOP((#5847, #5875, #5862));
#5897 = IFCFACE((#5898));
#5898 = IFCFACEOUTERBOUND(#5899, .T.);
#5899 = IFCPOLYLOOP((#5848, #5875, #5847));
#5900 = IFCFACE((#5901));
#5901 = IFCFACEOUTERBOUND(#5902, .T.);
#5902 = IFCPOLYLOOP((#5903, #5876, #5904));
#5903 = IFCCARTESIANPOINT((4987.88897371732, 10012.3900320952, 407.961336535915));
#5904 = IFCCARTESIANPOINT((4987.88897371732, 10012.3900320952, 408.001344536032));
#5905 = IFCFACE((#5906));
#5906 = IFCFACEOUTERBOUND(#5907, .T.);
#5907 = IFCPOLYLOOP((#5904, #5876, #5908));
#5908 = IFCCARTESIANPOINT((4985.57447374838, 10010.2444725193, 407.938223504429));
#5909 = IFCFACE((#5910));
#5910 = IFCFACEOUTERBOUND(#5911, .T.);
#5911 = IFCPOLYLOOP((#5883, #5908, #5876));
#5912 = IFCFACE((#5913));
#5913 = IFCFACEOUTERBOUND(#5914, .T.);
#5914 = IFCPOLYLOOP((#5890, #5908, #5883));
#5915 = IFCFACE((#5916));
#5916 = IFCFACEOUTERBOUND(#5917, .T.);
#5917 = IFCPOLYLOOP((#5908, #5890, #5918));
#5918 = IFCCARTESIANPOINT((4985.57447374838, 10010.2444725193, 407.898215505231));
#5919 = IFCFACE((#5920));
#5920 = IFCFACEOUTERBOUND(#5921, .T.);
#5921 = IFCPOLYLOOP((#5875, #5918, #5890));
#5922 = IFCFACE((#5923));
#5923 = IFCFACEOUTERBOUND(#5924, .T.);
#5924 = IFCPOLYLOOP((#5918, #5875, #5903));
#5925 = IFCFACE((#5926));
#5926 = IFCFACEOUTERBOUND(#5927, .T.);
#5927 = IFCPOLYLOOP((#5876, #5903, #5875));
#5928 = IFCFACE((#5929));
#5929 = IFCFACEOUTERBOUND(#5930, .T.);
#5930 = IFCPOLYLOOP((#5931, #5904, #5932));
#5931 = IFCCARTESIANPOINT((4987.95698776949, 10012.3167239071, 407.9612521957));
#5932 = IFCCARTESIANPOINT((4987.95698776949, 10012.3167239071, 408.001260195731));
#5933 = IFCFACE((#5934));
#5934 = IFCFACEOUTERBOUND(#5935, .T.);
#5935 = IFCPOLYLOOP((#5932, #5904, #5936));
#5936 = IFCCARTESIANPOINT((4985.64248780055, 10010.1711643312, 407.938139259457));
#5937 = IFCFACE((#5938));
#5938 = IFCFACEOUTERBOUND(#5939, .T.);
#5939 = IFCPOLYLOOP((#5908, #5936, #5904));
#5940 = IFCFACE((#5941));
#5941 = IFCFACEOUTERBOUND(#5942, .T.);
#5942 = IFCPOLYLOOP((#5918, #5936, #5908));
#5943 = IFCFACE((#5944));
#5944 = IFCFACEOUTERBOUND(#5945, .T.);
#5945 = IFCPOLYLOOP((#5936, #5918, #5946));
#5946 = IFCCARTESIANPOINT((4985.64248780055, 10010.1711643312, 407.898131260257));
#5947 = IFCFACE((#5948));
#5948 = IFCFACEOUTERBOUND(#5949, .T.);
#5949 = IFCPOLYLOOP((#5903, #5946, #5918));
#5950 = IFCFACE((#5951));
#5951 = IFCFACEOUTERBOUND(#5952, .T.);
#5952 = IFCPOLYLOOP((#5946, #5903, #5931));
#5953 = IFCFACE((#5954));
#5954 = IFCFACEOUTERBOUND(#5955, .T.);
#5955 = IFCPOLYLOOP((#5904, #5931, #5903));
#5956 = IFCFACE((#5957));
#5957 = IFCFACEOUTERBOUND(#5958, .T.);
#5958 = IFCPOLYLOOP((#5959, #5932, #5960));
#5959 = IFCCARTESIANPOINT((4988.02500182166, 10012.243415719, 407.96116785548));
#5960 = IFCCARTESIANPOINT((4988.02500182166, 10012.243415719, 408.001175855429));
#5961 = IFCFACE((#5962));
#5962 = IFCFACEOUTERBOUND(#5963, .T.);
#5963 = IFCPOLYLOOP((#5936, #5960, #5932));
#5964 = IFCFACE((#5965));
#5965 = IFCFACEOUTERBOUND(#5966, .T.);
#5966 = IFCPOLYLOOP((#5960, #5936, #5967));
#5967 = IFCCARTESIANPOINT((4985.71050185272, 10010.0978561431, 407.938055014483));
#5968 = IFCFACE((#5969));
#5969 = IFCFACEOUTERBOUND(#5970, .T.);
#5970 = IFCPOLYLOOP((#5946, #5967, #5936));
#5971 = IFCFACE((#5972));
#5972 = IFCFACEOUTERBOUND(#5973, .T.);
#5973 = IFCPOLYLOOP((#5967, #5946, #5974));
#5974 = IFCCARTESIANPOINT((4985.71050185272, 10010.0978561431, 407.898047015284));
#5975 = IFCFACE((#5976));
#5976 = IFCFACEOUTERBOUND(#5977, .T.);
#5977 = IFCPOLYLOOP((#5974, #5946, #5959));
#5978 = IFCFACE((#5979));
#5979 = IFCFACEOUTERBOUND(#5980, .T.);
#5980 = IFCPOLYLOOP((#5931, #5959, #5946));
#5981 = IFCFACE((#5982));
#5982 = IFCFACEOUTERBOUND(#5983, .T.);
#5983 = IFCPOLYLOOP((#5932, #5959, #5931));
#5984 = IFCFACE((#5985));
#5985 = IFCFACEOUTERBOUND(#5986, .T.);
#5986 = IFCPOLYLOOP((#5987, #5960, #5988));
#5987 = IFCCARTESIANPOINT((4988.09301587384, 10012.1701075309, 407.961083515264));
#5988 = IFCCARTESIANPOINT((4988.09301587384, 10012.1701075309, 408.001091515128));
#5989 = IFCFACE((#5990));
#5990 = IFCFACEOUTERBOUND(#5991, .T.);
#5991 = IFCPOLYLOOP((#5988, #5960, #5992));
#5992 = IFCCARTESIANPOINT((4985.77851590489, 10010.024547955, 407.93797076951));
#5993 = IFCFACE((#5994));
#5994 = IFCFACEOUTERBOUND(#5995, .T.);
#5995 = IFCPOLYLOOP((#5967, #5992, #5960));
#5996 = IFCFACE((#5997));
#5997 = IFCFACEOUTERBOUND(#5998, .T.);
#5998 = IFCPOLYLOOP((#5974, #5992, #5967));
#5999 = IFCFACE((#6000));
#6000 = IFCFACEOUTERBOUND(#6001, .T.);
#6001 = IFCPOLYLOOP((#5992, #5974, #6002));
#6002 = IFCCARTESIANPOINT((4985.77851590489, 10010.024547955, 407.89796277031));
#6003 = IFCFACE((#6004));
#6004 = IFCFACEOUTERBOUND(#6005, .T.);
#6005 = IFCPOLYLOOP((#5959, #6002, #5974));
#6006 = IFCFACE((#6007));
#6007 = IFCFACEOUTERBOUND(#6008, .T.);
#6008 = IFCPOLYLOOP((#6002, #5959, #5987));
#6009 = IFCFACE((#6010));
#6010 = IFCFACEOUTERBOUND(#6011, .T.);
#6011 = IFCPOLYLOOP((#5960, #5987, #5959));
#6012 = IFCFACE((#6013));
#6013 = IFCFACEOUTERBOUND(#6014, .T.);
#6014 = IFCPOLYLOOP((#6015, #5988, #6016));
#6015 = IFCCARTESIANPOINT((4988.16102992601, 10012.0967993428, 407.960999175049));
#6016 = IFCCARTESIANPOINT((4988.16102992601, 10012.0967993428, 408.001007174826));
#6017 = IFCFACE((#6018));
#6018 = IFCFACEOUTERBOUND(#6019, .T.);
#6019 = IFCPOLYLOOP((#6016, #5988, #6020));
#6020 = IFCCARTESIANPOINT((4985.84652995707, 10009.9512397669, 407.937886524536));
#6021 = IFCFACE((#6022));
#6022 = IFCFACEOUTERBOUND(#6023, .T.);
#6023 = IFCPOLYLOOP((#5992, #6020, #5988));
#6024 = IFCFACE((#6025));
#6025 = IFCFACEOUTERBOUND(#6026, .T.);
#6026 = IFCPOLYLOOP((#6002, #6020, #5992));
#6027 = IFCFACE((#6028));
#6028 = IFCFACEOUTERBOUND(#6029, .T.);
#6029 = IFCPOLYLOOP((#6020, #6002, #6030));
#6030 = IFCCARTESIANPOINT((4985.84652995707, 10009.9512397669, 407.897878525336));
#6031 = IFCFACE((#6032));
#6032 = IFCFACEOUTERBOUND(#6033, .T.);
#6033 = IFCPOLYLOOP((#5987, #6030, #6002));
#6034 = IFCFACE((#6035));
#6035 = IFCFACEOUTERBOUND(#6036, .T.);
#6036 = IFCPOLYLOOP((#6030, #5987, #6015));
#6037 = IFCFACE((#6038));
#6038 = IFCFACEOUTERBOUND(#6039, .T.);
#6039 = IFCPOLYLOOP((#5988, #6015, #5987));
#6040 = IFCFACE((#6041));
#6041 = IFCFACEOUTERBOUND(#6042, .T.);
#6042 = IFCPOLYLOOP((#6043, #6016, #6044));
#6043 = IFCCARTESIANPOINT((4988.22904397818, 10012.0234911547, 407.96091483483));
#6044 = IFCCARTESIANPOINT((4988.22904397818, 10012.0234911547, 408.000922834525));
#6045 = IFCFACE((#6046));
#6046 = IFCFACEOUTERBOUND(#6047, .T.);
#6047 = IFCPOLYLOOP((#6020, #6044, #6016));
#6048 = IFCFACE((#6049));
#6049 = IFCFACEOUTERBOUND(#6050, .T.);
#6050 = IFCPOLYLOOP((#6044, #6020, #6051));
#6051 = IFCCARTESIANPOINT((4985.91454400924, 10009.8779315788, 407.937802279563));
#6052 = IFCFACE((#6053));
#6053 = IFCFACEOUTERBOUND(#6054, .T.);
#6054 = IFCPOLYLOOP((#6030, #6051, #6020));
#6055 = IFCFACE((#6056));
#6056 = IFCFACEOUTERBOUND(#6057, .T.);
#6057 = IFCPOLYLOOP((#6051, #6030, #6058));
#6058 = IFCCARTESIANPOINT((4985.91454400924, 10009.8779315788, 407.897794280363));
#6059 = IFCFACE((#6060));
#6060 = IFCFACEOUTERBOUND(#6061, .T.);
#6061 = IFCPOLYLOOP((#6058, #6030, #6043));
#6062 = IFCFACE((#6063));
#6063 = IFCFACEOUTERBOUND(#6064, .T.);
#6064 = IFCPOLYLOOP((#6015, #6043, #6030));
#6065 = IFCFACE((#6066));
#6066 = IFCFACEOUTERBOUND(#6067, .T.);
#6067 = IFCPOLYLOOP((#6016, #6043, #6015));
#6068 = IFCFACE((#6069));
#6069 = IFCFACEOUTERBOUND(#6070, .T.);
#6070 = IFCPOLYLOOP((#6071, #6044, #6072));
#6071 = IFCCARTESIANPOINT((4988.28447406687, 10011.9637464526, 407.960846097554));
#6072 = IFCCARTESIANPOINT((4988.28447406687, 10011.9637464526, 408.000854097178));
#6073 = IFCFACE((#6074));
#6074 = IFCFACEOUTERBOUND(#6075, .T.);
#6075 = IFCPOLYLOOP((#6072, #6044, #6076));
#6076 = IFCCARTESIANPOINT((4985.96997409793, 10009.8181868767, 407.937733619907));
#6077 = IFCFACE((#6078));
#6078 = IFCFACEOUTERBOUND(#6079, .T.);
#6079 = IFCPOLYLOOP((#6051, #6076, #6044));
#6080 = IFCFACE((#6081));
#6081 = IFCFACEOUTERBOUND(#6082, .T.);
#6082 = IFCPOLYLOOP((#6058, #6076, #6051));
#6083 = IFCFACE((#6084));
#6084 = IFCFACEOUTERBOUND(#6085, .T.);
#6085 = IFCPOLYLOOP((#6076, #6058, #6086));
#6086 = IFCCARTESIANPOINT((4985.96997409793, 10009.8181868767, 407.897725620709));
#6087 = IFCFACE((#6088));
#6088 = IFCFACEOUTERBOUND(#6089, .T.);
#6089 = IFCPOLYLOOP((#6043, #6086, #6058));
#6090 = IFCFACE((#6091));
#6091 = IFCFACEOUTERBOUND(#6092, .T.);
#6092 = IFCPOLYLOOP((#6086, #6043, #6071));
#6093 = IFCFACE((#6094));
#6094 = IFCFACEOUTERBOUND(#6095, .T.);
#6095 = IFCPOLYLOOP((#6044, #6071, #6043));
#6096 = IFCFACE((#6097));
#6097 = IFCFACEOUTERBOUND(#6098, .T.);
#6098 = IFCPOLYLOOP((#6099, #6072, #6100));
#6099 = IFCCARTESIANPOINT((4988.29705803035, 10011.9501829666, 407.960830429207));
#6100 = IFCCARTESIANPOINT((4988.29705803035, 10011.9501829666, 408.000838428758));
#6101 = IFCFACE((#6102));
#6102 = IFCFACEOUTERBOUND(#6103, .T.);
#6103 = IFCPOLYLOOP((#6100, #6072, #6104));
#6104 = IFCCARTESIANPOINT((4986.9733341888, 10010.7230806109, 407.964738034587));
#6105 = IFCFACE((#6106));
#6106 = IFCFACEOUTERBOUND(#6107, .T.);
#6107 = IFCPOLYLOOP((#6076, #6104, #6072));
#6108 = IFCFACE((#6109));
#6109 = IFCFACEOUTERBOUND(#6110, .T.);
#6110 = IFCPOLYLOOP((#6086, #6104, #6076));
#6111 = IFCFACE((#6112));
#6112 = IFCFACEOUTERBOUND(#6113, .T.);
#6113 = IFCPOLYLOOP((#6104, #6086, #6114));
#6114 = IFCCARTESIANPOINT((4986.9733341888, 10010.7230806109, 407.924730035389));
#6115 = IFCFACE((#6116));
#6116 = IFCFACEOUTERBOUND(#6117, .T.);
#6117 = IFCPOLYLOOP((#6114, #6086, #6099));
#6118 = IFCFACE((#6119));
#6119 = IFCFACEOUTERBOUND(#6120, .T.);
#6120 = IFCPOLYLOOP((#6071, #6099, #6086));
#6121 = IFCFACE((#6122));
#6122 = IFCFACEOUTERBOUND(#6123, .T.);
#6123 = IFCPOLYLOOP((#6072, #6099, #6071));
#6124 = IFCFACE((#6125));
#6125 = IFCFACEOUTERBOUND(#6126, .T.);
#6126 = IFCPOLYLOOP((#6127, #6100, #6128));
#6127 = IFCCARTESIANPOINT((4988.36507208253, 10011.8768747785, 407.960746102556));
#6128 = IFCCARTESIANPOINT((4988.36507208253, 10011.8768747785, 408.000754102034));
#6129 = IFCFACE((#6130));
#6130 = IFCFACEOUTERBOUND(#6131, .T.);
#6131 = IFCPOLYLOOP((#6128, #6100, #6132));
#6132 = IFCCARTESIANPOINT((4987.04134824097, 10010.6497724228, 407.964653789615));
#6133 = IFCFACE((#6134));
#6134 = IFCFACEOUTERBOUND(#6135, .T.);
#6135 = IFCPOLYLOOP((#6104, #6132, #6100));
#6136 = IFCFACE((#6137));
#6137 = IFCFACEOUTERBOUND(#6138, .T.);
#6138 = IFCPOLYLOOP((#6114, #6132, #6104));
#6139 = IFCFACE((#6140));
#6140 = IFCFACEOUTERBOUND(#6141, .T.);
#6141 = IFCPOLYLOOP((#6132, #6114, #6142));
#6142 = IFCCARTESIANPOINT((4987.04134824097, 10010.6497724228, 407.924645790416));
#6143 = IFCFACE((#6144));
#6144 = IFCFACEOUTERBOUND(#6145, .T.);
#6145 = IFCPOLYLOOP((#6099, #6142, #6114));
#6146 = IFCFACE((#6147));
#6147 = IFCFACEOUTERBOUND(#6148, .T.);
#6148 = IFCPOLYLOOP((#6142, #6099, #6127));
#6149 = IFCFACE((#6150));
#6150 = IFCFACEOUTERBOUND(#6151, .T.);
#6151 = IFCPOLYLOOP((#6100, #6127, #6099));
#6152 = IFCFACE((#6153));
#6153 = IFCFACEOUTERBOUND(#6154, .T.);
#6154 = IFCPOLYLOOP((#6155, #6128, #6156));
#6155 = IFCCARTESIANPOINT((4988.4330861347, 10011.8035665904, 407.960661775906));
#6156 = IFCCARTESIANPOINT((4988.4330861347, 10011.8035665904, 408.00066977531));
#6157 = IFCFACE((#6158));
#6158 = IFCFACEOUTERBOUND(#6159, .T.);
#6159 = IFCPOLYLOOP((#6132, #6156, #6128));
#6160 = IFCFACE((#6161));
#6161 = IFCFACEOUTERBOUND(#6162, .T.);
#6162 = IFCPOLYLOOP((#6156, #6132, #6163));
#6163 = IFCCARTESIANPOINT((4987.10936229315, 10010.5764642348, 407.964569544642));
#6164 = IFCFACE((#6165));
#6165 = IFCFACEOUTERBOUND(#6166, .T.);
#6166 = IFCPOLYLOOP((#6142, #6163, #6132));
#6167 = IFCFACE((#6168));
#6168 = IFCFACEOUTERBOUND(#6169, .T.);
#6169 = IFCPOLYLOOP((#6163, #6142, #6170));
#6170 = IFCCARTESIANPOINT((4987.10936229315, 10010.5764642348, 407.924561545442));
#6171 = IFCFACE((#6172));
#6172 = IFCFACEOUTERBOUND(#6173, .T.);
#6173 = IFCPOLYLOOP((#6170, #6142, #6155));
#6174 = IFCFACE((#6175));
#6175 = IFCFACEOUTERBOUND(#6176, .T.);
#6176 = IFCPOLYLOOP((#6127, #6155, #6142));
#6177 = IFCFACE((#6178));
#6178 = IFCFACEOUTERBOUND(#6179, .T.);
#6179 = IFCPOLYLOOP((#6128, #6155, #6127));
#6180 = IFCFACE((#6181));
#6181 = IFCFACEOUTERBOUND(#6182, .T.);
#6182 = IFCPOLYLOOP((#6183, #6156, #6184));
#6183 = IFCCARTESIANPOINT((4988.50110018687, 10011.7302584023, 407.960577449253));
#6184 = IFCCARTESIANPOINT((4988.50110018687, 10011.7302584023, 408.000585448585));
#6185 = IFCFACE((#6186));
#6186 = IFCFACEOUTERBOUND(#6187, .T.);
#6187 = IFCPOLYLOOP((#6184, #6156, #6188));
#6188 = IFCCARTESIANPOINT((4987.17737634532, 10010.5031560467, 407.964485299668));
#6189 = IFCFACE((#6190));
#6190 = IFCFACEOUTERBOUND(#6191, .T.);
#6191 = IFCPOLYLOOP((#6163, #6188, #6156));
#6192 = IFCFACE((#6193));
#6193 = IFCFACEOUTERBOUND(#6194, .T.);
#6194 = IFCPOLYLOOP((#6170, #6188, #6163));
#6195 = IFCFACE((#6196));
#6196 = IFCFACEOUTERBOUND(#6197, .T.);
#6197 = IFCPOLYLOOP((#6188, #6170, #6198));
#6198 = IFCCARTESIANPOINT((4987.17737634532, 10010.5031560467, 407.924477300468));
#6199 = IFCFACE((#6200));
#6200 = IFCFACEOUTERBOUND(#6201, .T.);
#6201 = IFCPOLYLOOP((#6155, #6198, #6170));
#6202 = IFCFACE((#6203));
#6203 = IFCFACEOUTERBOUND(#6204, .T.);
#6204 = IFCPOLYLOOP((#6198, #6155, #6183));
#6205 = IFCFACE((#6206));
#6206 = IFCFACEOUTERBOUND(#6207, .T.);
#6207 = IFCPOLYLOOP((#6156, #6183, #6155));
#6208 = IFCFACE((#6209));
#6209 = IFCFACEOUTERBOUND(#6210, .T.);
#6210 = IFCPOLYLOOP((#6211, #6184, #6212));
#6211 = IFCCARTESIANPOINT((4988.56911423904, 10011.6569502142, 407.960493122602));
#6212 = IFCCARTESIANPOINT((4988.56911423904, 10011.6569502142, 408.000501121861));
#6213 = IFCFACE((#6214));
#6214 = IFCFACEOUTERBOUND(#6215, .T.);
#6215 = IFCPOLYLOOP((#6212, #6184, #6216));
#6216 = IFCCARTESIANPOINT((4987.24539039749, 10010.4298478586, 407.964401054694));
#6217 = IFCFACE((#6218));
#6218 = IFCFACEOUTERBOUND(#6219, .T.);
#6219 = IFCPOLYLOOP((#6188, #6216, #6184));
#6220 = IFCFACE((#6221));
#6221 = IFCFACEOUTERBOUND(#6222, .T.);
#6222 = IFCPOLYLOOP((#6198, #6216, #6188));
#6223 = IFCFACE((#6224));
#6224 = IFCFACEOUTERBOUND(#6225, .T.);
#6225 = IFCPOLYLOOP((#6216, #6198, #6226));
#6226 = IFCCARTESIANPOINT((4987.24539039749, 10010.4298478586, 407.924393055495));
#6227 = IFCFACE((#6228));
#6228 = IFCFACEOUTERBOUND(#6229, .T.);
#6229 = IFCPOLYLOOP((#6226, #6198, #6211));
#6230 = IFCFACE((#6231));
#6231 = IFCFACEOUTERBOUND(#6232, .T.);
#6232 = IFCPOLYLOOP((#6183, #6211, #6198));
#6233 = IFCFACE((#6234));
#6234 = IFCFACEOUTERBOUND(#6235, .T.);
#6235 = IFCPOLYLOOP((#6184, #6211, #6183));
#6236 = IFCFACE((#6237));
#6237 = IFCFACEOUTERBOUND(#6238, .T.);
#6238 = IFCPOLYLOOP((#6239, #6212, #6240));
#6239 = IFCCARTESIANPOINT((4988.62465315021, 10011.5970882191, 407.960424261457));
#6240 = IFCCARTESIANPOINT((4988.62465315021, 10011.5970882191, 408.000432260658));
#6241 = IFCFACE((#6242));
#6242 = IFCFACEOUTERBOUND(#6243, .T.);
#6243 = IFCPOLYLOOP((#6216, #6240, #6212));
#6244 = IFCFACE((#6245));
#6245 = IFCFACEOUTERBOUND(#6246, .T.);
#6246 = IFCPOLYLOOP((#6240, #6216, #6247));
#6247 = IFCCARTESIANPOINT((4987.30092930866, 10010.3699858634, 407.96433226025));
#6248 = IFCFACE((#6249));
#6249 = IFCFACEOUTERBOUND(#6250, .T.);
#6250 = IFCPOLYLOOP((#6226, #6247, #6216));
#6251 = IFCFACE((#6252));
#6252 = IFCFACEOUTERBOUND(#6253, .T.);
#6253 = IFCPOLYLOOP((#6247, #6226, #6254));
#6254 = IFCCARTESIANPOINT((4987.30092930866, 10010.3699858634, 407.924324261049));
#6255 = IFCFACE((#6256));
#6256 = IFCFACEOUTERBOUND(#6257, .T.);
#6257 = IFCPOLYLOOP((#6254, #6226, #6239));
#6258 = IFCFACE((#6259));
#6259 = IFCFACEOUTERBOUND(#6260, .T.);
#6260 = IFCPOLYLOOP((#6211, #6239, #6226));
#6261 = IFCFACE((#6262));
#6262 = IFCFACEOUTERBOUND(#6263, .T.);
#6263 = IFCPOLYLOOP((#6212, #6239, #6211));
#6264 = IFCFACE((#6265));
#6265 = IFCFACEOUTERBOUND(#6266, .T.);
#6266 = IFCPOLYLOOP((#6267, #6240, #6268));
#6267 = IFCCARTESIANPOINT((4988.62474156848, 10011.5969929184, 408.000432151034));
#6268 = IFCCARTESIANPOINT((4987.30101772693, 10010.3698905627, 407.964332150732));
#6269 = IFCFACE((#6270));
#6270 = IFCFACEOUTERBOUND(#6271, .T.);
#6271 = IFCPOLYLOOP((#6247, #6268, #6240));
#6272 = IFCFACE((#6273));
#6273 = IFCFACEOUTERBOUND(#6274, .T.);
#6274 = IFCPOLYLOOP((#6254, #6268, #6247));
#6275 = IFCFACE((#6276));
#6276 = IFCFACEOUTERBOUND(#6277, .T.);
#6277 = IFCPOLYLOOP((#6268, #6254, #6278));
#6278 = IFCCARTESIANPOINT((4987.30101772693, 10010.3698905627, 407.924324151531));
#6279 = IFCFACE((#6280));
#6280 = IFCFACEOUTERBOUND(#6281, .T.);
#6281 = IFCPOLYLOOP((#6239, #6278, #6254));
#6282 = IFCFACE((#6283));
#6283 = IFCFACEOUTERBOUND(#6284, .T.);
#6284 = IFCPOLYLOOP((#6278, #6239, #6285));
#6285 = IFCCARTESIANPOINT((4988.62474156848, 10011.5969929184, 407.960424151834));
#6286 = IFCFACE((#6287));
#6287 = IFCFACEOUTERBOUND(#6288, .T.);
#6288 = IFCPOLYLOOP((#6285, #6239, #6267));
#6289 = IFCFACE((#6290));
#6290 = IFCFACEOUTERBOUND(#6291, .T.);
#6291 = IFCPOLYLOOP((#6240, #6267, #6239));
#6292 = IFCFACE((#6293));
#6293 = IFCFACEOUTERBOUND(#6294, .T.);
#6294 = IFCPOLYLOOP((#6268, #6278, #6285));
#6295 = IFCFACE((#6296));
#6296 = IFCFACEOUTERBOUND(#6297, .T.);
#6297 = IFCPOLYLOOP((#6267, #6268, #6285));
#6298 = IFCBUILDINGELEMENTPROXY('2IxPnwfbP2gOyEQ7F8j4ym', #7, 'Neubau Decke 2 Erg\X2\00E4\X0\nzung WSH Bstg. Gleis 2', $, $, #6299, #6344, $, .ELEMENT.);
#6299 = IFCLOCALPLACEMENT(#4207, #6300);
#6300 = IFCAXIS2PLACEMENT3D(#6, #4, #2);
#6301 = IFCPROPERTYSET('1ajuLN_Ab9JOwjv$D5ItN6', #7, 'ProVI', $, (#6302, #6303, #6304, #6305, #6306, #6307, #6308, #6309, #6311, #6313, #6314, #6316, #6318, #6320));
#6302 = IFCPROPERTYSINGLEVALUE('PVI_BEZEICHNUNG_PROJEKT', $, IFCLABEL('Kressbronn VA'), $);
#6303 = IFCPROPERTYSINGLEVALUE('PVI_NUMMER_PROJEKT', $, IFCLABEL('522'), $);
#6304 = IFCPROPERTYSINGLEVALUE('PVI_BEZEICHNUNG_DATEI', $, IFCLABEL('Trasse Bestand mit Erg\X2\00E4\X0\nzung WSH'), $);
#6305 = IFCPROPERTYSINGLEVALUE('PVI_BAUTEILGRUPPE', $, IFCLABEL('Bahnsteige'), $);
#6306 = IFCPROPERTYSINGLEVALUE('PVI_BAUTEILTYP', $, IFCLABEL('Neubau Decke 2 Erg\X2\00E4\X0\nzung WSH Bstg. Gleis 2'), $);
#6307 = IFCPROPERTYSINGLEVALUE('PVI_KM_VON', $, IFCLABEL('14,0+39,794'), $);
#6308 = IFCPROPERTYSINGLEVALUE('PVI_KM_BIS', $, IFCLABEL('14,0+46,267'), $);
#6309 = IFCPROPERTYSINGLEVALUE('PVI_STAT_VON', $, IFCREAL(14039.794), #6310);
#6310 = IFCSIUNIT(*, .LENGTHUNIT., $, .METRE.);
#6311 = IFCPROPERTYSINGLEVALUE('PVI_STAT_BIS', $, IFCREAL(14046.267), #6312);
#6312 = IFCSIUNIT(*, .LENGTHUNIT., $, .METRE.);
#6313 = IFCPROPERTYSINGLEVALUE('PVI_STATIONSBEZUG', $, IFCLABEL('Achse 4530S (Kilometrierungslinie 4530 (DR0))'), $);
#6314 = IFCPROPERTYSINGLEVALUE('PVI_SCHICHTSTAERKE', $, IFCREAL(0.), #6315);
#6315 = IFCSIUNIT(*, .LENGTHUNIT., $, .METRE.);
#6316 = IFCPROPERTYSINGLEVALUE('PVI_VOLUMEN_M3', $, IFCREAL(7.75E-1), #6317);
#6317 = IFCSIUNIT(*, .VOLUMEUNIT., $, .CUBIC_METRE.);
#6318 = IFCPROPERTYSINGLEVALUE('PVI_FLAECHE_M2', $, IFCREAL(19.371), #6319);
#6319 = IFCSIUNIT(*, .AREAUNIT., $, .SQUARE_METRE.);
#6320 = IFCPROPERTYSINGLEVALUE('PVI_VOLUMEN_REB_M3', $, IFCREAL(7.75E-1), #6321);
#6321 = IFCSIUNIT(*, .VOLUMEUNIT., $, .CUBIC_METRE.);
#6322 = IFCRELDEFINESBYPROPERTIES('2FMXeypfn6xv40ZyHtyJfA', #7, $, $, (#6298), #6301);
#6323 = IFCPROPERTYSET('3o4_c4Dy91sgdJNdNxca_9', #7, 'DB', $, (#6324, #6325, #6326, #6327, #6328, #6329, #6330));
#6324 = IFCPROPERTYSINGLEVALUE('Zustand', $, IFCLABEL('Neubau'), $);
#6325 = IFCPROPERTYSINGLEVALUE('Eigentuemer', $, IFCLABEL('-'), $);
#6326 = IFCPROPERTYSINGLEVALUE('Datenquelle', $, IFCLABEL('Planung'), $);
#6327 = IFCPROPERTYSINGLEVALUE('Equipment', $, IFCLABEL('80135450'), $);
#6328 = IFCPROPERTYSINGLEVALUE('DBAnlagentyp', $, IFCLABEL('WandUndBodenbelaege'), $);
#6329 = IFCPROPERTYSINGLEVALUE('Objektklasse', $, IFCLABEL('Bodenbelag'), $);
#6330 = IFCPROPERTYSINGLEVALUE('Objekt', $, IFCLABEL('Bettung'), $);
#6331 = IFCRELDEFINESBYPROPERTIES('0R5RqK5JD2nfdfZOgzKHXw', #7, $, $, (#6298), #6323);
#6332 = IFCPROPERTYSET('3bKvf2Crr6Jeqybc0joITq', #7, 'Stammdaten Verkehrsanlage', $, (#6333, #6334, #6335, #6336, #6337));
#6333 = IFCPROPERTYSINGLEVALUE('Bf_Nr', $, IFCINTEGER(0), $);
#6334 = IFCPROPERTYSINGLEVALUE('BhfK', $, IFCLABEL('-'), $);
#6335 = IFCPROPERTYSINGLEVALUE('Durchfahrtsgeschwindigkeit', $, IFCLABEL('-'), $);
#6336 = IFCPROPERTYSINGLEVALUE('Lagesystem', $, IFCLABEL('-'), $);
#6337 = IFCPROPERTYSINGLEVALUE('Hoehensystem', $, IFCLABEL('-'), $);
#6338 = IFCRELDEFINESBYPROPERTIES('1Y42NbCFHCjvNVZSIL6CDu', #7, $, $, (#6298), #6332);
#6339 = IFCPROPERTYSET('3KORxvoZv4c8N_hyoENBfc', #7, 'VST', $, (#6340, #6341, #6342));
#6340 = IFCPROPERTYSINGLEVALUE('VST_Baugruppe', $, IFCLABEL('Bstg Gl. 2'), $);
#6341 = IFCPROPERTYSINGLEVALUE('Phase erstellt', $, IFCLABEL('-'), $);
#6342 = IFCPROPERTYSINGLEVALUE('Phase abgebrochen', $, IFCLABEL('-'), $);
#6343 = IFCRELDEFINESBYPROPERTIES('0Gbgwk6lrFeu$vCTpd5SDo', #7, $, $, (#6298), #6339);
#6344 = IFCPRODUCTDEFINITIONSHAPE($, $, (#6345));
#6345 = IFCSHAPEREPRESENTATION(#26, 'Body', 'SolidModel', (#6346));
#6346 = IFCFACETEDBREP(#6352);
#6347 = IFCSTYLEDITEM(#6346, (#6348), $);
#6348 = IFCPRESENTATIONSTYLEASSIGNMENT((#6349));
#6349 = IFCSURFACESTYLE($, .POSITIVE., (#6350));
#6350 = IFCSURFACESTYLERENDERING(#6351, $, $, $, $, $, $, $, .FLAT.);
#6351 = IFCCOLOURRGB($, 8.E-1, 8.E-1, 8.E-1);
#6352 = IFCCLOSEDSHELL((#6353, #6359, #6363, #6367, #6371, #6375, #6379, #6382, #6385, #6388, #6391, #6396, #6399, #6403, #6406, #6410, #6413, #6416, #6419, #6424, #6427, #6431, #6434, #6438, #6441, #6444, #6447, #6452, #6456, #6459, #6462, #6466, #6469, #6472, #6475, #6480, #6484, #6487, #6490, #6494, #6497, #6500, #6503, #6508, #6512, #6515, #6518, #6522, #6525, #6528, #6531, #6536, #6539, #6543, #6547, #6550, #6553, #6556, #6559, #6564, #6568, #6571, #6574, #6578, #6581, #6584, #6587, #6592, #6596, #6599, #6602, #6606, #6609, #6612, #6615, #6620, #6624, #6627, #6630, #6634, #6637, #6640, #6643, #6648, #6652, #6655, #6658, #6662, #6665, #6668, #6671, #6676, #6680, #6683, #6686, #6690, #6693, #6696, #6699, #6704, #6708, #6711, #6714, #6718, #6721, #6724, #6727, #6732, #6736, #6739, #6742, #6746, #6749, #6752, #6755, #6760, #6764, #6767, #6770, #6774, #6777, #6780, #6783, #6788, #6792, #6795, #6798, #6802, #6805, #6808, #6811, #6816, #6820, #6823, #6826, #6830, #6833, #6836, #6839, #6844, #6848, #6851, #6854, #6858, #6861, #6864, #6867, #6872, #6876, #6879, #6882, #6886, #6889, #6892, #6895, #6900, #6904, #6907, #6910, #6914, #6917, #6920, #6923, #6928, #6932, #6935, #6938, #6942, #6945, #6948, #6951, #6956, #6960, #6963, #6966, #6970, #6973, #6976, #6979, #6984, #6988, #6991, #6994, #6998, #7001, #7004, #7007, #7012, #7016, #7019, #7022, #7026, #7029, #7032, #7035, #7040, #7044, #7047, #7050, #7054, #7057, #7060, #7063, #7068, #7072, #7075, #7078, #7082, #7085, #7088, #7091, #7096, #7100, #7103, #7106, #7110, #7113, #7116, #7119, #7124, #7128, #7131, #7134, #7138, #7141, #7144, #7147, #7152, #7156, #7159, #7162, #7166, #7169, #7172, #7175, #7180, #7184, #7187, #7190, #7194, #7197, #7200, #7203, #7208, #7212, #7215, #7218, #7222, #7225, #7228, #7231, #7236, #7240, #7243, #7246, #7250, #7253, #7256, #7259, #7264, #7268, #7271, #7274, #7278, #7281, #7284, #7287, #7292, #7296, #7299, #7302, #7306, #7309, #7312, #7315, #7320, #7324, #7327, #7330, #7334, #7337, #7340, #7343, #7348, #7352, #7355, #7358, #7362, #7365, #7368, #7371, #7376, #7380, #7383, #7386, #7390, #7393, #7396, #7399, #7404, #7408, #7411, #7414, #7418, #7421, #7424, #7427, #7432, #7436, #7439, #7442, #7446, #7449, #7452, #7455, #7460, #7464, #7467, #7470, #7474, #7477, #7480, #7483, #7488, #7492, #7495, #7498, #7502, #7505, #7508, #7511, #7516, #7520, #7523, #7526, #7530, #7533, #7536, #7539, #7544, #7548, #7551, #7554, #7558, #7561, #7564, #7567, #7572, #7576, #7579, #7582, #7586, #7589, #7592, #7595, #7600, #7604, #7607, #7610, #7614, #7617, #7620, #7623, #7628, #7632, #7635, #7638, #7642, #7645, #7648, #7651, #7656, #7660, #7663, #7666, #7670, #7673, #7676, #7679, #7684, #7688, #7691, #7694, #7698, #7701, #7704, #7707, #7712, #7716, #7719, #7722, #7726, #7729, #7732, #7735, #7740, #7744, #7747, #7750, #7754, #7757, #7760, #7763, #7768, #7772, #7775, #7778, #7782, #7785, #7788, #7791, #7796, #7800, #7803, #7806, #7810, #7813, #7816, #7819, #7824, #7828, #7831, #7834, #7838, #7841, #7844, #7847, #7852, #7856, #7859, #7862, #7866, #7869, #7872, #7875, #7880, #7884, #7887, #7890, #7894, #7897, #7900, #7903, #7908, #7912, #7915, #7918, #7922, #7925, #7928, #7931, #7936, #7940, #7943, #7946, #7950, #7953, #7956, #7959, #7964, #7968, #7971, #7974, #7978, #7981, #7984, #7987, #7992, #7996, #7999, #8002, #8006, #8009, #8012, #8015, #8020, #8024, #8027, #8030, #8034, #8037, #8040, #8043, #8048, #8052, #8055, #8058, #8062, #8065, #8068, #8071, #8076, #8080, #8083, #8086, #8090, #8093, #8096, #8099, #8104, #8108, #8111, #8114, #8118, #8121, #8124, #8127, #8132, #8136, #8139, #8142, #8146, #8149, #8152, #8155, #8160, #8164, #8167, #8170, #8174, #8177, #8180, #8183, #8188, #8192, #8195, #8198, #8202, #8205, #8208, #8211, #8216, #8220, #8223, #8226, #8230, #8233, #8236, #8239, #8244, #8248, #8251, #8254, #8258, #8261, #8264, #8267, #8272, #8276, #8279, #8282, #8286, #8289, #8292, #8295, #8300, #8303, #8307, #8310, #8314, #8317, #8320, #8323, #8328, #8332, #8335, #8338, #8342, #8345, #8348, #8351, #8354));
#6353 = IFCFACE((#6354));
#6354 = IFCFACEOUTERBOUND(#6355, .T.);
#6355 = IFCPOLYLOOP((#6356, #6357, #6358));
#6356 = IFCCARTESIANPOINT((5041.01370045764, 9955.14916084034, 408.044442959925));
#6357 = IFCCARTESIANPOINT((5041.01359999376, 9955.14926951901, 408.044442776115));
#6358 = IFCCARTESIANPOINT((5039.73397851664, 9953.96284859067, 408.009537705049));
#6359 = IFCFACE((#6360));
#6360 = IFCFACEOUTERBOUND(#6361, .T.);
#6361 = IFCPOLYLOOP((#6362, #6358, #6357));
#6362 = IFCCARTESIANPOINT((5039.73387805276, 9953.96295726934, 408.009537521129));
#6363 = IFCFACE((#6364));
#6364 = IFCFACEOUTERBOUND(#6365, .T.);
#6365 = IFCPOLYLOOP((#6366, #6358, #6362));
#6366 = IFCCARTESIANPOINT((5039.73387805276, 9953.96295726934, 407.969529521932));
#6367 = IFCFACE((#6368));
#6368 = IFCFACEOUTERBOUND(#6369, .T.);
#6369 = IFCPOLYLOOP((#6358, #6366, #6370));
#6370 = IFCCARTESIANPOINT((5039.73397851664, 9953.96284859067, 407.969529705848));
#6371 = IFCFACE((#6372));
#6372 = IFCFACEOUTERBOUND(#6373, .T.);
#6373 = IFCPOLYLOOP((#6374, #6370, #6366));
#6374 = IFCCARTESIANPOINT((5041.01359999376, 9955.14926951901, 408.004434772129));
#6375 = IFCFACE((#6376));
#6376 = IFCFACEOUTERBOUND(#6377, .T.);
#6377 = IFCPOLYLOOP((#6370, #6374, #6378));
#6378 = IFCCARTESIANPOINT((5041.01370045764, 9955.14916084034, 408.004434955939));
#6379 = IFCFACE((#6380));
#6380 = IFCFACEOUTERBOUND(#6381, .T.);
#6381 = IFCPOLYLOOP((#6378, #6374, #6356));
#6382 = IFCFACE((#6383));
#6383 = IFCFACEOUTERBOUND(#6384, .T.);
#6384 = IFCPOLYLOOP((#6357, #6356, #6374));
#6385 = IFCFACE((#6386));
#6386 = IFCFACEOUTERBOUND(#6387, .T.);
#6387 = IFCPOLYLOOP((#6362, #6374, #6366));
#6388 = IFCFACE((#6389));
#6389 = IFCFACEOUTERBOUND(#6390, .T.);
#6390 = IFCPOLYLOOP((#6357, #6374, #6362));
#6391 = IFCFACE((#6392));
#6392 = IFCFACEOUTERBOUND(#6393, .T.);
#6393 = IFCPOLYLOOP((#6394, #6356, #6395));
#6394 = IFCCARTESIANPOINT((5041.01742992308, 9955.14512658065, 408.004441683357));
#6395 = IFCCARTESIANPOINT((5041.01742992308, 9955.14512658065, 408.04444968734));
#6396 = IFCFACE((#6397));
#6397 = IFCFACEOUTERBOUND(#6398, .T.);
#6398 = IFCPOLYLOOP((#6358, #6395, #6356));
#6399 = IFCFACE((#6400));
#6400 = IFCFACEOUTERBOUND(#6401, .T.);
#6401 = IFCPOLYLOOP((#6395, #6358, #6402));
#6402 = IFCCARTESIANPOINT((5039.73770798207, 9953.95881433098, 408.009544436392));
#6403 = IFCFACE((#6404));
#6404 = IFCFACEOUTERBOUND(#6405, .T.);
#6405 = IFCPOLYLOOP((#6370, #6402, #6358));
#6406 = IFCFACE((#6407));
#6407 = IFCFACEOUTERBOUND(#6408, .T.);
#6408 = IFCPOLYLOOP((#6402, #6370, #6409));
#6409 = IFCCARTESIANPOINT((5039.73770798207, 9953.95881433098, 407.969536437191));
#6410 = IFCFACE((#6411));
#6411 = IFCFACEOUTERBOUND(#6412, .T.);
#6412 = IFCPOLYLOOP((#6409, #6370, #6394));
#6413 = IFCFACE((#6414));
#6414 = IFCFACEOUTERBOUND(#6415, .T.);
#6415 = IFCPOLYLOOP((#6378, #6394, #6370));
#6416 = IFCFACE((#6417));
#6417 = IFCFACEOUTERBOUND(#6418, .T.);
#6418 = IFCPOLYLOOP((#6356, #6394, #6378));
#6419 = IFCFACE((#6420));
#6420 = IFCFACEOUTERBOUND(#6421, .T.);
#6421 = IFCPOLYLOOP((#6422, #6395, #6423));
#6422 = IFCCARTESIANPOINT((5041.08531228639, 9955.07169631595, 408.004564222861));
#6423 = IFCCARTESIANPOINT((5041.08531228639, 9955.07169631595, 408.044572226779));
#6424 = IFCFACE((#6425));
#6425 = IFCFACEOUTERBOUND(#6426, .T.);
#6426 = IFCPOLYLOOP((#6402, #6423, #6395));
#6427 = IFCFACE((#6428));
#6428 = IFCFACEOUTERBOUND(#6429, .T.);
#6429 = IFCPOLYLOOP((#6423, #6402, #6430));
#6430 = IFCCARTESIANPOINT((5039.80559034538, 9953.88538406628, 408.009667047387));
#6431 = IFCFACE((#6432));
#6432 = IFCFACEOUTERBOUND(#6433, .T.);
#6433 = IFCPOLYLOOP((#6409, #6430, #6402));
#6434 = IFCFACE((#6435));
#6435 = IFCFACEOUTERBOUND(#6436, .T.);
#6436 = IFCPOLYLOOP((#6430, #6409, #6437));
#6437 = IFCCARTESIANPOINT((5039.80559034538, 9953.88538406628, 407.969659048184));
#6438 = IFCFACE((#6439));
#6439 = IFCFACEOUTERBOUND(#6440, .T.);
#6440 = IFCPOLYLOOP((#6437, #6409, #6422));
#6441 = IFCFACE((#6442));
#6442 = IFCFACEOUTERBOUND(#6443, .T.);
#6443 = IFCPOLYLOOP((#6394, #6422, #6409));
#6444 = IFCFACE((#6445));
#6445 = IFCFACEOUTERBOUND(#6446, .T.);
#6446 = IFCPOLYLOOP((#6395, #6422, #6394));
#6447 = IFCFACE((#6448));
#6448 = IFCFACEOUTERBOUND(#6449, .T.);
#6449 = IFCPOLYLOOP((#6450, #6423, #6451));
#6450 = IFCCARTESIANPOINT((5041.1531946497, 9954.99826605125, 408.004686762386));
#6451 = IFCCARTESIANPOINT((5041.1531946497, 9954.99826605125, 408.044694766238));
#6452 = IFCFACE((#6453));
#6453 = IFCFACEOUTERBOUND(#6454, .T.);
#6454 = IFCPOLYLOOP((#6451, #6423, #6455));
#6455 = IFCCARTESIANPOINT((5039.87347270869, 9953.81195380158, 408.009789658414));
#6456 = IFCFACE((#6457));
#6457 = IFCFACEOUTERBOUND(#6458, .T.);
#6458 = IFCPOLYLOOP((#6430, #6455, #6423));
#6459 = IFCFACE((#6460));
#6460 = IFCFACEOUTERBOUND(#6461, .T.);
#6461 = IFCPOLYLOOP((#6437, #6455, #6430));
#6462 = IFCFACE((#6463));
#6463 = IFCFACEOUTERBOUND(#6464, .T.);
#6464 = IFCPOLYLOOP((#6455, #6437, #6465));
#6465 = IFCCARTESIANPOINT((5039.87347270869, 9953.81195380158, 407.969781659216));
#6466 = IFCFACE((#6467));
#6467 = IFCFACEOUTERBOUND(#6468, .T.);
#6468 = IFCPOLYLOOP((#6422, #6465, #6437));
#6469 = IFCFACE((#6470));
#6470 = IFCFACEOUTERBOUND(#6471, .T.);
#6471 = IFCPOLYLOOP((#6465, #6422, #6450));
#6472 = IFCFACE((#6473));
#6473 = IFCFACEOUTERBOUND(#6474, .T.);
#6474 = IFCPOLYLOOP((#6423, #6450, #6422));
#6475 = IFCFACE((#6476));
#6476 = IFCFACEOUTERBOUND(#6477, .T.);
#6477 = IFCPOLYLOOP((#6478, #6451, #6479));
#6478 = IFCCARTESIANPOINT((5041.22107701301, 9954.92483578655, 408.004809301935));
#6479 = IFCCARTESIANPOINT((5041.22107701301, 9954.92483578655, 408.04481730572));
#6480 = IFCFACE((#6481));
#6481 = IFCFACEOUTERBOUND(#6482, .T.);
#6482 = IFCPOLYLOOP((#6479, #6451, #6483));
#6483 = IFCCARTESIANPOINT((5039.941355072, 9953.73852353688, 408.009912269485));
#6484 = IFCFACE((#6485));
#6485 = IFCFACEOUTERBOUND(#6486, .T.);
#6486 = IFCPOLYLOOP((#6455, #6483, #6451));
#6487 = IFCFACE((#6488));
#6488 = IFCFACEOUTERBOUND(#6489, .T.);
#6489 = IFCPOLYLOOP((#6465, #6483, #6455));
#6490 = IFCFACE((#6491));
#6491 = IFCFACEOUTERBOUND(#6492, .T.);
#6492 = IFCPOLYLOOP((#6483, #6465, #6493));
#6493 = IFCCARTESIANPOINT((5039.941355072, 9953.73852353688, 407.969904270285));
#6494 = IFCFACE((#6495));
#6495 = IFCFACEOUTERBOUND(#6496, .T.);
#6496 = IFCPOLYLOOP((#6450, #6493, #6465));
#6497 = IFCFACE((#6498));
#6498 = IFCFACEOUTERBOUND(#6499, .T.);
#6499 = IFCPOLYLOOP((#6493, #6450, #6478));
#6500 = IFCFACE((#6501));
#6501 = IFCFACEOUTERBOUND(#6502, .T.);
#6502 = IFCPOLYLOOP((#6451, #6478, #6450));
#6503 = IFCFACE((#6504));
#6504 = IFCFACEOUTERBOUND(#6505, .T.);
#6505 = IFCPOLYLOOP((#6506, #6479, #6507));
#6506 = IFCCARTESIANPOINT((5041.26180506697, 9954.88077909916, 408.004882825674));
#6507 = IFCCARTESIANPOINT((5041.26180506697, 9954.88077909916, 408.044890829419));
#6508 = IFCFACE((#6509));
#6509 = IFCFACEOUTERBOUND(#6510, .T.);
#6510 = IFCPOLYLOOP((#6507, #6479, #6511));
#6511 = IFCCARTESIANPOINT((5039.98208312597, 9953.69446684949, 408.009985836146));
#6512 = IFCFACE((#6513));
#6513 = IFCFACEOUTERBOUND(#6514, .T.);
#6514 = IFCPOLYLOOP((#6483, #6511, #6479));
#6515 = IFCFACE((#6516));
#6516 = IFCFACEOUTERBOUND(#6517, .T.);
#6517 = IFCPOLYLOOP((#6493, #6511, #6483));
#6518 = IFCFACE((#6519));
#6519 = IFCFACEOUTERBOUND(#6520, .T.);
#6520 = IFCPOLYLOOP((#6511, #6493, #6521));
#6521 = IFCCARTESIANPOINT((5039.98208312597, 9953.69446684949, 407.969977836945));
#6522 = IFCFACE((#6523));
#6523 = IFCFACEOUTERBOUND(#6524, .T.);
#6524 = IFCPOLYLOOP((#6478, #6521, #6493));
#6525 = IFCFACE((#6526));
#6526 = IFCFACEOUTERBOUND(#6527, .T.);
#6527 = IFCPOLYLOOP((#6521, #6478, #6506));
#6528 = IFCFACE((#6529));
#6529 = IFCFACEOUTERBOUND(#6530, .T.);
#6530 = IFCPOLYLOOP((#6479, #6506, #6478));
#6531 = IFCFACE((#6532));
#6532 = IFCFACEOUTERBOUND(#6533, .T.);
#6533 = IFCPOLYLOOP((#6534, #6507, #6535));
#6534 = IFCCARTESIANPOINT((5041.2624838906, 9954.88004479651, 408.00488490538));
#6535 = IFCCARTESIANPOINT((5041.2624838906, 9954.88004479651, 408.044892909905));
#6536 = IFCFACE((#6537));
#6537 = IFCFACEOUTERBOUND(#6538, .T.);
#6538 = IFCPOLYLOOP((#6511, #6535, #6507));
#6539 = IFCFACE((#6540));
#6540 = IFCFACEOUTERBOUND(#6541, .T.);
#6541 = IFCPOLYLOOP((#6535, #6511, #6542));
#6542 = IFCCARTESIANPOINT((5038.99345255223, 9952.77663499681, 407.983007062257));
#6543 = IFCFACE((#6544));
#6544 = IFCFACEOUTERBOUND(#6545, .T.);
#6545 = IFCPOLYLOOP((#6542, #6511, #6546));
#6546 = IFCCARTESIANPOINT((5038.99345255223, 9952.77663499681, 407.942999063057));
#6547 = IFCFACE((#6548));
#6548 = IFCFACEOUTERBOUND(#6549, .T.);
#6549 = IFCPOLYLOOP((#6521, #6546, #6511));
#6550 = IFCFACE((#6551));
#6551 = IFCFACEOUTERBOUND(#6552, .T.);
#6552 = IFCPOLYLOOP((#6506, #6546, #6521));
#6553 = IFCFACE((#6554));
#6554 = IFCFACEOUTERBOUND(#6555, .T.);
#6555 = IFCPOLYLOOP((#6546, #6506, #6534));
#6556 = IFCFACE((#6557));
#6557 = IFCFACEOUTERBOUND(#6558, .T.);
#6558 = IFCPOLYLOOP((#6507, #6534, #6506));
#6559 = IFCFACE((#6560));
#6560 = IFCFACEOUTERBOUND(#6561, .T.);
#6561 = IFCPOLYLOOP((#6562, #6535, #6563));
#6562 = IFCCARTESIANPOINT((5041.28895937631, 9954.85140552185, 408.004932691065));
#6563 = IFCCARTESIANPOINT((5041.28895937631, 9954.85140552185, 408.044940695556));
#6564 = IFCFACE((#6565));
#6565 = IFCFACEOUTERBOUND(#6566, .T.);
#6566 = IFCPOLYLOOP((#6563, #6535, #6567));
#6567 = IFCCARTESIANPOINT((5039.01996140711, 9952.74802665563, 407.983055790623));
#6568 = IFCFACE((#6569));
#6569 = IFCFACEOUTERBOUND(#6570, .T.);
#6570 = IFCPOLYLOOP((#6542, #6567, #6535));
#6571 = IFCFACE((#6572));
#6572 = IFCFACEOUTERBOUND(#6573, .T.);
#6573 = IFCPOLYLOOP((#6546, #6567, #6542));
#6574 = IFCFACE((#6575));
#6575 = IFCFACEOUTERBOUND(#6576, .T.);
#6576 = IFCPOLYLOOP((#6567, #6546, #6577));
#6577 = IFCCARTESIANPOINT((5039.01996140711, 9952.74802665563, 407.943047791422));
#6578 = IFCFACE((#6579));
#6579 = IFCFACEOUTERBOUND(#6580, .T.);
#6580 = IFCPOLYLOOP((#6577, #6546, #6562));
#6581 = IFCFACE((#6582));
#6582 = IFCFACEOUTERBOUND(#6583, .T.);
#6583 = IFCPOLYLOOP((#6534, #6562, #6546));
#6584 = IFCFACE((#6585));
#6585 = IFCFACEOUTERBOUND(#6586, .T.);
#6586 = IFCPOLYLOOP((#6535, #6562, #6534));
#6587 = IFCFACE((#6588));
#6588 = IFCFACEOUTERBOUND(#6589, .T.);
#6589 = IFCPOLYLOOP((#6590, #6563, #6591));
#6590 = IFCCARTESIANPOINT((5041.35684173963, 9954.77797525716, 408.005055218464));
#6591 = IFCCARTESIANPOINT((5041.35684173963, 9954.77797525716, 408.045063222879));
#6592 = IFCFACE((#6593));
#6593 = IFCFACEOUTERBOUND(#6594, .T.);
#6594 = IFCPOLYLOOP((#6591, #6563, #6595));
#6595 = IFCCARTESIANPOINT((5039.08792933238, 9952.67467570754, 407.983180735175));
#6596 = IFCFACE((#6597));
#6597 = IFCFACEOUTERBOUND(#6598, .T.);
#6598 = IFCPOLYLOOP((#6567, #6595, #6563));
#6599 = IFCFACE((#6600));
#6600 = IFCFACEOUTERBOUND(#6601, .T.);
#6601 = IFCPOLYLOOP((#6577, #6595, #6567));
#6602 = IFCFACE((#6603));
#6603 = IFCFACEOUTERBOUND(#6604, .T.);
#6604 = IFCPOLYLOOP((#6595, #6577, #6605));
#6605 = IFCCARTESIANPOINT((5039.08792933238, 9952.67467570754, 407.943172735975));
#6606 = IFCFACE((#6607));
#6607 = IFCFACEOUTERBOUND(#6608, .T.);
#6608 = IFCPOLYLOOP((#6605, #6577, #6590));
#6609 = IFCFACE((#6610));
#6610 = IFCFACEOUTERBOUND(#6611, .T.);
#6611 = IFCPOLYLOOP((#6562, #6590, #6577));
#6612 = IFCFACE((#6613));
#6613 = IFCFACEOUTERBOUND(#6614, .T.);
#6614 = IFCPOLYLOOP((#6563, #6590, #6562));
#6615 = IFCFACE((#6616));
#6616 = IFCFACEOUTERBOUND(#6617, .T.);
#6617 = IFCPOLYLOOP((#6618, #6591, #6619));
#6618 = IFCCARTESIANPOINT((5041.42472410294, 9954.70454499245, 408.00517774588));
#6619 = IFCCARTESIANPOINT((5041.42472410294, 9954.70454499245, 408.045185750218));
#6620 = IFCFACE((#6621));
#6621 = IFCFACEOUTERBOUND(#6622, .T.);
#6622 = IFCPOLYLOOP((#6619, #6591, #6623));
#6623 = IFCCARTESIANPOINT((5039.15589725765, 9952.60132475944, 407.983305679767));
#6624 = IFCFACE((#6625));
#6625 = IFCFACEOUTERBOUND(#6626, .T.);
#6626 = IFCPOLYLOOP((#6595, #6623, #6591));
#6627 = IFCFACE((#6628));
#6628 = IFCFACEOUTERBOUND(#6629, .T.);
#6629 = IFCPOLYLOOP((#6605, #6623, #6595));
#6630 = IFCFACE((#6631));
#6631 = IFCFACEOUTERBOUND(#6632, .T.);
#6632 = IFCPOLYLOOP((#6623, #6605, #6633));
#6633 = IFCCARTESIANPOINT((5039.15589725765, 9952.60132475944, 407.943297680567));
#6634 = IFCFACE((#6635));
#6635 = IFCFACEOUTERBOUND(#6636, .T.);
#6636 = IFCPOLYLOOP((#6633, #6605, #6618));
#6637 = IFCFACE((#6638));
#6638 = IFCFACEOUTERBOUND(#6639, .T.);
#6639 = IFCPOLYLOOP((#6590, #6618, #6605));
#6640 = IFCFACE((#6641));
#6641 = IFCFACEOUTERBOUND(#6642, .T.);
#6642 = IFCPOLYLOOP((#6591, #6618, #6590));
#6643 = IFCFACE((#6644));
#6644 = IFCFACEOUTERBOUND(#6645, .T.);
#6645 = IFCPOLYLOOP((#6646, #6619, #6647));
#6646 = IFCCARTESIANPOINT((5041.49260646624, 9954.63111472775, 408.005300273314));
#6647 = IFCCARTESIANPOINT((5041.49260646624, 9954.63111472775, 408.045308277574));
#6648 = IFCFACE((#6649));
#6649 = IFCFACEOUTERBOUND(#6650, .T.);
#6650 = IFCPOLYLOOP((#6647, #6619, #6651));
#6651 = IFCCARTESIANPOINT((5039.22386518292, 9952.52797381135, 407.983430624397));
#6652 = IFCFACE((#6653));
#6653 = IFCFACEOUTERBOUND(#6654, .T.);
#6654 = IFCPOLYLOOP((#6623, #6651, #6619));
#6655 = IFCFACE((#6656));
#6656 = IFCFACEOUTERBOUND(#6657, .T.);
#6657 = IFCPOLYLOOP((#6633, #6651, #6623));
#6658 = IFCFACE((#6659));
#6659 = IFCFACEOUTERBOUND(#6660, .T.);
#6660 = IFCPOLYLOOP((#6651, #6633, #6661));
#6661 = IFCCARTESIANPOINT((5039.22386518292, 9952.52797381135, 407.943422625196));
#6662 = IFCFACE((#6663));
#6663 = IFCFACEOUTERBOUND(#6664, .T.);
#6664 = IFCPOLYLOOP((#6661, #6633, #6646));
#6665 = IFCFACE((#6666));
#6666 = IFCFACEOUTERBOUND(#6667, .T.);
#6667 = IFCPOLYLOOP((#6618, #6646, #6633));
#6668 = IFCFACE((#6669));
#6669 = IFCFACEOUTERBOUND(#6670, .T.);
#6670 = IFCPOLYLOOP((#6619, #6646, #6618));
#6671 = IFCFACE((#6672));
#6672 = IFCFACEOUTERBOUND(#6673, .T.);
#6673 = IFCPOLYLOOP((#6674, #6647, #6675));
#6674 = IFCCARTESIANPOINT((5041.56048882956, 9954.55768446305, 408.005422800764));
#6675 = IFCCARTESIANPOINT((5041.56048882956, 9954.55768446305, 408.045430804946));
#6676 = IFCFACE((#6677));
#6677 = IFCFACEOUTERBOUND(#6678, .T.);
#6678 = IFCPOLYLOOP((#6675, #6647, #6679));
#6679 = IFCCARTESIANPOINT((5039.29183310819, 9952.45462286326, 407.983555569064));
#6680 = IFCFACE((#6681));
#6681 = IFCFACEOUTERBOUND(#6682, .T.);
#6682 = IFCPOLYLOOP((#6651, #6679, #6647));
#6683 = IFCFACE((#6684));
#6684 = IFCFACEOUTERBOUND(#6685, .T.);
#6685 = IFCPOLYLOOP((#6661, #6679, #6651));
#6686 = IFCFACE((#6687));
#6687 = IFCFACEOUTERBOUND(#6688, .T.);
#6688 = IFCPOLYLOOP((#6679, #6661, #6689));
#6689 = IFCCARTESIANPOINT((5039.29183310819, 9952.45462286326, 407.943547569864));
#6690 = IFCFACE((#6691));
#6691 = IFCFACEOUTERBOUND(#6692, .T.);
#6692 = IFCPOLYLOOP((#6689, #6661, #6674));
#6693 = IFCFACE((#6694));
#6694 = IFCFACEOUTERBOUND(#6695, .T.);
#6695 = IFCPOLYLOOP((#6646, #6674, #6661));
#6696 = IFCFACE((#6697));
#6697 = IFCFACEOUTERBOUND(#6698, .T.);
#6698 = IFCPOLYLOOP((#6647, #6674, #6646));
#6699 = IFCFACE((#6700));
#6700 = IFCFACEOUTERBOUND(#6701, .T.);
#6701 = IFCPOLYLOOP((#6702, #6675, #6703));
#6702 = IFCCARTESIANPOINT((5041.62837119287, 9954.48425419836, 408.005545328228));
#6703 = IFCCARTESIANPOINT((5041.62837119287, 9954.48425419836, 408.045553332335));
#6704 = IFCFACE((#6705));
#6705 = IFCFACEOUTERBOUND(#6706, .T.);
#6706 = IFCPOLYLOOP((#6703, #6675, #6707));
#6707 = IFCCARTESIANPOINT((5039.35980103346, 9952.38127191516, 407.983680513771));
#6708 = IFCFACE((#6709));
#6709 = IFCFACEOUTERBOUND(#6710, .T.);
#6710 = IFCPOLYLOOP((#6679, #6707, #6675));
#6711 = IFCFACE((#6712));
#6712 = IFCFACEOUTERBOUND(#6713, .T.);
#6713 = IFCPOLYLOOP((#6689, #6707, #6679));
#6714 = IFCFACE((#6715));
#6715 = IFCFACEOUTERBOUND(#6716, .T.);
#6716 = IFCPOLYLOOP((#6707, #6689, #6717));
#6717 = IFCCARTESIANPOINT((5039.35980103346, 9952.38127191516, 407.94367251457));
#6718 = IFCFACE((#6719));
#6719 = IFCFACEOUTERBOUND(#6720, .T.);
#6720 = IFCPOLYLOOP((#6717, #6689, #6702));
#6721 = IFCFACE((#6722));
#6722 = IFCFACEOUTERBOUND(#6723, .T.);
#6723 = IFCPOLYLOOP((#6674, #6702, #6689));
#6724 = IFCFACE((#6725));
#6725 = IFCFACEOUTERBOUND(#6726, .T.);
#6726 = IFCPOLYLOOP((#6675, #6702, #6674));
#6727 = IFCFACE((#6728));
#6728 = IFCFACEOUTERBOUND(#6729, .T.);
#6729 = IFCPOLYLOOP((#6730, #6703, #6731));
#6730 = IFCCARTESIANPOINT((5041.69625355618, 9954.41082393366, 408.005667855711));
#6731 = IFCCARTESIANPOINT((5041.69625355618, 9954.41082393366, 408.045675859739));
#6732 = IFCFACE((#6733));
#6733 = IFCFACEOUTERBOUND(#6734, .T.);
#6734 = IFCPOLYLOOP((#6731, #6703, #6735));
#6735 = IFCCARTESIANPOINT((5039.42776895873, 9952.30792096707, 407.983805458514));
#6736 = IFCFACE((#6737));
#6737 = IFCFACEOUTERBOUND(#6738, .T.);
#6738 = IFCPOLYLOOP((#6707, #6735, #6703));
#6739 = IFCFACE((#6740));
#6740 = IFCFACEOUTERBOUND(#6741, .T.);
#6741 = IFCPOLYLOOP((#6717, #6735, #6707));
#6742 = IFCFACE((#6743));
#6743 = IFCFACEOUTERBOUND(#6744, .T.);
#6744 = IFCPOLYLOOP((#6735, #6717, #6745));
#6745 = IFCCARTESIANPOINT((5039.42776895873, 9952.30792096707, 407.943797459314));
#6746 = IFCFACE((#6747));
#6747 = IFCFACEOUTERBOUND(#6748, .T.);
#6748 = IFCPOLYLOOP((#6745, #6717, #6730));
#6749 = IFCFACE((#6750));
#6750 = IFCFACEOUTERBOUND(#6751, .T.);
#6751 = IFCPOLYLOOP((#6702, #6730, #6717));
#6752 = IFCFACE((#6753));
#6753 = IFCFACEOUTERBOUND(#6754, .T.);
#6754 = IFCPOLYLOOP((#6703, #6730, #6702));
#6755 = IFCFACE((#6756));
#6756 = IFCFACEOUTERBOUND(#6757, .T.);
#6757 = IFCPOLYLOOP((#6758, #6731, #6759));
#6758 = IFCCARTESIANPOINT((5041.76413591949, 9954.33739366896, 408.005790383208));
#6759 = IFCCARTESIANPOINT((5041.76413591949, 9954.33739366896, 408.04579838716));
#6760 = IFCFACE((#6761));
#6761 = IFCFACEOUTERBOUND(#6762, .T.);
#6762 = IFCPOLYLOOP((#6759, #6731, #6763));
#6763 = IFCCARTESIANPOINT((5039.495736884, 9952.23457001898, 407.983930403296));
#6764 = IFCFACE((#6765));
#6765 = IFCFACEOUTERBOUND(#6766, .T.);
#6766 = IFCPOLYLOOP((#6735, #6763, #6731));
#6767 = IFCFACE((#6768));
#6768 = IFCFACEOUTERBOUND(#6769, .T.);
#6769 = IFCPOLYLOOP((#6745, #6763, #6735));
#6770 = IFCFACE((#6771));
#6771 = IFCFACEOUTERBOUND(#6772, .T.);
#6772 = IFCPOLYLOOP((#6763, #6745, #6773));
#6773 = IFCCARTESIANPOINT((5039.495736884, 9952.23457001898, 407.943922404097));
#6774 = IFCFACE((#6775));
#6775 = IFCFACEOUTERBOUND(#6776, .T.);
#6776 = IFCPOLYLOOP((#6773, #6745, #6758));
#6777 = IFCFACE((#6778));
#6778 = IFCFACEOUTERBOUND(#6779, .T.);
#6779 = IFCPOLYLOOP((#6730, #6758, #6745));
#6780 = IFCFACE((#6781));
#6781 = IFCFACEOUTERBOUND(#6782, .T.);
#6782 = IFCPOLYLOOP((#6731, #6758, #6730));
#6783 = IFCFACE((#6784));
#6784 = IFCFACEOUTERBOUND(#6785, .T.);
#6785 = IFCPOLYLOOP((#6786, #6759, #6787));
#6786 = IFCCARTESIANPOINT((5041.83201828279, 9954.26396340426, 408.005912910723));
#6787 = IFCCARTESIANPOINT((5041.83201828279, 9954.26396340426, 408.045920914598));
#6788 = IFCFACE((#6789));
#6789 = IFCFACEOUTERBOUND(#6790, .T.);
#6790 = IFCPOLYLOOP((#6787, #6759, #6791));
#6791 = IFCCARTESIANPOINT((5039.56370480927, 9952.16121907089, 407.984055348115));
#6792 = IFCFACE((#6793));
#6793 = IFCFACEOUTERBOUND(#6794, .T.);
#6794 = IFCPOLYLOOP((#6763, #6791, #6759));
#6795 = IFCFACE((#6796));
#6796 = IFCFACEOUTERBOUND(#6797, .T.);
#6797 = IFCPOLYLOOP((#6773, #6791, #6763));
#6798 = IFCFACE((#6799));
#6799 = IFCFACEOUTERBOUND(#6800, .T.);
#6800 = IFCPOLYLOOP((#6791, #6773, #6801));
#6801 = IFCCARTESIANPOINT((5039.56370480927, 9952.16121907089, 407.944047348917));
#6802 = IFCFACE((#6803));
#6803 = IFCFACEOUTERBOUND(#6804, .T.);
#6804 = IFCPOLYLOOP((#6801, #6773, #6786));
#6805 = IFCFACE((#6806));
#6806 = IFCFACEOUTERBOUND(#6807, .T.);
#6807 = IFCPOLYLOOP((#6758, #6786, #6773));
#6808 = IFCFACE((#6809));
#6809 = IFCFACEOUTERBOUND(#6810, .T.);
#6810 = IFCPOLYLOOP((#6759, #6786, #6758));
#6811 = IFCFACE((#6812));
#6812 = IFCFACEOUTERBOUND(#6813, .T.);
#6813 = IFCPOLYLOOP((#6814, #6787, #6815));
#6814 = IFCCARTESIANPOINT((5041.89990064611, 9954.19053313956, 408.006035438254));
#6815 = IFCCARTESIANPOINT((5041.89990064611, 9954.19053313956, 408.046043442052));
#6816 = IFCFACE((#6817));
#6817 = IFCFACEOUTERBOUND(#6818, .T.);
#6818 = IFCPOLYLOOP((#6815, #6787, #6819));
#6819 = IFCCARTESIANPOINT((5039.63167273454, 9952.08786812279, 407.984180292977));
#6820 = IFCFACE((#6821));
#6821 = IFCFACEOUTERBOUND(#6822, .T.);
#6822 = IFCPOLYLOOP((#6791, #6819, #6787));
#6823 = IFCFACE((#6824));
#6824 = IFCFACEOUTERBOUND(#6825, .T.);
#6825 = IFCPOLYLOOP((#6801, #6819, #6791));
#6826 = IFCFACE((#6827));
#6827 = IFCFACEOUTERBOUND(#6828, .T.);
#6828 = IFCPOLYLOOP((#6819, #6801, #6829));
#6829 = IFCCARTESIANPOINT((5039.63167273454, 9952.08786812279, 407.944172293776));
#6830 = IFCFACE((#6831));
#6831 = IFCFACEOUTERBOUND(#6832, .T.);
#6832 = IFCPOLYLOOP((#6829, #6801, #6814));
#6833 = IFCFACE((#6834));
#6834 = IFCFACEOUTERBOUND(#6835, .T.);
#6835 = IFCPOLYLOOP((#6786, #6814, #6801));
#6836 = IFCFACE((#6837));
#6837 = IFCFACEOUTERBOUND(#6838, .T.);
#6838 = IFCPOLYLOOP((#6787, #6814, #6786));
#6839 = IFCFACE((#6840));
#6840 = IFCFACEOUTERBOUND(#6841, .T.);
#6841 = IFCPOLYLOOP((#6842, #6815, #6843));
#6842 = IFCCARTESIANPOINT((5041.96778300942, 9954.11710287486, 408.006157965802));
#6843 = IFCCARTESIANPOINT((5041.96778300942, 9954.11710287486, 408.046165969522));
#6844 = IFCFACE((#6845));
#6845 = IFCFACEOUTERBOUND(#6846, .T.);
#6846 = IFCPOLYLOOP((#6843, #6815, #6847));
#6847 = IFCCARTESIANPOINT((5039.69964065981, 9952.0145171747, 407.984305237871));
#6848 = IFCFACE((#6849));
#6849 = IFCFACEOUTERBOUND(#6850, .T.);
#6850 = IFCPOLYLOOP((#6819, #6847, #6815));
#6851 = IFCFACE((#6852));
#6852 = IFCFACEOUTERBOUND(#6853, .T.);
#6853 = IFCPOLYLOOP((#6829, #6847, #6819));
#6854 = IFCFACE((#6855));
#6855 = IFCFACEOUTERBOUND(#6856, .T.);
#6856 = IFCPOLYLOOP((#6847, #6829, #6857));
#6857 = IFCCARTESIANPOINT((5039.69964065981, 9952.0145171747, 407.944297238673));
#6858 = IFCFACE((#6859));
#6859 = IFCFACEOUTERBOUND(#6860, .T.);
#6860 = IFCPOLYLOOP((#6857, #6829, #6842));
#6861 = IFCFACE((#6862));
#6862 = IFCFACEOUTERBOUND(#6863, .T.);
#6863 = IFCPOLYLOOP((#6814, #6842, #6829));
#6864 = IFCFACE((#6865));
#6865 = IFCFACEOUTERBOUND(#6866, .T.);
#6866 = IFCPOLYLOOP((#6815, #6842, #6814));
#6867 = IFCFACE((#6868));
#6868 = IFCFACEOUTERBOUND(#6869, .T.);
#6869 = IFCPOLYLOOP((#6870, #6843, #6871));
#6870 = IFCCARTESIANPOINT((5042.03566537272, 9954.04367261016, 408.006280493366));
#6871 = IFCCARTESIANPOINT((5042.03566537272, 9954.04367261016, 408.046288497009));
#6872 = IFCFACE((#6873));
#6873 = IFCFACEOUTERBOUND(#6874, .T.);
#6874 = IFCPOLYLOOP((#6871, #6843, #6875));
#6875 = IFCCARTESIANPOINT((5039.76760858508, 9951.94116622661, 407.984430182809));
#6876 = IFCFACE((#6877));
#6877 = IFCFACEOUTERBOUND(#6878, .T.);
#6878 = IFCPOLYLOOP((#6847, #6875, #6843));
#6879 = IFCFACE((#6880));
#6880 = IFCFACEOUTERBOUND(#6881, .T.);
#6881 = IFCPOLYLOOP((#6857, #6875, #6847));
#6882 = IFCFACE((#6883));
#6883 = IFCFACEOUTERBOUND(#6884, .T.);
#6884 = IFCPOLYLOOP((#6875, #6857, #6885));
#6885 = IFCCARTESIANPOINT((5039.76760858508, 9951.94116622661, 407.944422183608));
#6886 = IFCFACE((#6887));
#6887 = IFCFACEOUTERBOUND(#6888, .T.);
#6888 = IFCPOLYLOOP((#6885, #6857, #6870));
#6889 = IFCFACE((#6890));
#6890 = IFCFACEOUTERBOUND(#6891, .T.);
#6891 = IFCPOLYLOOP((#6842, #6870, #6857));
#6892 = IFCFACE((#6893));
#6893 = IFCFACEOUTERBOUND(#6894, .T.);
#6894 = IFCPOLYLOOP((#6843, #6870, #6842));
#6895 = IFCFACE((#6896));
#6896 = IFCFACEOUTERBOUND(#6897, .T.);
#6897 = IFCPOLYLOOP((#6898, #6871, #6899));
#6898 = IFCCARTESIANPOINT((5042.10354773604, 9953.97024234546, 408.006403020945));
#6899 = IFCCARTESIANPOINT((5042.10354773604, 9953.97024234546, 408.046411024512));
#6900 = IFCFACE((#6901));
#6901 = IFCFACEOUTERBOUND(#6902, .T.);
#6902 = IFCPOLYLOOP((#6899, #6871, #6903));
#6903 = IFCCARTESIANPOINT((5039.83557651035, 9951.86781527852, 407.984555127781));
#6904 = IFCFACE((#6905));
#6905 = IFCFACEOUTERBOUND(#6906, .T.);
#6906 = IFCPOLYLOOP((#6875, #6903, #6871));
#6907 = IFCFACE((#6908));
#6908 = IFCFACEOUTERBOUND(#6909, .T.);
#6909 = IFCPOLYLOOP((#6885, #6903, #6875));
#6910 = IFCFACE((#6911));
#6911 = IFCFACEOUTERBOUND(#6912, .T.);
#6912 = IFCPOLYLOOP((#6903, #6885, #6913));
#6913 = IFCCARTESIANPOINT((5039.83557651035, 9951.86781527852, 407.944547128581));
#6914 = IFCFACE((#6915));
#6915 = IFCFACEOUTERBOUND(#6916, .T.);
#6916 = IFCPOLYLOOP((#6913, #6885, #6898));
#6917 = IFCFACE((#6918));
#6918 = IFCFACEOUTERBOUND(#6919, .T.);
#6919 = IFCPOLYLOOP((#6870, #6898, #6885));
#6920 = IFCFACE((#6921));
#6921 = IFCFACEOUTERBOUND(#6922, .T.);
#6922 = IFCPOLYLOOP((#6871, #6898, #6870));
#6923 = IFCFACE((#6924));
#6924 = IFCFACEOUTERBOUND(#6925, .T.);
#6925 = IFCPOLYLOOP((#6926, #6899, #6927));
#6926 = IFCCARTESIANPOINT((5042.17143009935, 9953.89681208076, 408.006525548541));
#6927 = IFCCARTESIANPOINT((5042.17143009935, 9953.89681208076, 408.046533552032));
#6928 = IFCFACE((#6929));
#6929 = IFCFACEOUTERBOUND(#6930, .T.);
#6930 = IFCPOLYLOOP((#6927, #6899, #6931));
#6931 = IFCCARTESIANPOINT((5039.90354443562, 9951.79446433042, 407.984680072792));
#6932 = IFCFACE((#6933));
#6933 = IFCFACEOUTERBOUND(#6934, .T.);
#6934 = IFCPOLYLOOP((#6903, #6931, #6899));
#6935 = IFCFACE((#6936));
#6936 = IFCFACEOUTERBOUND(#6937, .T.);
#6937 = IFCPOLYLOOP((#6913, #6931, #6903));
#6938 = IFCFACE((#6939));
#6939 = IFCFACEOUTERBOUND(#6940, .T.);
#6940 = IFCPOLYLOOP((#6931, #6913, #6941));
#6941 = IFCCARTESIANPOINT((5039.90354443562, 9951.79446433042, 407.944672073592));
#6942 = IFCFACE((#6943));
#6943 = IFCFACEOUTERBOUND(#6944, .T.);
#6944 = IFCPOLYLOOP((#6941, #6913, #6926));
#6945 = IFCFACE((#6946));
#6946 = IFCFACEOUTERBOUND(#6947, .T.);
#6947 = IFCPOLYLOOP((#6898, #6926, #6913));
#6948 = IFCFACE((#6949));
#6949 = IFCFACEOUTERBOUND(#6950, .T.);
#6950 = IFCPOLYLOOP((#6899, #6926, #6898));
#6951 = IFCFACE((#6952));
#6952 = IFCFACEOUTERBOUND(#6953, .T.);
#6953 = IFCPOLYLOOP((#6954, #6927, #6955));
#6954 = IFCCARTESIANPOINT((5042.23931246266, 9953.82338181606, 408.006648076157));
#6955 = IFCCARTESIANPOINT((5042.23931246266, 9953.82338181606, 408.046656079568));
#6956 = IFCFACE((#6957));
#6957 = IFCFACEOUTERBOUND(#6958, .T.);
#6958 = IFCPOLYLOOP((#6955, #6927, #6959));
#6959 = IFCCARTESIANPOINT((5039.97151236089, 9951.72111338233, 407.984805017843));
#6960 = IFCFACE((#6961));
#6961 = IFCFACEOUTERBOUND(#6962, .T.);
#6962 = IFCPOLYLOOP((#6931, #6959, #6927));
#6963 = IFCFACE((#6964));
#6964 = IFCFACEOUTERBOUND(#6965, .T.);
#6965 = IFCPOLYLOOP((#6941, #6959, #6931));
#6966 = IFCFACE((#6967));
#6967 = IFCFACEOUTERBOUND(#6968, .T.);
#6968 = IFCPOLYLOOP((#6959, #6941, #6969));
#6969 = IFCCARTESIANPOINT((5039.97151236089, 9951.72111338233, 407.944797018642));
#6970 = IFCFACE((#6971));
#6971 = IFCFACEOUTERBOUND(#6972, .T.);
#6972 = IFCPOLYLOOP((#6969, #6941, #6954));
#6973 = IFCFACE((#6974));
#6974 = IFCFACEOUTERBOUND(#6975, .T.);
#6975 = IFCPOLYLOOP((#6926, #6954, #6941));
#6976 = IFCFACE((#6977));
#6977 = IFCFACEOUTERBOUND(#6978, .T.);
#6978 = IFCPOLYLOOP((#6927, #6954, #6926));
#6979 = IFCFACE((#6980));
#6980 = IFCFACEOUTERBOUND(#6981, .T.);
#6981 = IFCPOLYLOOP((#6982, #6955, #6983));
#6982 = IFCCARTESIANPOINT((5042.30719482596, 9953.74995155136, 408.006770603785));
#6983 = IFCCARTESIANPOINT((5042.30719482596, 9953.74995155136, 408.046778607119));
#6984 = IFCFACE((#6985));
#6985 = IFCFACEOUTERBOUND(#6986, .T.);
#6986 = IFCPOLYLOOP((#6983, #6955, #6987));
#6987 = IFCCARTESIANPOINT((5040.03948028616, 9951.64776243424, 407.984929962928));
#6988 = IFCFACE((#6989));
#6989 = IFCFACEOUTERBOUND(#6990, .T.);
#6990 = IFCPOLYLOOP((#6959, #6987, #6955));
#6991 = IFCFACE((#6992));
#6992 = IFCFACEOUTERBOUND(#6993, .T.);
#6993 = IFCPOLYLOOP((#6969, #6987, #6959));
#6994 = IFCFACE((#6995));
#6995 = IFCFACEOUTERBOUND(#6996, .T.);
#6996 = IFCPOLYLOOP((#6987, #6969, #6997));
#6997 = IFCCARTESIANPOINT((5040.03948028616, 9951.64776243424, 407.94492196373));
#6998 = IFCFACE((#6999));
#6999 = IFCFACEOUTERBOUND(#7000, .T.);
#7000 = IFCPOLYLOOP((#6997, #6969, #6982));
#7001 = IFCFACE((#7002));
#7002 = IFCFACEOUTERBOUND(#7003, .T.);
#7003 = IFCPOLYLOOP((#6954, #6982, #6969));
#7004 = IFCFACE((#7005));
#7005 = IFCFACEOUTERBOUND(#7006, .T.);
#7006 = IFCPOLYLOOP((#6955, #6982, #6954));
#7007 = IFCFACE((#7008));
#7008 = IFCFACEOUTERBOUND(#7009, .T.);
#7009 = IFCPOLYLOOP((#7010, #6983, #7011));
#7010 = IFCCARTESIANPOINT((5042.37507718928, 9953.67652128666, 408.006893131433));
#7011 = IFCCARTESIANPOINT((5042.37507718928, 9953.67652128666, 408.046901134688));
#7012 = IFCFACE((#7013));
#7013 = IFCFACEOUTERBOUND(#7014, .T.);
#7014 = IFCPOLYLOOP((#7011, #6983, #7015));
#7015 = IFCCARTESIANPOINT((5040.10744821144, 9951.57441148614, 407.985054908055));
#7016 = IFCFACE((#7017));
#7017 = IFCFACEOUTERBOUND(#7018, .T.);
#7018 = IFCPOLYLOOP((#6987, #7015, #6983));
#7019 = IFCFACE((#7020));
#7020 = IFCFACEOUTERBOUND(#7021, .T.);
#7021 = IFCPOLYLOOP((#6997, #7015, #6987));
#7022 = IFCFACE((#7023));
#7023 = IFCFACEOUTERBOUND(#7024, .T.);
#7024 = IFCPOLYLOOP((#7015, #6997, #7025));
#7025 = IFCCARTESIANPOINT((5040.10744821144, 9951.57441148614, 407.945046908856));
#7026 = IFCFACE((#7027));
#7027 = IFCFACEOUTERBOUND(#7028, .T.);
#7028 = IFCPOLYLOOP((#7025, #6997, #7010));
#7029 = IFCFACE((#7030));
#7030 = IFCFACEOUTERBOUND(#7031, .T.);
#7031 = IFCPOLYLOOP((#6982, #7010, #6997));
#7032 = IFCFACE((#7033));
#7033 = IFCFACEOUTERBOUND(#7034, .T.);
#7034 = IFCPOLYLOOP((#6983, #7010, #6982));
#7035 = IFCFACE((#7036));
#7036 = IFCFACEOUTERBOUND(#7037, .T.);
#7037 = IFCPOLYLOOP((#7038, #7011, #7039));
#7038 = IFCCARTESIANPOINT((5042.44295955259, 9953.60309102196, 408.007015659094));
#7039 = IFCCARTESIANPOINT((5042.44295955259, 9953.60309102196, 408.047023662274));
#7040 = IFCFACE((#7041));
#7041 = IFCFACEOUTERBOUND(#7042, .T.);
#7042 = IFCPOLYLOOP((#7039, #7011, #7043));
#7043 = IFCCARTESIANPOINT((5040.17541613671, 9951.50106053805, 407.98517985322));
#7044 = IFCFACE((#7045));
#7045 = IFCFACEOUTERBOUND(#7046, .T.);
#7046 = IFCPOLYLOOP((#7015, #7043, #7011));
#7047 = IFCFACE((#7048));
#7048 = IFCFACEOUTERBOUND(#7049, .T.);
#7049 = IFCPOLYLOOP((#7025, #7043, #7015));
#7050 = IFCFACE((#7051));
#7051 = IFCFACEOUTERBOUND(#7052, .T.);
#7052 = IFCPOLYLOOP((#7043, #7025, #7053));
#7053 = IFCCARTESIANPOINT((5040.17541613671, 9951.50106053805, 407.94517185402));
#7054 = IFCFACE((#7055));
#7055 = IFCFACEOUTERBOUND(#7056, .T.);
#7056 = IFCPOLYLOOP((#7053, #7025, #7038));
#7057 = IFCFACE((#7058));
#7058 = IFCFACEOUTERBOUND(#7059, .T.);
#7059 = IFCPOLYLOOP((#7010, #7038, #7025));
#7060 = IFCFACE((#7061));
#7061 = IFCFACEOUTERBOUND(#7062, .T.);
#7062 = IFCPOLYLOOP((#7011, #7038, #7010));
#7063 = IFCFACE((#7064));
#7064 = IFCFACEOUTERBOUND(#7065, .T.);
#7065 = IFCPOLYLOOP((#7066, #7039, #7067));
#7066 = IFCCARTESIANPOINT((5042.51084191589, 9953.52966075726, 408.007138186773));
#7067 = IFCCARTESIANPOINT((5042.51084191589, 9953.52966075726, 408.047146189875));
#7068 = IFCFACE((#7069));
#7069 = IFCFACEOUTERBOUND(#7070, .T.);
#7070 = IFCPOLYLOOP((#7067, #7039, #7071));
#7071 = IFCCARTESIANPOINT((5040.24338406198, 9951.42770958996, 407.985304798422));
#7072 = IFCFACE((#7073));
#7073 = IFCFACEOUTERBOUND(#7074, .T.);
#7074 = IFCPOLYLOOP((#7043, #7071, #7039));
#7075 = IFCFACE((#7076));
#7076 = IFCFACEOUTERBOUND(#7077, .T.);
#7077 = IFCPOLYLOOP((#7053, #7071, #7043));
#7078 = IFCFACE((#7079));
#7079 = IFCFACEOUTERBOUND(#7080, .T.);
#7080 = IFCPOLYLOOP((#7071, #7053, #7081));
#7081 = IFCCARTESIANPOINT((5040.24338406198, 9951.42770958996, 407.945296799222));
#7082 = IFCFACE((#7083));
#7083 = IFCFACEOUTERBOUND(#7084, .T.);
#7084 = IFCPOLYLOOP((#7081, #7053, #7066));
#7085 = IFCFACE((#7086));
#7086 = IFCFACEOUTERBOUND(#7087, .T.);
#7087 = IFCPOLYLOOP((#7038, #7066, #7053));
#7088 = IFCFACE((#7089));
#7089 = IFCFACEOUTERBOUND(#7090, .T.);
#7090 = IFCPOLYLOOP((#7039, #7066, #7038));
#7091 = IFCFACE((#7092));
#7092 = IFCFACEOUTERBOUND(#7093, .T.);
#7093 = IFCPOLYLOOP((#7094, #7067, #7095));
#7094 = IFCCARTESIANPOINT((5042.5787242792, 9953.45623049256, 408.007260714468));
#7095 = IFCCARTESIANPOINT((5042.5787242792, 9953.45623049256, 408.047268717494));
#7096 = IFCFACE((#7097));
#7097 = IFCFACEOUTERBOUND(#7098, .T.);
#7098 = IFCPOLYLOOP((#7095, #7067, #7099));
#7099 = IFCCARTESIANPOINT((5040.31135198725, 9951.35435864187, 407.985429743665));
#7100 = IFCFACE((#7101));
#7101 = IFCFACEOUTERBOUND(#7102, .T.);
#7102 = IFCPOLYLOOP((#7071, #7099, #7067));
#7103 = IFCFACE((#7104));
#7104 = IFCFACEOUTERBOUND(#7105, .T.);
#7105 = IFCPOLYLOOP((#7081, #7099, #7071));
#7106 = IFCFACE((#7107));
#7107 = IFCFACEOUTERBOUND(#7108, .T.);
#7108 = IFCPOLYLOOP((#7099, #7081, #7109));
#7109 = IFCCARTESIANPOINT((5040.31135198725, 9951.35435864187, 407.945421744463));
#7110 = IFCFACE((#7111));
#7111 = IFCFACEOUTERBOUND(#7112, .T.);
#7112 = IFCPOLYLOOP((#7109, #7081, #7094));
#7113 = IFCFACE((#7114));
#7114 = IFCFACEOUTERBOUND(#7115, .T.);
#7115 = IFCPOLYLOOP((#7066, #7094, #7081));
#7116 = IFCFACE((#7117));
#7117 = IFCFACEOUTERBOUND(#7118, .T.);
#7118 = IFCPOLYLOOP((#7067, #7094, #7066));
#7119 = IFCFACE((#7120));
#7120 = IFCFACEOUTERBOUND(#7121, .T.);
#7121 = IFCPOLYLOOP((#7122, #7095, #7123));
#7122 = IFCCARTESIANPOINT((5042.64660664251, 9953.38280022786, 408.007383242179));
#7123 = IFCCARTESIANPOINT((5042.64660664251, 9953.38280022786, 408.047391245128));
#7124 = IFCFACE((#7125));
#7125 = IFCFACEOUTERBOUND(#7126, .T.);
#7126 = IFCPOLYLOOP((#7123, #7095, #7127));
#7127 = IFCCARTESIANPOINT((5040.37931991252, 9951.28100769377, 407.985554688941));
#7128 = IFCFACE((#7129));
#7129 = IFCFACEOUTERBOUND(#7130, .T.);
#7130 = IFCPOLYLOOP((#7099, #7127, #7095));
#7131 = IFCFACE((#7132));
#7132 = IFCFACEOUTERBOUND(#7133, .T.);
#7133 = IFCPOLYLOOP((#7109, #7127, #7099));
#7134 = IFCFACE((#7135));
#7135 = IFCFACEOUTERBOUND(#7136, .T.);
#7136 = IFCPOLYLOOP((#7127, #7109, #7137));
#7137 = IFCCARTESIANPOINT((5040.37931991252, 9951.28100769377, 407.945546689741));
#7138 = IFCFACE((#7139));
#7139 = IFCFACEOUTERBOUND(#7140, .T.);
#7140 = IFCPOLYLOOP((#7137, #7109, #7122));
#7141 = IFCFACE((#7142));
#7142 = IFCFACEOUTERBOUND(#7143, .T.);
#7143 = IFCPOLYLOOP((#7094, #7122, #7109));
#7144 = IFCFACE((#7145));
#7145 = IFCFACEOUTERBOUND(#7146, .T.);
#7146 = IFCPOLYLOOP((#7095, #7122, #7094));
#7147 = IFCFACE((#7148));
#7148 = IFCFACEOUTERBOUND(#7149, .T.);
#7149 = IFCPOLYLOOP((#7150, #7123, #7151));
#7150 = IFCCARTESIANPOINT((5042.71448900582, 9953.30936996316, 408.007505769906));
#7151 = IFCCARTESIANPOINT((5042.71448900582, 9953.30936996316, 408.047513772778));
#7152 = IFCFACE((#7153));
#7153 = IFCFACEOUTERBOUND(#7154, .T.);
#7154 = IFCPOLYLOOP((#7151, #7123, #7155));
#7155 = IFCCARTESIANPOINT((5040.44728783779, 9951.20765674568, 407.985679634257));
#7156 = IFCFACE((#7157));
#7157 = IFCFACEOUTERBOUND(#7158, .T.);
#7158 = IFCPOLYLOOP((#7127, #7155, #7123));
#7159 = IFCFACE((#7160));
#7160 = IFCFACEOUTERBOUND(#7161, .T.);
#7161 = IFCPOLYLOOP((#7137, #7155, #7127));
#7162 = IFCFACE((#7163));
#7163 = IFCFACEOUTERBOUND(#7164, .T.);
#7164 = IFCPOLYLOOP((#7155, #7137, #7165));
#7165 = IFCCARTESIANPOINT((5040.44728783779, 9951.20765674568, 407.945671635058));
#7166 = IFCFACE((#7167));
#7167 = IFCFACEOUTERBOUND(#7168, .T.);
#7168 = IFCPOLYLOOP((#7165, #7137, #7150));
#7169 = IFCFACE((#7170));
#7170 = IFCFACEOUTERBOUND(#7171, .T.);
#7171 = IFCPOLYLOOP((#7122, #7150, #7137));
#7172 = IFCFACE((#7173));
#7173 = IFCFACEOUTERBOUND(#7174, .T.);
#7174 = IFCPOLYLOOP((#7123, #7150, #7122));
#7175 = IFCFACE((#7176));
#7176 = IFCFACEOUTERBOUND(#7177, .T.);
#7177 = IFCPOLYLOOP((#7178, #7151, #7179));
#7178 = IFCCARTESIANPOINT((5042.78237136914, 9953.23593969847, 408.00762829765));
#7179 = IFCCARTESIANPOINT((5042.78237136914, 9953.23593969847, 408.047636300446));
#7180 = IFCFACE((#7181));
#7181 = IFCFACEOUTERBOUND(#7182, .T.);
#7182 = IFCPOLYLOOP((#7179, #7151, #7183));
#7183 = IFCCARTESIANPOINT((5040.51525576306, 9951.13430579759, 407.985804579614));
#7184 = IFCFACE((#7185));
#7185 = IFCFACEOUTERBOUND(#7186, .T.);
#7186 = IFCPOLYLOOP((#7155, #7183, #7151));
#7187 = IFCFACE((#7188));
#7188 = IFCFACEOUTERBOUND(#7189, .T.);
#7189 = IFCPOLYLOOP((#7165, #7183, #7155));
#7190 = IFCFACE((#7191));
#7191 = IFCFACEOUTERBOUND(#7192, .T.);
#7192 = IFCPOLYLOOP((#7183, #7165, #7193));
#7193 = IFCCARTESIANPOINT((5040.51525576306, 9951.13430579759, 407.945796580413));
#7194 = IFCFACE((#7195));
#7195 = IFCFACEOUTERBOUND(#7196, .T.);
#7196 = IFCPOLYLOOP((#7193, #7165, #7178));
#7197 = IFCFACE((#7198));
#7198 = IFCFACEOUTERBOUND(#7199, .T.);
#7199 = IFCPOLYLOOP((#7150, #7178, #7165));
#7200 = IFCFACE((#7201));
#7201 = IFCFACEOUTERBOUND(#7202, .T.);
#7202 = IFCPOLYLOOP((#7151, #7178, #7150));
#7203 = IFCFACE((#7204));
#7204 = IFCFACEOUTERBOUND(#7205, .T.);
#7205 = IFCPOLYLOOP((#7206, #7179, #7207));
#7206 = IFCCARTESIANPOINT((5042.85025373244, 9953.16250943377, 408.007750825411));
#7207 = IFCCARTESIANPOINT((5042.85025373244, 9953.16250943377, 408.04775882813));
#7208 = IFCFACE((#7209));
#7209 = IFCFACEOUTERBOUND(#7210, .T.);
#7210 = IFCPOLYLOOP((#7207, #7179, #7211));
#7211 = IFCCARTESIANPOINT((5040.58322368833, 9951.06095484949, 407.985929525006));
#7212 = IFCFACE((#7213));
#7213 = IFCFACEOUTERBOUND(#7214, .T.);
#7214 = IFCPOLYLOOP((#7183, #7211, #7179));
#7215 = IFCFACE((#7216));
#7216 = IFCFACEOUTERBOUND(#7217, .T.);
#7217 = IFCPOLYLOOP((#7193, #7211, #7183));
#7218 = IFCFACE((#7219));
#7219 = IFCFACEOUTERBOUND(#7220, .T.);
#7220 = IFCPOLYLOOP((#7211, #7193, #7221));
#7221 = IFCCARTESIANPOINT((5040.58322368833, 9951.06095484949, 407.945921525806));
#7222 = IFCFACE((#7223));
#7223 = IFCFACEOUTERBOUND(#7224, .T.);
#7224 = IFCPOLYLOOP((#7221, #7193, #7206));
#7225 = IFCFACE((#7226));
#7226 = IFCFACEOUTERBOUND(#7227, .T.);
#7227 = IFCPOLYLOOP((#7178, #7206, #7193));
#7228 = IFCFACE((#7229));
#7229 = IFCFACEOUTERBOUND(#7230, .T.);
#7230 = IFCPOLYLOOP((#7179, #7206, #7178));
#7231 = IFCFACE((#7232));
#7232 = IFCFACEOUTERBOUND(#7233, .T.);
#7233 = IFCPOLYLOOP((#7234, #7207, #7235));
#7234 = IFCCARTESIANPOINT((5042.91813609576, 9953.08907916907, 408.007873353188));
#7235 = IFCCARTESIANPOINT((5042.91813609576, 9953.08907916907, 408.04788135583));
#7236 = IFCFACE((#7237));
#7237 = IFCFACEOUTERBOUND(#7238, .T.);
#7238 = IFCPOLYLOOP((#7235, #7207, #7239));
#7239 = IFCCARTESIANPOINT((5040.6511916136, 9950.9876039014, 407.986054470437));
#7240 = IFCFACE((#7241));
#7241 = IFCFACEOUTERBOUND(#7242, .T.);
#7242 = IFCPOLYLOOP((#7211, #7239, #7207));
#7243 = IFCFACE((#7244));
#7244 = IFCFACEOUTERBOUND(#7245, .T.);
#7245 = IFCPOLYLOOP((#7221, #7239, #7211));
#7246 = IFCFACE((#7247));
#7247 = IFCFACEOUTERBOUND(#7248, .T.);
#7248 = IFCPOLYLOOP((#7239, #7221, #7249));
#7249 = IFCCARTESIANPOINT((5040.6511916136, 9950.9876039014, 407.946046471238));
#7250 = IFCFACE((#7251));
#7251 = IFCFACEOUTERBOUND(#7252, .T.);
#7252 = IFCPOLYLOOP((#7249, #7221, #7234));
#7253 = IFCFACE((#7254));
#7254 = IFCFACEOUTERBOUND(#7255, .T.);
#7255 = IFCPOLYLOOP((#7206, #7234, #7221));
#7256 = IFCFACE((#7257));
#7257 = IFCFACEOUTERBOUND(#7258, .T.);
#7258 = IFCPOLYLOOP((#7207, #7234, #7206));
#7259 = IFCFACE((#7260));
#7260 = IFCFACEOUTERBOUND(#7261, .T.);
#7261 = IFCPOLYLOOP((#7262, #7235, #7263));
#7262 = IFCCARTESIANPOINT((5042.98601845906, 9953.01564890437, 408.007995880981));
#7263 = IFCCARTESIANPOINT((5042.98601845906, 9953.01564890437, 408.048003883547));
#7264 = IFCFACE((#7265));
#7265 = IFCFACEOUTERBOUND(#7266, .T.);
#7266 = IFCPOLYLOOP((#7263, #7235, #7267));
#7267 = IFCCARTESIANPOINT((5040.71915953887, 9950.91425295331, 407.98617941591));
#7268 = IFCFACE((#7269));
#7269 = IFCFACEOUTERBOUND(#7270, .T.);
#7270 = IFCPOLYLOOP((#7239, #7267, #7235));
#7271 = IFCFACE((#7272));
#7272 = IFCFACEOUTERBOUND(#7273, .T.);
#7273 = IFCPOLYLOOP((#7249, #7267, #7239));
#7274 = IFCFACE((#7275));
#7275 = IFCFACEOUTERBOUND(#7276, .T.);
#7276 = IFCPOLYLOOP((#7267, #7249, #7277));
#7277 = IFCCARTESIANPOINT((5040.71915953887, 9950.91425295331, 407.946171416707));
#7278 = IFCFACE((#7279));
#7279 = IFCFACEOUTERBOUND(#7280, .T.);
#7280 = IFCPOLYLOOP((#7277, #7249, #7262));
#7281 = IFCFACE((#7282));
#7282 = IFCFACEOUTERBOUND(#7283, .T.);
#7283 = IFCPOLYLOOP((#7234, #7262, #7249));
#7284 = IFCFACE((#7285));
#7285 = IFCFACEOUTERBOUND(#7286, .T.);
#7286 = IFCPOLYLOOP((#7235, #7262, #7234));
#7287 = IFCFACE((#7288));
#7288 = IFCFACEOUTERBOUND(#7289, .T.);
#7289 = IFCPOLYLOOP((#7290, #7263, #7291));
#7290 = IFCCARTESIANPOINT((5043.05390082237, 9952.94221863967, 408.00811840879));
#7291 = IFCCARTESIANPOINT((5043.05390082237, 9952.94221863967, 408.04812641128));
#7292 = IFCFACE((#7293));
#7293 = IFCFACEOUTERBOUND(#7294, .T.);
#7294 = IFCPOLYLOOP((#7291, #7263, #7295));
#7295 = IFCCARTESIANPOINT((5040.78712746414, 9950.84090200522, 407.986304361417));
#7296 = IFCFACE((#7297));
#7297 = IFCFACEOUTERBOUND(#7298, .T.);
#7298 = IFCPOLYLOOP((#7267, #7295, #7263));
#7299 = IFCFACE((#7300));
#7300 = IFCFACEOUTERBOUND(#7301, .T.);
#7301 = IFCPOLYLOOP((#7277, #7295, #7267));
#7302 = IFCFACE((#7303));
#7303 = IFCFACEOUTERBOUND(#7304, .T.);
#7304 = IFCPOLYLOOP((#7295, #7277, #7305));
#7305 = IFCCARTESIANPOINT((5040.78712746414, 9950.84090200522, 407.946296362215));
#7306 = IFCFACE((#7307));
#7307 = IFCFACEOUTERBOUND(#7308, .T.);
#7308 = IFCPOLYLOOP((#7305, #7277, #7290));
#7309 = IFCFACE((#7310));
#7310 = IFCFACEOUTERBOUND(#7311, .T.);
#7311 = IFCPOLYLOOP((#7262, #7290, #7277));
#7312 = IFCFACE((#7313));
#7313 = IFCFACEOUTERBOUND(#7314, .T.);
#7314 = IFCPOLYLOOP((#7263, #7290, #7262));
#7315 = IFCFACE((#7316));
#7316 = IFCFACEOUTERBOUND(#7317, .T.);
#7317 = IFCPOLYLOOP((#7318, #7291, #7319));
#7318 = IFCCARTESIANPOINT((5043.12178318568, 9952.86878837497, 408.008240936617));
#7319 = IFCCARTESIANPOINT((5043.12178318568, 9952.86878837497, 408.048248939029));
#7320 = IFCFACE((#7321));
#7321 = IFCFACEOUTERBOUND(#7322, .T.);
#7322 = IFCPOLYLOOP((#7319, #7291, #7323));
#7323 = IFCCARTESIANPOINT((5040.85509538941, 9950.76755105712, 407.98642930696));
#7324 = IFCFACE((#7325));
#7325 = IFCFACEOUTERBOUND(#7326, .T.);
#7326 = IFCPOLYLOOP((#7295, #7323, #7291));
#7327 = IFCFACE((#7328));
#7328 = IFCFACEOUTERBOUND(#7329, .T.);
#7329 = IFCPOLYLOOP((#7305, #7323, #7295));
#7330 = IFCFACE((#7331));
#7331 = IFCFACEOUTERBOUND(#7332, .T.);
#7332 = IFCPOLYLOOP((#7323, #7305, #7333));
#7333 = IFCCARTESIANPOINT((5040.85509538941, 9950.76755105712, 407.946421307761));
#7334 = IFCFACE((#7335));
#7335 = IFCFACEOUTERBOUND(#7336, .T.);
#7336 = IFCPOLYLOOP((#7333, #7305, #7318));
#7337 = IFCFACE((#7338));
#7338 = IFCFACEOUTERBOUND(#7339, .T.);
#7339 = IFCPOLYLOOP((#7290, #7318, #7305));
#7340 = IFCFACE((#7341));
#7341 = IFCFACEOUTERBOUND(#7342, .T.);
#7342 = IFCPOLYLOOP((#7291, #7318, #7290));
#7343 = IFCFACE((#7344));
#7344 = IFCFACEOUTERBOUND(#7345, .T.);
#7345 = IFCPOLYLOOP((#7346, #7319, #7347));
#7346 = IFCCARTESIANPOINT((5043.189665549, 9952.79535811027, 408.008363464461));
#7347 = IFCCARTESIANPOINT((5043.189665549, 9952.79535811027, 408.048371466795));
#7348 = IFCFACE((#7349));
#7349 = IFCFACEOUTERBOUND(#7350, .T.);
#7350 = IFCPOLYLOOP((#7347, #7319, #7351));
#7351 = IFCCARTESIANPOINT((5040.92306331468, 9950.69420010903, 407.986554252546));
#7352 = IFCFACE((#7353));
#7353 = IFCFACEOUTERBOUND(#7354, .T.);
#7354 = IFCPOLYLOOP((#7323, #7351, #7319));
#7355 = IFCFACE((#7356));
#7356 = IFCFACEOUTERBOUND(#7357, .T.);
#7357 = IFCPOLYLOOP((#7333, #7351, #7323));
#7358 = IFCFACE((#7359));
#7359 = IFCFACEOUTERBOUND(#7360, .T.);
#7360 = IFCPOLYLOOP((#7351, #7333, #7361));
#7361 = IFCCARTESIANPOINT((5040.92306331468, 9950.69420010903, 407.946546253345));
#7362 = IFCFACE((#7363));
#7363 = IFCFACEOUTERBOUND(#7364, .T.);
#7364 = IFCPOLYLOOP((#7361, #7333, #7346));
#7365 = IFCFACE((#7366));
#7366 = IFCFACEOUTERBOUND(#7367, .T.);
#7367 = IFCPOLYLOOP((#7318, #7346, #7333));
#7368 = IFCFACE((#7369));
#7369 = IFCFACEOUTERBOUND(#7370, .T.);
#7370 = IFCPOLYLOOP((#7319, #7346, #7318));
#7371 = IFCFACE((#7372));
#7372 = IFCFACEOUTERBOUND(#7373, .T.);
#7373 = IFCPOLYLOOP((#7374, #7347, #7375));
#7374 = IFCCARTESIANPOINT((5043.2575479123, 9952.72192784557, 408.008485992322));
#7375 = IFCCARTESIANPOINT((5043.2575479123, 9952.72192784557, 408.048493994578));
#7376 = IFCFACE((#7377));
#7377 = IFCFACEOUTERBOUND(#7378, .T.);
#7378 = IFCPOLYLOOP((#7375, #7347, #7379));
#7379 = IFCCARTESIANPOINT((5040.99103123995, 9950.62084916094, 407.986679198168));
#7380 = IFCFACE((#7381));
#7381 = IFCFACEOUTERBOUND(#7382, .T.);
#7382 = IFCPOLYLOOP((#7351, #7379, #7347));
#7383 = IFCFACE((#7384));
#7384 = IFCFACEOUTERBOUND(#7385, .T.);
#7385 = IFCPOLYLOOP((#7361, #7379, #7351));
#7386 = IFCFACE((#7387));
#7387 = IFCFACEOUTERBOUND(#7388, .T.);
#7388 = IFCPOLYLOOP((#7379, #7361, #7389));
#7389 = IFCCARTESIANPOINT((5040.99103123995, 9950.62084916094, 407.946671198967));
#7390 = IFCFACE((#7391));
#7391 = IFCFACEOUTERBOUND(#7392, .T.);
#7392 = IFCPOLYLOOP((#7389, #7361, #7374));
#7393 = IFCFACE((#7394));
#7394 = IFCFACEOUTERBOUND(#7395, .T.);
#7395 = IFCPOLYLOOP((#7346, #7374, #7361));
#7396 = IFCFACE((#7397));
#7397 = IFCFACEOUTERBOUND(#7398, .T.);
#7398 = IFCPOLYLOOP((#7347, #7374, #7346));
#7399 = IFCFACE((#7400));
#7400 = IFCFACEOUTERBOUND(#7401, .T.);
#7401 = IFCPOLYLOOP((#7402, #7375, #7403));
#7402 = IFCCARTESIANPOINT((5043.32543027561, 9952.64849758087, 408.008608520195));
#7403 = IFCCARTESIANPOINT((5043.32543027561, 9952.64849758087, 408.048616522376));
#7404 = IFCFACE((#7405));
#7405 = IFCFACEOUTERBOUND(#7406, .T.);
#7406 = IFCPOLYLOOP((#7403, #7375, #7407));
#7407 = IFCCARTESIANPOINT((5041.05899916522, 9950.54749821285, 407.986804143828));
#7408 = IFCFACE((#7409));
#7409 = IFCFACEOUTERBOUND(#7410, .T.);
#7410 = IFCPOLYLOOP((#7379, #7407, #7375));
#7411 = IFCFACE((#7412));
#7412 = IFCFACEOUTERBOUND(#7413, .T.);
#7413 = IFCPOLYLOOP((#7389, #7407, #7379));
#7414 = IFCFACE((#7415));
#7415 = IFCFACEOUTERBOUND(#7416, .T.);
#7416 = IFCPOLYLOOP((#7407, #7389, #7417));
#7417 = IFCCARTESIANPOINT((5041.05899916522, 9950.54749821285, 407.946796144628));
#7418 = IFCFACE((#7419));
#7419 = IFCFACEOUTERBOUND(#7420, .T.);
#7420 = IFCPOLYLOOP((#7417, #7389, #7402));
#7421 = IFCFACE((#7422));
#7422 = IFCFACEOUTERBOUND(#7423, .T.);
#7423 = IFCPOLYLOOP((#7374, #7402, #7389));
#7424 = IFCFACE((#7425));
#7425 = IFCFACEOUTERBOUND(#7426, .T.);
#7426 = IFCPOLYLOOP((#7375, #7402, #7374));
#7427 = IFCFACE((#7428));
#7428 = IFCFACEOUTERBOUND(#7429, .T.);
#7429 = IFCPOLYLOOP((#7430, #7403, #7431));
#7430 = IFCCARTESIANPOINT((5043.39331263892, 9952.57506731617, 408.008731048088));
#7431 = IFCCARTESIANPOINT((5043.39331263892, 9952.57506731617, 408.048739050192));
#7432 = IFCFACE((#7433));
#7433 = IFCFACEOUTERBOUND(#7434, .T.);
#7434 = IFCPOLYLOOP((#7431, #7403, #7435));
#7435 = IFCCARTESIANPOINT((5041.12696709049, 9950.47414726475, 407.986929089526));
#7436 = IFCFACE((#7437));
#7437 = IFCFACEOUTERBOUND(#7438, .T.);
#7438 = IFCPOLYLOOP((#7407, #7435, #7403));
#7439 = IFCFACE((#7440));
#7440 = IFCFACEOUTERBOUND(#7441, .T.);
#7441 = IFCPOLYLOOP((#7417, #7435, #7407));
#7442 = IFCFACE((#7443));
#7443 = IFCFACEOUTERBOUND(#7444, .T.);
#7444 = IFCPOLYLOOP((#7435, #7417, #7445));
#7445 = IFCCARTESIANPOINT((5041.12696709049, 9950.47414726475, 407.946921090326));
#7446 = IFCFACE((#7447));
#7447 = IFCFACEOUTERBOUND(#7448, .T.);
#7448 = IFCPOLYLOOP((#7445, #7417, #7430));
#7449 = IFCFACE((#7450));
#7450 = IFCFACEOUTERBOUND(#7451, .T.);
#7451 = IFCPOLYLOOP((#7402, #7430, #7417));
#7452 = IFCFACE((#7453));
#7453 = IFCFACEOUTERBOUND(#7454, .T.);
#7454 = IFCPOLYLOOP((#7403, #7430, #7402));
#7455 = IFCFACE((#7456));
#7456 = IFCFACEOUTERBOUND(#7457, .T.);
#7457 = IFCPOLYLOOP((#7458, #7431, #7459));
#7458 = IFCCARTESIANPOINT((5043.46119500223, 9952.50163705147, 408.008853575999));
#7459 = IFCCARTESIANPOINT((5043.46119500223, 9952.50163705147, 408.048861578024));
#7460 = IFCFACE((#7461));
#7461 = IFCFACEOUTERBOUND(#7462, .T.);
#7462 = IFCPOLYLOOP((#7459, #7431, #7463));
#7463 = IFCCARTESIANPOINT((5041.19493501576, 9950.40079631666, 407.987054035264));
#7464 = IFCFACE((#7465));
#7465 = IFCFACEOUTERBOUND(#7466, .T.);
#7466 = IFCPOLYLOOP((#7435, #7463, #7431));
#7467 = IFCFACE((#7468));
#7468 = IFCFACEOUTERBOUND(#7469, .T.);
#7469 = IFCPOLYLOOP((#7445, #7463, #7435));
#7470 = IFCFACE((#7471));
#7471 = IFCFACEOUTERBOUND(#7472, .T.);
#7472 = IFCPOLYLOOP((#7463, #7445, #7473));
#7473 = IFCCARTESIANPOINT((5041.19493501576, 9950.40079631666, 407.947046036063));
#7474 = IFCFACE((#7475));
#7475 = IFCFACEOUTERBOUND(#7476, .T.);
#7476 = IFCPOLYLOOP((#7473, #7445, #7458));
#7477 = IFCFACE((#7478));
#7478 = IFCFACEOUTERBOUND(#7479, .T.);
#7479 = IFCPOLYLOOP((#7430, #7458, #7445));
#7480 = IFCFACE((#7481));
#7481 = IFCFACEOUTERBOUND(#7482, .T.);
#7482 = IFCPOLYLOOP((#7431, #7458, #7430));
#7483 = IFCFACE((#7484));
#7484 = IFCFACEOUTERBOUND(#7485, .T.);
#7485 = IFCPOLYLOOP((#7486, #7459, #7487));
#7486 = IFCCARTESIANPOINT((5043.52907736554, 9952.42820678677, 408.008976103924));
#7487 = IFCCARTESIANPOINT((5043.52907736554, 9952.42820678677, 408.048984105872));
#7488 = IFCFACE((#7489));
#7489 = IFCFACEOUTERBOUND(#7490, .T.);
#7490 = IFCPOLYLOOP((#7487, #7459, #7491));
#7491 = IFCCARTESIANPOINT((5041.26290294103, 9950.32744536857, 407.987178981037));
#7492 = IFCFACE((#7493));
#7493 = IFCFACEOUTERBOUND(#7494, .T.);
#7494 = IFCPOLYLOOP((#7463, #7491, #7459));
#7495 = IFCFACE((#7496));
#7496 = IFCFACEOUTERBOUND(#7497, .T.);
#7497 = IFCPOLYLOOP((#7473, #7491, #7463));
#7498 = IFCFACE((#7499));
#7499 = IFCFACEOUTERBOUND(#7500, .T.);
#7500 = IFCPOLYLOOP((#7491, #7473, #7501));
#7501 = IFCCARTESIANPOINT((5041.26290294103, 9950.32744536857, 407.947170981838));
#7502 = IFCFACE((#7503));
#7503 = IFCFACEOUTERBOUND(#7504, .T.);
#7504 = IFCPOLYLOOP((#7501, #7473, #7486));
#7505 = IFCFACE((#7506));
#7506 = IFCFACEOUTERBOUND(#7507, .T.);
#7507 = IFCPOLYLOOP((#7458, #7486, #7473));
#7508 = IFCFACE((#7509));
#7509 = IFCFACEOUTERBOUND(#7510, .T.);
#7510 = IFCPOLYLOOP((#7459, #7486, #7458));
#7511 = IFCFACE((#7512));
#7512 = IFCFACEOUTERBOUND(#7513, .T.);
#7513 = IFCPOLYLOOP((#7514, #7487, #7515));
#7514 = IFCCARTESIANPOINT((5043.59695972885, 9952.35477652207, 408.009098631866));
#7515 = IFCCARTESIANPOINT((5043.59695972885, 9952.35477652207, 408.049106633737));
#7516 = IFCFACE((#7517));
#7517 = IFCFACEOUTERBOUND(#7518, .T.);
#7518 = IFCPOLYLOOP((#7515, #7487, #7519));
#7519 = IFCCARTESIANPOINT((5041.3308708663, 9950.25409442047, 407.987303926851));
#7520 = IFCFACE((#7521));
#7521 = IFCFACEOUTERBOUND(#7522, .T.);
#7522 = IFCPOLYLOOP((#7491, #7519, #7487));
#7523 = IFCFACE((#7524));
#7524 = IFCFACEOUTERBOUND(#7525, .T.);
#7525 = IFCPOLYLOOP((#7501, #7519, #7491));
#7526 = IFCFACE((#7527));
#7527 = IFCFACEOUTERBOUND(#7528, .T.);
#7528 = IFCPOLYLOOP((#7519, #7501, #7529));
#7529 = IFCCARTESIANPOINT((5041.3308708663, 9950.25409442047, 407.947295927651));
#7530 = IFCFACE((#7531));
#7531 = IFCFACEOUTERBOUND(#7532, .T.);
#7532 = IFCPOLYLOOP((#7529, #7501, #7514));
#7533 = IFCFACE((#7534));
#7534 = IFCFACEOUTERBOUND(#7535, .T.);
#7535 = IFCPOLYLOOP((#7486, #7514, #7501));
#7536 = IFCFACE((#7537));
#7537 = IFCFACEOUTERBOUND(#7538, .T.);
#7538 = IFCPOLYLOOP((#7487, #7514, #7486));
#7539 = IFCFACE((#7540));
#7540 = IFCFACEOUTERBOUND(#7541, .T.);
#7541 = IFCPOLYLOOP((#7542, #7515, #7543));
#7542 = IFCCARTESIANPOINT((5043.66484209216, 9952.28134625737, 408.009221159825));
#7543 = IFCCARTESIANPOINT((5043.66484209216, 9952.28134625737, 408.049229161618));
#7544 = IFCFACE((#7545));
#7545 = IFCFACEOUTERBOUND(#7546, .T.);
#7546 = IFCPOLYLOOP((#7543, #7515, #7547));
#7547 = IFCCARTESIANPOINT((5041.39883879158, 9950.18074347238, 407.987428872702));
#7548 = IFCFACE((#7549));
#7549 = IFCFACEOUTERBOUND(#7550, .T.);
#7550 = IFCPOLYLOOP((#7519, #7547, #7515));
#7551 = IFCFACE((#7552));
#7552 = IFCFACEOUTERBOUND(#7553, .T.);
#7553 = IFCPOLYLOOP((#7529, #7547, #7519));
#7554 = IFCFACE((#7555));
#7555 = IFCFACEOUTERBOUND(#7556, .T.);
#7556 = IFCPOLYLOOP((#7547, #7529, #7557));
#7557 = IFCCARTESIANPOINT((5041.39883879158, 9950.18074347238, 407.947420873503));
#7558 = IFCFACE((#7559));
#7559 = IFCFACEOUTERBOUND(#7560, .T.);
#7560 = IFCPOLYLOOP((#7557, #7529, #7542));
#7561 = IFCFACE((#7562));
#7562 = IFCFACEOUTERBOUND(#7563, .T.);
#7563 = IFCPOLYLOOP((#7514, #7542, #7529));
#7564 = IFCFACE((#7565));
#7565 = IFCFACEOUTERBOUND(#7566, .T.);
#7566 = IFCPOLYLOOP((#7515, #7542, #7514));
#7567 = IFCFACE((#7568));
#7568 = IFCFACEOUTERBOUND(#7569, .T.);
#7569 = IFCPOLYLOOP((#7570, #7543, #7571));
#7570 = IFCCARTESIANPOINT((5043.73272445547, 9952.20791599267, 408.009343687799));
#7571 = IFCCARTESIANPOINT((5043.73272445547, 9952.20791599267, 408.049351689516));
#7572 = IFCFACE((#7573));
#7573 = IFCFACEOUTERBOUND(#7574, .T.);
#7574 = IFCPOLYLOOP((#7571, #7543, #7575));
#7575 = IFCCARTESIANPOINT((5041.46680671684, 9950.10739252429, 407.987553818592));
#7576 = IFCFACE((#7577));
#7577 = IFCFACEOUTERBOUND(#7578, .T.);
#7578 = IFCPOLYLOOP((#7547, #7575, #7543));
#7579 = IFCFACE((#7580));
#7580 = IFCFACEOUTERBOUND(#7581, .T.);
#7581 = IFCPOLYLOOP((#7557, #7575, #7547));
#7582 = IFCFACE((#7583));
#7583 = IFCFACEOUTERBOUND(#7584, .T.);
#7584 = IFCPOLYLOOP((#7575, #7557, #7585));
#7585 = IFCCARTESIANPOINT((5041.46680671684, 9950.10739252429, 407.947545819392));
#7586 = IFCFACE((#7587));
#7587 = IFCFACEOUTERBOUND(#7588, .T.);
#7588 = IFCPOLYLOOP((#7585, #7557, #7570));
#7589 = IFCFACE((#7590));
#7590 = IFCFACEOUTERBOUND(#7591, .T.);
#7591 = IFCPOLYLOOP((#7542, #7570, #7557));
#7592 = IFCFACE((#7593));
#7593 = IFCFACEOUTERBOUND(#7594, .T.);
#7594 = IFCPOLYLOOP((#7543, #7570, #7542));
#7595 = IFCFACE((#7596));
#7596 = IFCFACEOUTERBOUND(#7597, .T.);
#7597 = IFCPOLYLOOP((#7598, #7571, #7599));
#7598 = IFCCARTESIANPOINT((5043.80060681879, 9952.13448572797, 408.00946621579));
#7599 = IFCCARTESIANPOINT((5043.80060681879, 9952.13448572797, 408.049474217431));
#7600 = IFCFACE((#7601));
#7601 = IFCFACEOUTERBOUND(#7602, .T.);
#7602 = IFCPOLYLOOP((#7599, #7571, #7603));
#7603 = IFCCARTESIANPOINT((5041.53477464212, 9950.0340415762, 407.987678764521));
#7604 = IFCFACE((#7605));
#7605 = IFCFACEOUTERBOUND(#7606, .T.);
#7606 = IFCPOLYLOOP((#7575, #7603, #7571));
#7607 = IFCFACE((#7608));
#7608 = IFCFACEOUTERBOUND(#7609, .T.);
#7609 = IFCPOLYLOOP((#7585, #7603, #7575));
#7610 = IFCFACE((#7611));
#7611 = IFCFACEOUTERBOUND(#7612, .T.);
#7612 = IFCPOLYLOOP((#7603, #7585, #7613));
#7613 = IFCCARTESIANPOINT((5041.53477464212, 9950.0340415762, 407.94767076532));
#7614 = IFCFACE((#7615));
#7615 = IFCFACEOUTERBOUND(#7616, .T.);
#7616 = IFCPOLYLOOP((#7613, #7585, #7598));
#7617 = IFCFACE((#7618));
#7618 = IFCFACEOUTERBOUND(#7619, .T.);
#7619 = IFCPOLYLOOP((#7570, #7598, #7585));
#7620 = IFCFACE((#7621));
#7621 = IFCFACEOUTERBOUND(#7622, .T.);
#7622 = IFCPOLYLOOP((#7571, #7598, #7570));
#7623 = IFCFACE((#7624));
#7624 = IFCFACEOUTERBOUND(#7625, .T.);
#7625 = IFCPOLYLOOP((#7626, #7599, #7627));
#7626 = IFCCARTESIANPOINT((5043.86848918209, 9952.06105546327, 408.009588743798));
#7627 = IFCCARTESIANPOINT((5043.86848918209, 9952.06105546327, 408.049596745361));
#7628 = IFCFACE((#7629));
#7629 = IFCFACEOUTERBOUND(#7630, .T.);
#7630 = IFCPOLYLOOP((#7627, #7599, #7631));
#7631 = IFCCARTESIANPOINT((5041.60274256739, 9949.9606906281, 407.987803710486));
#7632 = IFCFACE((#7633));
#7633 = IFCFACEOUTERBOUND(#7634, .T.);
#7634 = IFCPOLYLOOP((#7603, #7631, #7599));
#7635 = IFCFACE((#7636));
#7636 = IFCFACEOUTERBOUND(#7637, .T.);
#7637 = IFCPOLYLOOP((#7613, #7631, #7603));
#7638 = IFCFACE((#7639));
#7639 = IFCFACEOUTERBOUND(#7640, .T.);
#7640 = IFCPOLYLOOP((#7631, #7613, #7641));
#7641 = IFCCARTESIANPOINT((5041.60274256739, 9949.9606906281, 407.947795711286));
#7642 = IFCFACE((#7643));
#7643 = IFCFACEOUTERBOUND(#7644, .T.);
#7644 = IFCPOLYLOOP((#7641, #7613, #7626));
#7645 = IFCFACE((#7646));
#7646 = IFCFACEOUTERBOUND(#7647, .T.);
#7647 = IFCPOLYLOOP((#7598, #7626, #7613));
#7648 = IFCFACE((#7649));
#7649 = IFCFACEOUTERBOUND(#7650, .T.);
#7650 = IFCPOLYLOOP((#7599, #7626, #7598));
#7651 = IFCFACE((#7652));
#7652 = IFCFACEOUTERBOUND(#7653, .T.);
#7653 = IFCPOLYLOOP((#7654, #7627, #7655));
#7654 = IFCCARTESIANPOINT((5043.9363715454, 9951.98762519858, 408.009711271822));
#7655 = IFCCARTESIANPOINT((5043.9363715454, 9951.98762519858, 408.049719273309));
#7656 = IFCFACE((#7657));
#7657 = IFCFACEOUTERBOUND(#7658, .T.);
#7658 = IFCPOLYLOOP((#7655, #7627, #7659));
#7659 = IFCCARTESIANPOINT((5041.67071049266, 9949.88733968001, 407.98792865649));
#7660 = IFCFACE((#7661));
#7661 = IFCFACEOUTERBOUND(#7662, .T.);
#7662 = IFCPOLYLOOP((#7631, #7659, #7627));
#7663 = IFCFACE((#7664));
#7664 = IFCFACEOUTERBOUND(#7665, .T.);
#7665 = IFCPOLYLOOP((#7641, #7659, #7631));
#7666 = IFCFACE((#7667));
#7667 = IFCFACEOUTERBOUND(#7668, .T.);
#7668 = IFCPOLYLOOP((#7659, #7641, #7669));
#7669 = IFCCARTESIANPOINT((5041.67071049266, 9949.88733968001, 407.94792065729));
#7670 = IFCFACE((#7671));
#7671 = IFCFACEOUTERBOUND(#7672, .T.);
#7672 = IFCPOLYLOOP((#7669, #7641, #7654));
#7673 = IFCFACE((#7674));
#7674 = IFCFACEOUTERBOUND(#7675, .T.);
#7675 = IFCPOLYLOOP((#7626, #7654, #7641));
#7676 = IFCFACE((#7677));
#7677 = IFCFACEOUTERBOUND(#7678, .T.);
#7678 = IFCPOLYLOOP((#7627, #7654, #7626));
#7679 = IFCFACE((#7680));
#7680 = IFCFACEOUTERBOUND(#7681, .T.);
#7681 = IFCPOLYLOOP((#7682, #7655, #7683));
#7682 = IFCCARTESIANPOINT((5044.00425390871, 9951.91419493388, 408.009833799863));
#7683 = IFCCARTESIANPOINT((5044.00425390871, 9951.91419493388, 408.049841801272));
#7684 = IFCFACE((#7685));
#7685 = IFCFACEOUTERBOUND(#7686, .T.);
#7686 = IFCPOLYLOOP((#7683, #7655, #7687));
#7687 = IFCCARTESIANPOINT((5041.73867841793, 9949.81398873192, 407.98805360253));
#7688 = IFCFACE((#7689));
#7689 = IFCFACEOUTERBOUND(#7690, .T.);
#7690 = IFCPOLYLOOP((#7659, #7687, #7655));
#7691 = IFCFACE((#7692));
#7692 = IFCFACEOUTERBOUND(#7693, .T.);
#7693 = IFCPOLYLOOP((#7669, #7687, #7659));
#7694 = IFCFACE((#7695));
#7695 = IFCFACEOUTERBOUND(#7696, .T.);
#7696 = IFCPOLYLOOP((#7687, #7669, #7697));
#7697 = IFCCARTESIANPOINT((5041.73867841793, 9949.81398873192, 407.948045603332));
#7698 = IFCFACE((#7699));
#7699 = IFCFACEOUTERBOUND(#7700, .T.);
#7700 = IFCPOLYLOOP((#7697, #7669, #7682));
#7701 = IFCFACE((#7702));
#7702 = IFCFACEOUTERBOUND(#7703, .T.);
#7703 = IFCPOLYLOOP((#7654, #7682, #7669));
#7704 = IFCFACE((#7705));
#7705 = IFCFACEOUTERBOUND(#7706, .T.);
#7706 = IFCPOLYLOOP((#7655, #7682, #7654));
#7707 = IFCFACE((#7708));
#7708 = IFCFACEOUTERBOUND(#7709, .T.);
#7709 = IFCPOLYLOOP((#7710, #7683, #7711));
#7710 = IFCCARTESIANPOINT((5044.07213627203, 9951.84076466918, 408.00995632792));
#7711 = IFCCARTESIANPOINT((5044.07213627203, 9951.84076466918, 408.049964329253));
#7712 = IFCFACE((#7713));
#7713 = IFCFACEOUTERBOUND(#7714, .T.);
#7714 = IFCPOLYLOOP((#7711, #7683, #7715));
#7715 = IFCCARTESIANPOINT((5041.8066463432, 9949.74063778383, 407.988178548612));
#7716 = IFCFACE((#7717));
#7717 = IFCFACEOUTERBOUND(#7718, .T.);
#7718 = IFCPOLYLOOP((#7687, #7715, #7683));
#7719 = IFCFACE((#7720));
#7720 = IFCFACEOUTERBOUND(#7721, .T.);
#7721 = IFCPOLYLOOP((#7697, #7715, #7687));
#7722 = IFCFACE((#7723));
#7723 = IFCFACEOUTERBOUND(#7724, .T.);
#7724 = IFCPOLYLOOP((#7715, #7697, #7725));
#7725 = IFCCARTESIANPOINT((5041.8066463432, 9949.74063778383, 407.948170549412));
#7726 = IFCFACE((#7727));
#7727 = IFCFACEOUTERBOUND(#7728, .T.);
#7728 = IFCPOLYLOOP((#7725, #7697, #7710));
#7729 = IFCFACE((#7730));
#7730 = IFCFACEOUTERBOUND(#7731, .T.);
#7731 = IFCPOLYLOOP((#7682, #7710, #7697));
#7732 = IFCFACE((#7733));
#7733 = IFCFACEOUTERBOUND(#7734, .T.);
#7734 = IFCPOLYLOOP((#7683, #7710, #7682));
#7735 = IFCFACE((#7736));
#7736 = IFCFACEOUTERBOUND(#7737, .T.);
#7737 = IFCPOLYLOOP((#7738, #7711, #7739));
#7738 = IFCCARTESIANPOINT((5044.14001863533, 9951.76733440448, 408.010078855993));
#7739 = IFCCARTESIANPOINT((5044.14001863533, 9951.76733440448, 408.05008685725));
#7740 = IFCFACE((#7741));
#7741 = IFCFACEOUTERBOUND(#7742, .T.);
#7742 = IFCPOLYLOOP((#7739, #7711, #7743));
#7743 = IFCCARTESIANPOINT((5041.87461426847, 9949.66728683573, 407.988303494731));
#7744 = IFCFACE((#7745));
#7745 = IFCFACEOUTERBOUND(#7746, .T.);
#7746 = IFCPOLYLOOP((#7715, #7743, #7711));
#7747 = IFCFACE((#7748));
#7748 = IFCFACEOUTERBOUND(#7749, .T.);
#7749 = IFCPOLYLOOP((#7725, #7743, #7715));
#7750 = IFCFACE((#7751));
#7751 = IFCFACEOUTERBOUND(#7752, .T.);
#7752 = IFCPOLYLOOP((#7743, #7725, #7753));
#7753 = IFCCARTESIANPOINT((5041.87461426847, 9949.66728683573, 407.948295495531));
#7754 = IFCFACE((#7755));
#7755 = IFCFACEOUTERBOUND(#7756, .T.);
#7756 = IFCPOLYLOOP((#7753, #7725, #7738));
#7757 = IFCFACE((#7758));
#7758 = IFCFACEOUTERBOUND(#7759, .T.);
#7759 = IFCPOLYLOOP((#7710, #7738, #7725));
#7760 = IFCFACE((#7761));
#7761 = IFCFACEOUTERBOUND(#7762, .T.);
#7762 = IFCPOLYLOOP((#7711, #7738, #7710));
#7763 = IFCFACE((#7764));
#7764 = IFCFACEOUTERBOUND(#7765, .T.);
#7765 = IFCPOLYLOOP((#7766, #7739, #7767));
#7766 = IFCCARTESIANPOINT((5044.20790099864, 9951.69390413978, 408.010201384084));
#7767 = IFCCARTESIANPOINT((5044.20790099864, 9951.69390413978, 408.050209385263));
#7768 = IFCFACE((#7769));
#7769 = IFCFACEOUTERBOUND(#7770, .T.);
#7770 = IFCPOLYLOOP((#7767, #7739, #7771));
#7771 = IFCCARTESIANPOINT((5041.94258219374, 9949.59393588764, 407.988428440887));
#7772 = IFCFACE((#7773));
#7773 = IFCFACEOUTERBOUND(#7774, .T.);
#7774 = IFCPOLYLOOP((#7743, #7771, #7739));
#7775 = IFCFACE((#7776));
#7776 = IFCFACEOUTERBOUND(#7777, .T.);
#7777 = IFCPOLYLOOP((#7753, #7771, #7743));
#7778 = IFCFACE((#7779));
#7779 = IFCFACEOUTERBOUND(#7780, .T.);
#7780 = IFCPOLYLOOP((#7771, #7753, #7781));
#7781 = IFCCARTESIANPOINT((5041.94258219374, 9949.59393588764, 407.948420441688));
#7782 = IFCFACE((#7783));
#7783 = IFCFACEOUTERBOUND(#7784, .T.);
#7784 = IFCPOLYLOOP((#7781, #7753, #7766));
#7785 = IFCFACE((#7786));
#7786 = IFCFACEOUTERBOUND(#7787, .T.);
#7787 = IFCPOLYLOOP((#7738, #7766, #7753));
#7788 = IFCFACE((#7789));
#7789 = IFCFACEOUTERBOUND(#7790, .T.);
#7790 = IFCPOLYLOOP((#7739, #7766, #7738));
#7791 = IFCFACE((#7792));
#7792 = IFCFACEOUTERBOUND(#7793, .T.);
#7793 = IFCPOLYLOOP((#7794, #7767, #7795));
#7794 = IFCCARTESIANPOINT((5044.27578336195, 9951.62047387508, 408.010323912192));
#7795 = IFCCARTESIANPOINT((5044.27578336195, 9951.62047387508, 408.050331913293));
#7796 = IFCFACE((#7797));
#7797 = IFCFACEOUTERBOUND(#7798, .T.);
#7798 = IFCPOLYLOOP((#7795, #7767, #7799));
#7799 = IFCCARTESIANPOINT((5042.01055011901, 9949.52058493955, 407.988553387082));
#7800 = IFCFACE((#7801));
#7801 = IFCFACEOUTERBOUND(#7802, .T.);
#7802 = IFCPOLYLOOP((#7771, #7799, #7767));
#7803 = IFCFACE((#7804));
#7804 = IFCFACEOUTERBOUND(#7805, .T.);
#7805 = IFCPOLYLOOP((#7781, #7799, #7771));
#7806 = IFCFACE((#7807));
#7807 = IFCFACEOUTERBOUND(#7808, .T.);
#7808 = IFCPOLYLOOP((#7799, #7781, #7809));
#7809 = IFCCARTESIANPOINT((5042.01055011901, 9949.52058493955, 407.948545387883));
#7810 = IFCFACE((#7811));
#7811 = IFCFACEOUTERBOUND(#7812, .T.);
#7812 = IFCPOLYLOOP((#7809, #7781, #7794));
#7813 = IFCFACE((#7814));
#7814 = IFCFACEOUTERBOUND(#7815, .T.);
#7815 = IFCPOLYLOOP((#7766, #7794, #7781));
#7816 = IFCFACE((#7817));
#7817 = IFCFACEOUTERBOUND(#7818, .T.);
#7818 = IFCPOLYLOOP((#7767, #7794, #7766));
#7819 = IFCFACE((#7820));
#7820 = IFCFACEOUTERBOUND(#7821, .T.);
#7821 = IFCPOLYLOOP((#7822, #7795, #7823));
#7822 = IFCCARTESIANPOINT((5044.34366572526, 9951.54704361038, 408.010446440314));
#7823 = IFCCARTESIANPOINT((5044.34366572526, 9951.54704361038, 408.05045444134));
#7824 = IFCFACE((#7825));
#7825 = IFCFACEOUTERBOUND(#7826, .T.);
#7826 = IFCPOLYLOOP((#7823, #7795, #7827));
#7827 = IFCCARTESIANPOINT((5042.07851804428, 9949.44723399146, 407.988678333317));
#7828 = IFCFACE((#7829));
#7829 = IFCFACEOUTERBOUND(#7830, .T.);
#7830 = IFCPOLYLOOP((#7799, #7827, #7795));
#7831 = IFCFACE((#7832));
#7832 = IFCFACEOUTERBOUND(#7833, .T.);
#7833 = IFCPOLYLOOP((#7809, #7827, #7799));
#7834 = IFCFACE((#7835));
#7835 = IFCFACEOUTERBOUND(#7836, .T.);
#7836 = IFCPOLYLOOP((#7827, #7809, #7837));
#7837 = IFCCARTESIANPOINT((5042.07851804428, 9949.44723399146, 407.948670334116));
#7838 = IFCFACE((#7839));
#7839 = IFCFACEOUTERBOUND(#7840, .T.);
#7840 = IFCPOLYLOOP((#7837, #7809, #7822));
#7841 = IFCFACE((#7842));
#7842 = IFCFACEOUTERBOUND(#7843, .T.);
#7843 = IFCPOLYLOOP((#7794, #7822, #7809));
#7844 = IFCFACE((#7845));
#7845 = IFCFACEOUTERBOUND(#7846, .T.);
#7846 = IFCPOLYLOOP((#7795, #7822, #7794));
#7847 = IFCFACE((#7848));
#7848 = IFCFACEOUTERBOUND(#7849, .T.);
#7849 = IFCPOLYLOOP((#7850, #7823, #7851));
#7850 = IFCCARTESIANPOINT((5044.41154808857, 9951.47361334568, 408.010568968454));
#7851 = IFCCARTESIANPOINT((5044.41154808857, 9951.47361334568, 408.050576969402));
#7852 = IFCFACE((#7853));
#7853 = IFCFACEOUTERBOUND(#7854, .T.);
#7854 = IFCPOLYLOOP((#7851, #7823, #7855));
#7855 = IFCCARTESIANPOINT((5042.14648596955, 9949.37388304336, 407.988803279586));
#7856 = IFCFACE((#7857));
#7857 = IFCFACEOUTERBOUND(#7858, .T.);
#7858 = IFCPOLYLOOP((#7827, #7855, #7823));
#7859 = IFCFACE((#7860));
#7860 = IFCFACEOUTERBOUND(#7861, .T.);
#7861 = IFCPOLYLOOP((#7837, #7855, #7827));
#7862 = IFCFACE((#7863));
#7863 = IFCFACEOUTERBOUND(#7864, .T.);
#7864 = IFCPOLYLOOP((#7855, #7837, #7865));
#7865 = IFCCARTESIANPOINT((5042.14648596955, 9949.37388304336, 407.948795280387));
#7866 = IFCFACE((#7867));
#7867 = IFCFACEOUTERBOUND(#7868, .T.);
#7868 = IFCPOLYLOOP((#7865, #7837, #7850));
#7869 = IFCFACE((#7870));
#7870 = IFCFACEOUTERBOUND(#7871, .T.);
#7871 = IFCPOLYLOOP((#7822, #7850, #7837));
#7872 = IFCFACE((#7873));
#7873 = IFCFACEOUTERBOUND(#7874, .T.);
#7874 = IFCPOLYLOOP((#7823, #7850, #7822));
#7875 = IFCFACE((#7876));
#7876 = IFCFACEOUTERBOUND(#7877, .T.);
#7877 = IFCPOLYLOOP((#7878, #7851, #7879));
#7878 = IFCCARTESIANPOINT((5044.47943045188, 9951.40018308098, 408.01069149661));
#7879 = IFCCARTESIANPOINT((5044.47943045188, 9951.40018308098, 408.050699497482));
#7880 = IFCFACE((#7881));
#7881 = IFCFACEOUTERBOUND(#7882, .T.);
#7882 = IFCPOLYLOOP((#7879, #7851, #7883));
#7883 = IFCCARTESIANPOINT((5042.21445389482, 9949.30053209527, 407.988928225897));
#7884 = IFCFACE((#7885));
#7885 = IFCFACEOUTERBOUND(#7886, .T.);
#7886 = IFCPOLYLOOP((#7855, #7883, #7851));
#7887 = IFCFACE((#7888));
#7888 = IFCFACEOUTERBOUND(#7889, .T.);
#7889 = IFCPOLYLOOP((#7865, #7883, #7855));
#7890 = IFCFACE((#7891));
#7891 = IFCFACEOUTERBOUND(#7892, .T.);
#7892 = IFCPOLYLOOP((#7883, #7865, #7893));
#7893 = IFCCARTESIANPOINT((5042.21445389482, 9949.30053209527, 407.948920226696));
#7894 = IFCFACE((#7895));
#7895 = IFCFACEOUTERBOUND(#7896, .T.);
#7896 = IFCPOLYLOOP((#7893, #7865, #7878));
#7897 = IFCFACE((#7898));
#7898 = IFCFACEOUTERBOUND(#7899, .T.);
#7899 = IFCPOLYLOOP((#7850, #7878, #7865));
#7900 = IFCFACE((#7901));
#7901 = IFCFACEOUTERBOUND(#7902, .T.);
#7902 = IFCPOLYLOOP((#7851, #7878, #7850));
#7903 = IFCFACE((#7904));
#7904 = IFCFACEOUTERBOUND(#7905, .T.);
#7905 = IFCPOLYLOOP((#7906, #7879, #7907));
#7906 = IFCCARTESIANPOINT((5044.54731281519, 9951.32675281628, 408.010814024782));
#7907 = IFCCARTESIANPOINT((5044.54731281519, 9951.32675281628, 408.050822025578));
#7908 = IFCFACE((#7909));
#7909 = IFCFACEOUTERBOUND(#7910, .T.);
#7910 = IFCPOLYLOOP((#7907, #7879, #7911));
#7911 = IFCCARTESIANPOINT((5042.28242182009, 9949.22718114718, 407.989053172245));
#7912 = IFCFACE((#7913));
#7913 = IFCFACEOUTERBOUND(#7914, .T.);
#7914 = IFCPOLYLOOP((#7883, #7911, #7879));
#7915 = IFCFACE((#7916));
#7916 = IFCFACEOUTERBOUND(#7917, .T.);
#7917 = IFCPOLYLOOP((#7893, #7911, #7883));
#7918 = IFCFACE((#7919));
#7919 = IFCFACEOUTERBOUND(#7920, .T.);
#7920 = IFCPOLYLOOP((#7911, #7893, #7921));
#7921 = IFCCARTESIANPOINT((5042.28242182009, 9949.22718114718, 407.949045173044));
#7922 = IFCFACE((#7923));
#7923 = IFCFACEOUTERBOUND(#7924, .T.);
#7924 = IFCPOLYLOOP((#7921, #7893, #7906));
#7925 = IFCFACE((#7926));
#7926 = IFCFACEOUTERBOUND(#7927, .T.);
#7927 = IFCPOLYLOOP((#7878, #7906, #7893));
#7928 = IFCFACE((#7929));
#7929 = IFCFACEOUTERBOUND(#7930, .T.);
#7930 = IFCPOLYLOOP((#7879, #7906, #7878));
#7931 = IFCFACE((#7932));
#7932 = IFCFACEOUTERBOUND(#7933, .T.);
#7933 = IFCPOLYLOOP((#7934, #7907, #7935));
#7934 = IFCCARTESIANPOINT((5044.6151951785, 9951.25332255158, 408.010936552973));
#7935 = IFCCARTESIANPOINT((5044.6151951785, 9951.25332255158, 408.050944553691));
#7936 = IFCFACE((#7937));
#7937 = IFCFACEOUTERBOUND(#7938, .T.);
#7938 = IFCPOLYLOOP((#7935, #7907, #7939));
#7939 = IFCCARTESIANPOINT((5042.35038974536, 9949.15383019908, 407.989178118631));
#7940 = IFCFACE((#7941));
#7941 = IFCFACEOUTERBOUND(#7942, .T.);
#7942 = IFCPOLYLOOP((#7911, #7939, #7907));
#7943 = IFCFACE((#7944));
#7944 = IFCFACEOUTERBOUND(#7945, .T.);
#7945 = IFCPOLYLOOP((#7921, #7939, #7911));
#7946 = IFCFACE((#7947));
#7947 = IFCFACEOUTERBOUND(#7948, .T.);
#7948 = IFCPOLYLOOP((#7939, #7921, #7949));
#7949 = IFCCARTESIANPOINT((5042.35038974536, 9949.15383019908, 407.94917011943));
#7950 = IFCFACE((#7951));
#7951 = IFCFACEOUTERBOUND(#7952, .T.);
#7952 = IFCPOLYLOOP((#7949, #7921, #7934));
#7953 = IFCFACE((#7954));
#7954 = IFCFACEOUTERBOUND(#7955, .T.);
#7955 = IFCPOLYLOOP((#7906, #7934, #7921));
#7956 = IFCFACE((#7957));
#7957 = IFCFACEOUTERBOUND(#7958, .T.);
#7958 = IFCPOLYLOOP((#7907, #7934, #7906));
#7959 = IFCFACE((#7960));
#7960 = IFCFACEOUTERBOUND(#7961, .T.);
#7961 = IFCPOLYLOOP((#7962, #7935, #7963));
#7962 = IFCCARTESIANPOINT((5044.68307754181, 9951.17989228688, 408.011059081181));
#7963 = IFCCARTESIANPOINT((5044.68307754181, 9951.17989228688, 408.05106708182));
#7964 = IFCFACE((#7965));
#7965 = IFCFACEOUTERBOUND(#7966, .T.);
#7966 = IFCPOLYLOOP((#7963, #7935, #7967));
#7967 = IFCCARTESIANPOINT((5042.41835767063, 9949.08047925099, 407.989303065055));
#7968 = IFCFACE((#7969));
#7969 = IFCFACEOUTERBOUND(#7970, .T.);
#7970 = IFCPOLYLOOP((#7939, #7967, #7935));
#7971 = IFCFACE((#7972));
#7972 = IFCFACEOUTERBOUND(#7973, .T.);
#7973 = IFCPOLYLOOP((#7949, #7967, #7939));
#7974 = IFCFACE((#7975));
#7975 = IFCFACEOUTERBOUND(#7976, .T.);
#7976 = IFCPOLYLOOP((#7967, #7949, #7977));
#7977 = IFCCARTESIANPOINT((5042.41835767063, 9949.08047925099, 407.949295065854));
#7978 = IFCFACE((#7979));
#7979 = IFCFACEOUTERBOUND(#7980, .T.);
#7980 = IFCPOLYLOOP((#7977, #7949, #7962));
#7981 = IFCFACE((#7982));
#7982 = IFCFACEOUTERBOUND(#7983, .T.);
#7983 = IFCPOLYLOOP((#7934, #7962, #7949));
#7984 = IFCFACE((#7985));
#7985 = IFCFACEOUTERBOUND(#7986, .T.);
#7986 = IFCPOLYLOOP((#7935, #7962, #7934));
#7987 = IFCFACE((#7988));
#7988 = IFCFACEOUTERBOUND(#7989, .T.);
#7989 = IFCPOLYLOOP((#7990, #7963, #7991));
#7990 = IFCCARTESIANPOINT((5044.75095990512, 9951.10646202218, 408.011181609399));
#7991 = IFCCARTESIANPOINT((5044.75095990512, 9951.10646202218, 408.051189609965));
#7992 = IFCFACE((#7993));
#7993 = IFCFACEOUTERBOUND(#7994, .T.);
#7994 = IFCPOLYLOOP((#7991, #7963, #7995));
#7995 = IFCCARTESIANPOINT((5042.4863255959, 9949.0071283029, 407.989428011517));
#7996 = IFCFACE((#7997));
#7997 = IFCFACEOUTERBOUND(#7998, .T.);
#7998 = IFCPOLYLOOP((#7967, #7995, #7963));
#7999 = IFCFACE((#8000));
#8000 = IFCFACEOUTERBOUND(#8001, .T.);
#8001 = IFCPOLYLOOP((#7977, #7995, #7967));
#8002 = IFCFACE((#8003));
#8003 = IFCFACEOUTERBOUND(#8004, .T.);
#8004 = IFCPOLYLOOP((#7995, #7977, #8005));
#8005 = IFCCARTESIANPOINT((5042.4863255959, 9949.0071283029, 407.949420012316));
#8006 = IFCFACE((#8007));
#8007 = IFCFACEOUTERBOUND(#8008, .T.);
#8008 = IFCPOLYLOOP((#8005, #7977, #7990));
#8009 = IFCFACE((#8010));
#8010 = IFCFACEOUTERBOUND(#8011, .T.);
#8011 = IFCPOLYLOOP((#7962, #7990, #7977));
#8012 = IFCFACE((#8013));
#8013 = IFCFACEOUTERBOUND(#8014, .T.);
#8014 = IFCPOLYLOOP((#7963, #7990, #7962));
#8015 = IFCFACE((#8016));
#8016 = IFCFACEOUTERBOUND(#8017, .T.);
#8017 = IFCPOLYLOOP((#8018, #7991, #8019));
#8018 = IFCCARTESIANPOINT((5044.81884226843, 9951.03303175748, 408.01130413764));
#8019 = IFCCARTESIANPOINT((5044.81884226843, 9951.03303175748, 408.051312138128));
#8020 = IFCFACE((#8021));
#8021 = IFCFACEOUTERBOUND(#8022, .T.);
#8022 = IFCPOLYLOOP((#8019, #7991, #8023));
#8023 = IFCCARTESIANPOINT((5042.55429352117, 9948.93377735481, 407.989552958017));
#8024 = IFCFACE((#8025));
#8025 = IFCFACEOUTERBOUND(#8026, .T.);
#8026 = IFCPOLYLOOP((#7995, #8023, #7991));
#8027 = IFCFACE((#8028));
#8028 = IFCFACEOUTERBOUND(#8029, .T.);
#8029 = IFCPOLYLOOP((#8005, #8023, #7995));
#8030 = IFCFACE((#8031));
#8031 = IFCFACEOUTERBOUND(#8032, .T.);
#8032 = IFCPOLYLOOP((#8023, #8005, #8033));
#8033 = IFCCARTESIANPOINT((5042.55429352117, 9948.93377735481, 407.949544958816));
#8034 = IFCFACE((#8035));
#8035 = IFCFACEOUTERBOUND(#8036, .T.);
#8036 = IFCPOLYLOOP((#8033, #8005, #8018));
#8037 = IFCFACE((#8038));
#8038 = IFCFACEOUTERBOUND(#8039, .T.);
#8039 = IFCPOLYLOOP((#7990, #8018, #8005));
#8040 = IFCFACE((#8041));
#8041 = IFCFACEOUTERBOUND(#8042, .T.);
#8042 = IFCPOLYLOOP((#7991, #8018, #7990));
#8043 = IFCFACE((#8044));
#8044 = IFCFACEOUTERBOUND(#8045, .T.);
#8045 = IFCPOLYLOOP((#8046, #8019, #8047));
#8046 = IFCCARTESIANPOINT((5044.88672463174, 9950.95960149278, 408.011426665894));
#8047 = IFCCARTESIANPOINT((5044.88672463174, 9950.95960149278, 408.051434666307));
#8048 = IFCFACE((#8049));
#8049 = IFCFACEOUTERBOUND(#8050, .T.);
#8050 = IFCPOLYLOOP((#8047, #8019, #8051));
#8051 = IFCCARTESIANPOINT((5042.62226144644, 9948.86042640671, 407.989677904558));
#8052 = IFCFACE((#8053));
#8053 = IFCFACEOUTERBOUND(#8054, .T.);
#8054 = IFCPOLYLOOP((#8023, #8051, #8019));
#8055 = IFCFACE((#8056));
#8056 = IFCFACEOUTERBOUND(#8057, .T.);
#8057 = IFCPOLYLOOP((#8033, #8051, #8023));
#8058 = IFCFACE((#8059));
#8059 = IFCFACEOUTERBOUND(#8060, .T.);
#8060 = IFCPOLYLOOP((#8051, #8033, #8061));
#8061 = IFCCARTESIANPOINT((5042.62226144644, 9948.86042640671, 407.949669905355));
#8062 = IFCFACE((#8063));
#8063 = IFCFACEOUTERBOUND(#8064, .T.);
#8064 = IFCPOLYLOOP((#8061, #8033, #8046));
#8065 = IFCFACE((#8066));
#8066 = IFCFACEOUTERBOUND(#8067, .T.);
#8067 = IFCPOLYLOOP((#8018, #8046, #8033));
#8068 = IFCFACE((#8069));
#8069 = IFCFACEOUTERBOUND(#8070, .T.);
#8070 = IFCPOLYLOOP((#8019, #8046, #8018));
#8071 = IFCFACE((#8072));
#8072 = IFCFACEOUTERBOUND(#8073, .T.);
#8073 = IFCPOLYLOOP((#8074, #8047, #8075));
#8074 = IFCCARTESIANPOINT((5044.95460699505, 9950.88617122809, 408.01154919417));
#8075 = IFCCARTESIANPOINT((5044.95460699505, 9950.88617122809, 408.051557194502));
#8076 = IFCFACE((#8077));
#8077 = IFCFACEOUTERBOUND(#8078, .T.);
#8078 = IFCPOLYLOOP((#8075, #8047, #8079));
#8079 = IFCCARTESIANPOINT((5042.69022937172, 9948.78707545862, 407.989802851132));
#8080 = IFCFACE((#8081));
#8081 = IFCFACEOUTERBOUND(#8082, .T.);
#8082 = IFCPOLYLOOP((#8051, #8079, #8047));
#8083 = IFCFACE((#8084));
#8084 = IFCFACEOUTERBOUND(#8085, .T.);
#8085 = IFCPOLYLOOP((#8061, #8079, #8051));
#8086 = IFCFACE((#8087));
#8087 = IFCFACEOUTERBOUND(#8088, .T.);
#8088 = IFCPOLYLOOP((#8079, #8061, #8089));
#8089 = IFCCARTESIANPOINT((5042.69022937172, 9948.78707545862, 407.949794851932));
#8090 = IFCFACE((#8091));
#8091 = IFCFACEOUTERBOUND(#8092, .T.);
#8092 = IFCPOLYLOOP((#8089, #8061, #8074));
#8093 = IFCFACE((#8094));
#8094 = IFCFACEOUTERBOUND(#8095, .T.);
#8095 = IFCPOLYLOOP((#8046, #8074, #8061));
#8096 = IFCFACE((#8097));
#8097 = IFCFACEOUTERBOUND(#8098, .T.);
#8098 = IFCPOLYLOOP((#8047, #8074, #8046));
#8099 = IFCFACE((#8100));
#8100 = IFCFACEOUTERBOUND(#8101, .T.);
#8101 = IFCPOLYLOOP((#8102, #8075, #8103));
#8102 = IFCCARTESIANPOINT((5045.02248935836, 9950.81274096338, 408.011671722456));
#8103 = IFCCARTESIANPOINT((5045.02248935836, 9950.81274096338, 408.051679722714));
#8104 = IFCFACE((#8105));
#8105 = IFCFACEOUTERBOUND(#8106, .T.);
#8106 = IFCPOLYLOOP((#8103, #8075, #8107));
#8107 = IFCCARTESIANPOINT((5042.75819729698, 9948.71372451053, 407.989927797747));
#8108 = IFCFACE((#8109));
#8109 = IFCFACEOUTERBOUND(#8110, .T.);
#8110 = IFCPOLYLOOP((#8079, #8107, #8075));
#8111 = IFCFACE((#8112));
#8112 = IFCFACEOUTERBOUND(#8113, .T.);
#8113 = IFCPOLYLOOP((#8089, #8107, #8079));
#8114 = IFCFACE((#8115));
#8115 = IFCFACEOUTERBOUND(#8116, .T.);
#8116 = IFCPOLYLOOP((#8107, #8089, #8117));
#8117 = IFCCARTESIANPOINT((5042.75819729698, 9948.71372451053, 407.949919798547));
#8118 = IFCFACE((#8119));
#8119 = IFCFACEOUTERBOUND(#8120, .T.);
#8120 = IFCPOLYLOOP((#8117, #8089, #8102));
#8121 = IFCFACE((#8122));
#8122 = IFCFACEOUTERBOUND(#8123, .T.);
#8123 = IFCPOLYLOOP((#8074, #8102, #8089));
#8124 = IFCFACE((#8125));
#8125 = IFCFACEOUTERBOUND(#8126, .T.);
#8126 = IFCPOLYLOOP((#8075, #8102, #8074));
#8127 = IFCFACE((#8128));
#8128 = IFCFACEOUTERBOUND(#8129, .T.);
#8129 = IFCPOLYLOOP((#8130, #8103, #8131));
#8130 = IFCCARTESIANPOINT((5045.09037172167, 9950.73931069869, 408.01179425076));
#8131 = IFCCARTESIANPOINT((5045.09037172167, 9950.73931069869, 408.051802250942));
#8132 = IFCFACE((#8133));
#8133 = IFCFACEOUTERBOUND(#8134, .T.);
#8134 = IFCPOLYLOOP((#8131, #8103, #8135));
#8135 = IFCCARTESIANPOINT((5042.82616522226, 9948.64037356244, 407.990052744401));
#8136 = IFCFACE((#8137));
#8137 = IFCFACEOUTERBOUND(#8138, .T.);
#8138 = IFCPOLYLOOP((#8107, #8135, #8103));
#8139 = IFCFACE((#8140));
#8140 = IFCFACEOUTERBOUND(#8141, .T.);
#8141 = IFCPOLYLOOP((#8117, #8135, #8107));
#8142 = IFCFACE((#8143));
#8143 = IFCFACEOUTERBOUND(#8144, .T.);
#8144 = IFCPOLYLOOP((#8135, #8117, #8145));
#8145 = IFCCARTESIANPOINT((5042.82616522226, 9948.64037356244, 407.9500447452));
#8146 = IFCFACE((#8147));
#8147 = IFCFACEOUTERBOUND(#8148, .T.);
#8148 = IFCPOLYLOOP((#8145, #8117, #8130));
#8149 = IFCFACE((#8150));
#8150 = IFCFACEOUTERBOUND(#8151, .T.);
#8151 = IFCPOLYLOOP((#8102, #8130, #8117));
#8152 = IFCFACE((#8153));
#8153 = IFCFACEOUTERBOUND(#8154, .T.);
#8154 = IFCPOLYLOOP((#8103, #8130, #8102));
#8155 = IFCFACE((#8156));
#8156 = IFCFACEOUTERBOUND(#8157, .T.);
#8157 = IFCPOLYLOOP((#8158, #8131, #8159));
#8158 = IFCCARTESIANPOINT((5045.15825408498, 9950.66588043399, 408.011916779084));
#8159 = IFCCARTESIANPOINT((5045.15825408498, 9950.66588043399, 408.051924779187));
#8160 = IFCFACE((#8161));
#8161 = IFCFACEOUTERBOUND(#8162, .T.);
#8162 = IFCPOLYLOOP((#8159, #8131, #8163));
#8163 = IFCCARTESIANPOINT((5042.89413314753, 9948.56702261434, 407.99017769109));
#8164 = IFCFACE((#8165));
#8165 = IFCFACEOUTERBOUND(#8166, .T.);
#8166 = IFCPOLYLOOP((#8135, #8163, #8131));
#8167 = IFCFACE((#8168));
#8168 = IFCFACEOUTERBOUND(#8169, .T.);
#8169 = IFCPOLYLOOP((#8145, #8163, #8135));
#8170 = IFCFACE((#8171));
#8171 = IFCFACEOUTERBOUND(#8172, .T.);
#8172 = IFCPOLYLOOP((#8163, #8145, #8173));
#8173 = IFCCARTESIANPOINT((5042.89413314753, 9948.56702261434, 407.950169691891));
#8174 = IFCFACE((#8175));
#8175 = IFCFACEOUTERBOUND(#8176, .T.);
#8176 = IFCPOLYLOOP((#8173, #8145, #8158));
#8177 = IFCFACE((#8178));
#8178 = IFCFACEOUTERBOUND(#8179, .T.);
#8179 = IFCPOLYLOOP((#8130, #8158, #8145));
#8180 = IFCFACE((#8181));
#8181 = IFCFACEOUTERBOUND(#8182, .T.);
#8182 = IFCPOLYLOOP((#8131, #8158, #8130));
#8183 = IFCFACE((#8184));
#8184 = IFCFACEOUTERBOUND(#8185, .T.);
#8185 = IFCPOLYLOOP((#8186, #8159, #8187));
#8186 = IFCCARTESIANPOINT((5045.22613644829, 9950.59245016929, 408.012039307423));
#8187 = IFCCARTESIANPOINT((5045.22613644829, 9950.59245016929, 408.052047307449));
#8188 = IFCFACE((#8189));
#8189 = IFCFACEOUTERBOUND(#8190, .T.);
#8190 = IFCPOLYLOOP((#8187, #8159, #8191));
#8191 = IFCCARTESIANPOINT((5042.9621010728, 9948.49367166625, 407.99030263782));
#8192 = IFCFACE((#8193));
#8193 = IFCFACEOUTERBOUND(#8194, .T.);
#8194 = IFCPOLYLOOP((#8163, #8191, #8159));
#8195 = IFCFACE((#8196));
#8196 = IFCFACEOUTERBOUND(#8197, .T.);
#8197 = IFCPOLYLOOP((#8173, #8191, #8163));
#8198 = IFCFACE((#8199));
#8199 = IFCFACEOUTERBOUND(#8200, .T.);
#8200 = IFCPOLYLOOP((#8191, #8173, #8201));
#8201 = IFCCARTESIANPOINT((5042.9621010728, 9948.49367166625, 407.95029463862));
#8202 = IFCFACE((#8203));
#8203 = IFCFACEOUTERBOUND(#8204, .T.);
#8204 = IFCPOLYLOOP((#8201, #8173, #8186));
#8205 = IFCFACE((#8206));
#8206 = IFCFACEOUTERBOUND(#8207, .T.);
#8207 = IFCPOLYLOOP((#8158, #8186, #8173));
#8208 = IFCFACE((#8209));
#8209 = IFCFACEOUTERBOUND(#8210, .T.);
#8210 = IFCPOLYLOOP((#8159, #8186, #8158));
#8211 = IFCFACE((#8212));
#8212 = IFCFACEOUTERBOUND(#8213, .T.);
#8213 = IFCPOLYLOOP((#8214, #8187, #8215));
#8214 = IFCCARTESIANPOINT((5045.2940188116, 9950.51901990459, 408.012161835777));
#8215 = IFCCARTESIANPOINT((5045.2940188116, 9950.51901990459, 408.052169835727));
#8216 = IFCFACE((#8217));
#8217 = IFCFACEOUTERBOUND(#8218, .T.);
#8218 = IFCPOLYLOOP((#8215, #8187, #8219));
#8219 = IFCCARTESIANPOINT((5043.03006899807, 9948.42032071816, 407.990427584587));
#8220 = IFCFACE((#8221));
#8221 = IFCFACEOUTERBOUND(#8222, .T.);
#8222 = IFCPOLYLOOP((#8191, #8219, #8187));
#8223 = IFCFACE((#8224));
#8224 = IFCFACEOUTERBOUND(#8225, .T.);
#8225 = IFCPOLYLOOP((#8201, #8219, #8191));
#8226 = IFCFACE((#8227));
#8227 = IFCFACEOUTERBOUND(#8228, .T.);
#8228 = IFCPOLYLOOP((#8219, #8201, #8229));
#8229 = IFCCARTESIANPOINT((5043.03006899807, 9948.42032071816, 407.950419585388));
#8230 = IFCFACE((#8231));
#8231 = IFCFACEOUTERBOUND(#8232, .T.);
#8232 = IFCPOLYLOOP((#8229, #8201, #8214));
#8233 = IFCFACE((#8234));
#8234 = IFCFACEOUTERBOUND(#8235, .T.);
#8235 = IFCPOLYLOOP((#8186, #8214, #8201));
#8236 = IFCFACE((#8237));
#8237 = IFCFACEOUTERBOUND(#8238, .T.);
#8238 = IFCPOLYLOOP((#8187, #8214, #8186));
#8239 = IFCFACE((#8240));
#8240 = IFCFACEOUTERBOUND(#8241, .T.);
#8241 = IFCPOLYLOOP((#8242, #8215, #8243));
#8242 = IFCCARTESIANPOINT((5045.33529671269, 9950.47436843206, 408.012236345278));
#8243 = IFCCARTESIANPOINT((5045.33529671269, 9950.47436843206, 408.052244345181));
#8244 = IFCFACE((#8245));
#8245 = IFCFACEOUTERBOUND(#8246, .T.);
#8246 = IFCPOLYLOOP((#8243, #8215, #8247));
#8247 = IFCCARTESIANPOINT((5043.07139892939, 9948.37571747806, 407.990503564737));
#8248 = IFCFACE((#8249));
#8249 = IFCFACEOUTERBOUND(#8250, .T.);
#8250 = IFCPOLYLOOP((#8219, #8247, #8215));
#8251 = IFCFACE((#8252));
#8252 = IFCFACEOUTERBOUND(#8253, .T.);
#8253 = IFCPOLYLOOP((#8229, #8247, #8219));
#8254 = IFCFACE((#8255));
#8255 = IFCFACEOUTERBOUND(#8256, .T.);
#8256 = IFCPOLYLOOP((#8247, #8229, #8257));
#8257 = IFCCARTESIANPOINT((5043.07139892939, 9948.37571747806, 407.950495565536));
#8258 = IFCFACE((#8259));
#8259 = IFCFACEOUTERBOUND(#8260, .T.);
#8260 = IFCPOLYLOOP((#8257, #8229, #8242));
#8261 = IFCFACE((#8262));
#8262 = IFCFACEOUTERBOUND(#8263, .T.);
#8263 = IFCPOLYLOOP((#8214, #8242, #8229));
#8264 = IFCFACE((#8265));
#8265 = IFCFACEOUTERBOUND(#8266, .T.);
#8266 = IFCPOLYLOOP((#8215, #8242, #8214));
#8267 = IFCFACE((#8268));
#8268 = IFCFACEOUTERBOUND(#8269, .T.);
#8269 = IFCPOLYLOOP((#8270, #8243, #8271));
#8270 = IFCCARTESIANPOINT((5045.33610451282, 9950.47349461192, 408.012237687486));
#8271 = IFCCARTESIANPOINT((5045.33610451282, 9950.47349461192, 408.052245687284));
#8272 = IFCFACE((#8273));
#8273 = IFCFACEOUTERBOUND(#8274, .T.);
#8274 = IFCPOLYLOOP((#8271, #8243, #8275));
#8275 = IFCCARTESIANPOINT((5044.06518295192, 9949.29534038345, 408.017585023837));
#8276 = IFCFACE((#8277));
#8277 = IFCFACEOUTERBOUND(#8278, .T.);
#8278 = IFCPOLYLOOP((#8247, #8275, #8243));
#8279 = IFCFACE((#8280));
#8280 = IFCFACEOUTERBOUND(#8281, .T.);
#8281 = IFCPOLYLOOP((#8257, #8275, #8247));
#8282 = IFCFACE((#8283));
#8283 = IFCFACEOUTERBOUND(#8284, .T.);
#8284 = IFCPOLYLOOP((#8275, #8257, #8285));
#8285 = IFCCARTESIANPOINT((5044.06518295192, 9949.29534038345, 407.977577024636));
#8286 = IFCFACE((#8287));
#8287 = IFCFACEOUTERBOUND(#8288, .T.);
#8288 = IFCPOLYLOOP((#8285, #8257, #8270));
#8289 = IFCFACE((#8290));
#8290 = IFCFACEOUTERBOUND(#8291, .T.);
#8291 = IFCPOLYLOOP((#8242, #8270, #8257));
#8292 = IFCFACE((#8293));
#8293 = IFCFACEOUTERBOUND(#8294, .T.);
#8294 = IFCPOLYLOOP((#8243, #8270, #8242));
#8295 = IFCFACE((#8296));
#8296 = IFCFACEOUTERBOUND(#8297, .T.);
#8297 = IFCPOLYLOOP((#8298, #8271, #8299));
#8298 = IFCCARTESIANPOINT((5045.36190117491, 9950.44558963989, 408.012284253074));
#8299 = IFCCARTESIANPOINT((5045.36190117491, 9950.44558963989, 408.052292252847));
#8300 = IFCFACE((#8301));
#8301 = IFCFACEOUTERBOUND(#8302, .T.);
#8302 = IFCPOLYLOOP((#8275, #8299, #8271));
#8303 = IFCFACE((#8304));
#8304 = IFCFACEOUTERBOUND(#8305, .T.);
#8305 = IFCPOLYLOOP((#8299, #8275, #8306));
#8306 = IFCCARTESIANPOINT((5044.09097961402, 9949.26743541142, 408.017631616931));
#8307 = IFCFACE((#8308));
#8308 = IFCFACEOUTERBOUND(#8309, .T.);
#8309 = IFCPOLYLOOP((#8285, #8306, #8275));
#8310 = IFCFACE((#8311));
#8311 = IFCFACEOUTERBOUND(#8312, .T.);
#8312 = IFCPOLYLOOP((#8306, #8285, #8313));
#8313 = IFCCARTESIANPOINT((5044.09097961402, 9949.26743541142, 407.977623617732));
#8314 = IFCFACE((#8315));
#8315 = IFCFACEOUTERBOUND(#8316, .T.);
#8316 = IFCPOLYLOOP((#8313, #8285, #8298));
#8317 = IFCFACE((#8318));
#8318 = IFCFACEOUTERBOUND(#8319, .T.);
#8319 = IFCPOLYLOOP((#8270, #8298, #8285));
#8320 = IFCFACE((#8321));
#8321 = IFCFACEOUTERBOUND(#8322, .T.);
#8322 = IFCPOLYLOOP((#8271, #8298, #8270));
#8323 = IFCFACE((#8324));
#8324 = IFCFACEOUTERBOUND(#8325, .T.);
#8325 = IFCPOLYLOOP((#8326, #8299, #8327));
#8326 = IFCCARTESIANPOINT((5045.40731107242, 9950.39646846434, 408.012366233027));
#8327 = IFCCARTESIANPOINT((5045.40731107242, 9950.39646846434, 408.052374232756));
#8328 = IFCFACE((#8329));
#8329 = IFCFACEOUTERBOUND(#8330, .T.);
#8330 = IFCPOLYLOOP((#8327, #8299, #8331));
#8331 = IFCCARTESIANPOINT((5044.13638951153, 9949.21831423587, 408.017713645317));
#8332 = IFCFACE((#8333));
#8333 = IFCFACEOUTERBOUND(#8334, .T.);
#8334 = IFCPOLYLOOP((#8306, #8331, #8299));
#8335 = IFCFACE((#8336));
#8336 = IFCFACEOUTERBOUND(#8337, .T.);
#8337 = IFCPOLYLOOP((#8313, #8331, #8306));
#8338 = IFCFACE((#8339));
#8339 = IFCFACEOUTERBOUND(#8340, .T.);
#8340 = IFCPOLYLOOP((#8331, #8313, #8341));
#8341 = IFCCARTESIANPOINT((5044.13638951153, 9949.21831423587, 407.977705646116));
#8342 = IFCFACE((#8343));
#8343 = IFCFACEOUTERBOUND(#8344, .T.);
#8344 = IFCPOLYLOOP((#8298, #8341, #8313));
#8345 = IFCFACE((#8346));
#8346 = IFCFACEOUTERBOUND(#8347, .T.);
#8347 = IFCPOLYLOOP((#8341, #8298, #8326));
#8348 = IFCFACE((#8349));
#8349 = IFCFACEOUTERBOUND(#8350, .T.);
#8350 = IFCPOLYLOOP((#8299, #8326, #8298));
#8351 = IFCFACE((#8352));
#8352 = IFCFACEOUTERBOUND(#8353, .T.);
#8353 = IFCPOLYLOOP((#8327, #8331, #8341));
#8354 = IFCFACE((#8355));
#8355 = IFCFACEOUTERBOUND(#8356, .T.);
#8356 = IFCPOLYLOOP((#8326, #8327, #8341));
#8357 = IFCBUILDINGSTOREY('3CTN6hhgb80f59jGX9Jlmp', #7, 'Neubau Trag 1 Erg\X2\00E4\X0\nzung WSH Bstg. Gleis 2', $, $, #8358, $, $, .ELEMENT., 0.);
#8358 = IFCLOCALPLACEMENT(#53, #8359);
#8359 = IFCAXIS2PLACEMENT3D(#6, #4, #2);

/* ------- Container for all storeys withinIFCBUILDING(#52) ------------------------------------ */
#8360 = IFCRELAGGREGATES('0LfTLQl6f9YAhNZ5WPjVB4', #7, $, $, #52, (#8357));
#8361 = IFCRELCONTAINEDINSPATIALSTRUCTURE('33IoUDdTv7B8D2EVT1Wcwx', #7, $, $, (#8362, #10449), #8357);
#8362 = IFCBUILDINGELEMENTPROXY('17rPyxV7H67xGh4Icb3U82', #7, 'Neubau Trag 1 Erg\X2\00E4\X0\nzung WSH Bstg. Gleis 2', $, $, #8363, #8408, $, .ELEMENT.);
#8363 = IFCLOCALPLACEMENT(#8358, #8364);
#8364 = IFCAXIS2PLACEMENT3D(#6, #4, #2);
#8365 = IFCPROPERTYSET('2Ku8KZWS5788wVzOSuWoPs', #7, 'ProVI', $, (#8366, #8367, #8368, #8369, #8370, #8371, #8372, #8373, #8375, #8377, #8378, #8380, #8382, #8384));
#8366 = IFCPROPERTYSINGLEVALUE('PVI_BEZEICHNUNG_PROJEKT', $, IFCLABEL('Kressbronn VA'), $);
#8367 = IFCPROPERTYSINGLEVALUE('PVI_NUMMER_PROJEKT', $, IFCLABEL('522'), $);
#8368 = IFCPROPERTYSINGLEVALUE('PVI_BEZEICHNUNG_DATEI', $, IFCLABEL('Trasse Bestand mit Erg\X2\00E4\X0\nzung WSH'), $);
#8369 = IFCPROPERTYSINGLEVALUE('PVI_BAUTEILGRUPPE', $, IFCLABEL('Bahnsteige'), $);
#8370 = IFCPROPERTYSINGLEVALUE('PVI_BAUTEILTYP', $, IFCLABEL('Neubau Trag 1 Erg\X2\00E4\X0\nzung WSH Bstg. Gleis 2'), $);
#8371 = IFCPROPERTYSINGLEVALUE('PVI_KM_VON', $, IFCLABEL('13,9+56,184'), $);
#8372 = IFCPROPERTYSINGLEVALUE('PVI_KM_BIS', $, IFCLABEL('13,9+62,782'), $);
#8373 = IFCPROPERTYSINGLEVALUE('PVI_STAT_VON', $, IFCREAL(13956.184), #8374);
#8374 = IFCSIUNIT(*, .LENGTHUNIT., $, .METRE.);
#8375 = IFCPROPERTYSINGLEVALUE('PVI_STAT_BIS', $, IFCREAL(13962.782), #8376);
#8376 = IFCSIUNIT(*, .LENGTHUNIT., $, .METRE.);
#8377 = IFCPROPERTYSINGLEVALUE('PVI_STATIONSBEZUG', $, IFCLABEL('Achse 4530S (Kilometrierungslinie 4530 (DR0))'), $);
#8378 = IFCPROPERTYSINGLEVALUE('PVI_SCHICHTSTAERKE', $, IFCREAL(0.), #8379);
#8379 = IFCSIUNIT(*, .LENGTHUNIT., $, .METRE.);
#8380 = IFCPROPERTYSINGLEVALUE('PVI_VOLUMEN_M3', $, IFCREAL(5.609), #8381);
#8381 = IFCSIUNIT(*, .VOLUMEUNIT., $, .CUBIC_METRE.);
#8382 = IFCPROPERTYSINGLEVALUE('PVI_FLAECHE_M2', $, IFCREAL(20.033), #8383);
#8383 = IFCSIUNIT(*, .AREAUNIT., $, .SQUARE_METRE.);
#8384 = IFCPROPERTYSINGLEVALUE('PVI_VOLUMEN_REB_M3', $, IFCREAL(5.609), #8385);
#8385 = IFCSIUNIT(*, .VOLUMEUNIT., $, .CUBIC_METRE.);
#8386 = IFCRELDEFINESBYPROPERTIES('2se14bL01BJep27vIvgiy2', #7, $, $, (#8362), #8365);
#8387 = IFCPROPERTYSET('18COlqFgn8tQDNKtrTNk0x', #7, 'DB', $, (#8388, #8389, #8390, #8391, #8392, #8393, #8394));
#8388 = IFCPROPERTYSINGLEVALUE('Zustand', $, IFCLABEL('Neubau'), $);
#8389 = IFCPROPERTYSINGLEVALUE('Eigentuemer', $, IFCLABEL('DB Infr'), $);
#8390 = IFCPROPERTYSINGLEVALUE('Datenquelle', $, IFCLABEL('Planung'), $);
#8391 = IFCPROPERTYSINGLEVALUE('Equipment', $, IFCLABEL('80135450'), $);
#8392 = IFCPROPERTYSINGLEVALUE('DBAnlagentyp', $, IFCLABEL('WandUndBodenbelaege'), $);
#8393 = IFCPROPERTYSINGLEVALUE('Objektklasse', $, IFCLABEL('Bodenbelag'), $);
#8394 = IFCPROPERTYSINGLEVALUE('Objekt', $, IFCLABEL('Tragschicht'), $);
#8395 = IFCRELDEFINESBYPROPERTIES('3nJJq7gBP1VeOPLcw3fiAQ', #7, $, $, (#8362), #8387);
#8396 = IFCPROPERTYSET('1KIQBOdzn7b9TNYZeEUDh_', #7, 'Stammdaten Verkehrsanlage', $, (#8397, #8398, #8399, #8400, #8401));
#8397 = IFCPROPERTYSINGLEVALUE('Bf_Nr', $, IFCINTEGER(0), $);
#8398 = IFCPROPERTYSINGLEVALUE('BhfK', $, IFCLABEL('-'), $);
#8399 = IFCPROPERTYSINGLEVALUE('Durchfahrtsgeschwindigkeit', $, IFCLABEL('-'), $);
#8400 = IFCPROPERTYSINGLEVALUE('Lagesystem', $, IFCLABEL('-'), $);
#8401 = IFCPROPERTYSINGLEVALUE('Hoehensystem', $, IFCLABEL('-'), $);
#8402 = IFCRELDEFINESBYPROPERTIES('2uEkhzzeH9pQ5Ni742iJPe', #7, $, $, (#8362), #8396);
#8403 = IFCPROPERTYSET('0KG69Dms924vtl1tmOhbbK', #7, 'VST', $, (#8404, #8405, #8406));
#8404 = IFCPROPERTYSINGLEVALUE('VST_Baugruppe', $, IFCLABEL('Bstg Gl. 2'), $);
#8405 = IFCPROPERTYSINGLEVALUE('Phase erstellt', $, IFCLABEL('-'), $);
#8406 = IFCPROPERTYSINGLEVALUE('Phase abgebrochen', $, IFCLABEL('-'), $);
#8407 = IFCRELDEFINESBYPROPERTIES('3cy3mGAirBfPilbpzHyJiR', #7, $, $, (#8362), #8403);
#8408 = IFCPRODUCTDEFINITIONSHAPE($, $, (#8409));
#8409 = IFCSHAPEREPRESENTATION(#26, 'Body', 'SolidModel', (#8410));
#8410 = IFCFACETEDBREP(#8416);
#8411 = IFCSTYLEDITEM(#8410, (#8412), $);
#8412 = IFCPRESENTATIONSTYLEASSIGNMENT((#8413));
#8413 = IFCSURFACESTYLE($, .POSITIVE., (#8414));
#8414 = IFCSURFACESTYLERENDERING(#8415, $, $, $, $, $, $, $, .FLAT.);
#8415 = IFCCOLOURRGB($, 7.52941176470588E-1, 7.52941176470588E-1, 7.52941176470588E-1);
#8416 = IFCCLOSEDSHELL((#8417, #8423, #8427, #8431, #8435, #8439, #8443, #8446, #8449, #8452, #8455, #8460, #8463, #8467, #8470, #8474, #8477, #8480, #8483, #8488, #8491, #8495, #8499, #8502, #8505, #8508, #8511, #8516, #8519, #8523, #8526, #8530, #8533, #8536, #8539, #8544, #8547, #8551, #8554, #8558, #8561, #8564, #8567, #8572, #8575, #8579, #8582, #8586, #8589, #8592, #8595, #8600, #8603, #8607, #8610, #8614, #8617, #8620, #8623, #8628, #8631, #8635, #8638, #8642, #8645, #8648, #8651, #8656, #8659, #8663, #8666, #8670, #8673, #8676, #8679, #8684, #8687, #8691, #8694, #8698, #8701, #8704, #8707, #8712, #8715, #8719, #8722, #8726, #8729, #8732, #8735, #8740, #8743, #8747, #8750, #8754, #8757, #8760, #8763, #8768, #8771, #8775, #8778, #8782, #8785, #8788, #8791, #8796, #8799, #8803, #8806, #8810, #8813, #8816, #8819, #8824, #8827, #8831, #8834, #8838, #8841, #8844, #8847, #8852, #8855, #8859, #8862, #8866, #8869, #8872, #8875, #8880, #8883, #8887, #8890, #8894, #8897, #8900, #8903, #8908, #8911, #8915, #8918, #8922, #8925, #8928, #8931, #8936, #8939, #8943, #8946, #8950, #8953, #8956, #8959, #8964, #8967, #8971, #8974, #8978, #8981, #8984, #8987, #8992, #8995, #8999, #9002, #9006, #9009, #9012, #9015, #9020, #9023, #9027, #9030, #9034, #9037, #9040, #9043, #9048, #9051, #9055, #9058, #9062, #9065, #9068, #9071, #9076, #9079, #9083, #9086, #9090, #9093, #9096, #9099, #9104, #9107, #9111, #9114, #9118, #9121, #9124, #9127, #9132, #9135, #9139, #9142, #9146, #9149, #9152, #9155, #9160, #9163, #9167, #9170, #9174, #9177, #9180, #9183, #9188, #9191, #9195, #9198, #9202, #9205, #9208, #9211, #9216, #9219, #9223, #9226, #9230, #9233, #9236, #9239, #9244, #9247, #9251, #9254, #9258, #9261, #9264, #9267, #9272, #9275, #9279, #9282, #9286, #9289, #9292, #9295, #9300, #9303, #9307, #9310, #9314, #9317, #9320, #9323, #9328, #9331, #9335, #9338, #9342, #9345, #9348, #9351, #9356, #9359, #9363, #9366, #9370, #9373, #9376, #9379, #9384, #9387, #9391, #9394, #9398, #9401, #9404, #9407, #9412, #9415, #9419, #9422, #9426, #9429, #9432, #9435, #9440, #9443, #9447, #9450, #9454, #9457, #9460, #9463, #9468, #9471, #9475, #9478, #9482, #9485, #9488, #9491, #9496, #9499, #9503, #9506, #9510, #9513, #9516, #9519, #9524, #9527, #9531, #9534, #9538, #9541, #9544, #9547, #9552, #9555, #9559, #9562, #9566, #9569, #9572, #9575, #9580, #9583, #9587, #9590, #9594, #9597, #9600, #9603, #9608, #9611, #9615, #9618, #9622, #9625, #9628, #9631, #9636, #9639, #9643, #9646, #9650, #9653, #9656, #9659, #9664, #9667, #9671, #9674, #9678, #9681, #9684, #9687, #9692, #9695, #9699, #9702, #9706, #9709, #9712, #9715, #9720, #9723, #9727, #9730, #9734, #9737, #9740, #9743, #9748, #9751, #9755, #9758, #9762, #9765, #9768, #9771, #9776, #9779, #9783, #9786, #9790, #9793, #9796, #9799, #9804, #9807, #9811, #9814, #9818, #9821, #9824, #9827, #9832, #9835, #9839, #9842, #9846, #9849, #9852, #9855, #9860, #9863, #9867, #9870, #9874, #9877, #9880, #9883, #9888, #9891, #9895, #9898, #9902, #9905, #9908, #9911, #9916, #9919, #9923, #9926, #9930, #9933, #9936, #9939, #9944, #9947, #9951, #9954, #9958, #9961, #9964, #9967, #9972, #9975, #9979, #9982, #9986, #9989, #9992, #9995, #10000, #10003, #10007, #10010, #10014, #10017, #10020, #10023, #10028, #10031, #10035, #10038, #10042, #10045, #10048, #10051, #10056, #10059, #10063, #10066, #10070, #10073, #10076, #10079, #10084, #10087, #10091, #10094, #10098, #10101, #10104, #10107, #10112, #10115, #10119, #10122, #10126, #10129, #10132, #10135, #10140, #10143, #10147, #10150, #10154, #10157, #10160, #10163, #10168, #10171, #10175, #10178, #10182, #10185, #10188, #10191, #10196, #10199, #10203, #10206, #10210, #10213, #10216, #10219, #10224, #10227, #10231, #10234, #10238, #10241, #10244, #10247, #10252, #10256, #10259, #10262, #10266, #10269, #10272, #10275, #10280, #10283, #10287, #10290, #10294, #10297, #10300, #10303, #10308, #10311, #10315, #10318, #10322, #10325, #10328, #10331, #10336, #10339, #10343, #10346, #10350, #10353, #10356, #10359, #10364, #10367, #10371, #10374, #10378, #10381, #10384, #10387, #10392, #10395, #10399, #10402, #10406, #10409, #10412, #10415, #10419, #10423, #10426, #10430, #10434, #10437, #10440, #10443, #10446));
#8417 = IFCFACE((#8418));
#8418 = IFCFACEOUTERBOUND(#8419, .T.);
#8419 = IFCPOLYLOOP((#8420, #8421, #8422));
#8420 = IFCCARTESIANPOINT((4984.15074952051, 10016.4243450798, 407.687186019115));
#8421 = IFCCARTESIANPOINT((4984.1396579492, 10016.4363344255, 407.967264639641));
#8422 = IFCCARTESIANPOINT((4984.15074952051, 10016.4243450798, 407.967242328405));
#8423 = IFCFACE((#8424));
#8424 = IFCFACEOUTERBOUND(#8425, .T.);
#8425 = IFCPOLYLOOP((#8426, #8422, #8421));
#8426 = IFCCARTESIANPOINT((4982.81960093269, 10015.2126312453, 407.93125925511));
#8427 = IFCFACE((#8428));
#8428 = IFCFACEOUTERBOUND(#8429, .T.);
#8429 = IFCPOLYLOOP((#8422, #8426, #8430));
#8430 = IFCCARTESIANPOINT((4982.830692504, 10015.2006418997, 407.9312369572));
#8431 = IFCFACE((#8432));
#8432 = IFCFACEOUTERBOUND(#8433, .T.);
#8433 = IFCPOLYLOOP((#8434, #8430, #8426));
#8434 = IFCCARTESIANPOINT((4982.81960093269, 10015.2126312453, 407.651203260709));
#8435 = IFCFACE((#8436));
#8436 = IFCFACEOUTERBOUND(#8437, .T.);
#8437 = IFCPOLYLOOP((#8430, #8434, #8438));
#8438 = IFCCARTESIANPOINT((4982.830692504, 10015.2006418997, 407.651180962799));
#8439 = IFCFACE((#8440));
#8440 = IFCFACEOUTERBOUND(#8441, .T.);
#8441 = IFCPOLYLOOP((#8442, #8438, #8434));
#8442 = IFCCARTESIANPOINT((4984.1396579492, 10016.4363344255, 407.68720832957));
#8443 = IFCFACE((#8444));
#8444 = IFCFACEOUTERBOUND(#8445, .T.);
#8445 = IFCPOLYLOOP((#8438, #8442, #8420));
#8446 = IFCFACE((#8447));
#8447 = IFCFACEOUTERBOUND(#8448, .T.);
#8448 = IFCPOLYLOOP((#8421, #8420, #8442));
#8449 = IFCFACE((#8450));
#8450 = IFCFACEOUTERBOUND(#8451, .T.);
#8451 = IFCPOLYLOOP((#8426, #8442, #8434));
#8452 = IFCFACE((#8453));
#8453 = IFCFACEOUTERBOUND(#8454, .T.);
#8454 = IFCPOLYLOOP((#8421, #8442, #8426));
#8455 = IFCFACE((#8456));
#8456 = IFCFACEOUTERBOUND(#8457, .T.);
#8457 = IFCPOLYLOOP((#8458, #8422, #8459));
#8458 = IFCCARTESIANPOINT((4984.2050752977, 10016.3656220385, 407.687076721113));
#8459 = IFCCARTESIANPOINT((4984.2050752977, 10016.3656220385, 407.967133026576));
#8460 = IFCFACE((#8461));
#8461 = IFCFACEOUTERBOUND(#8462, .T.);
#8462 = IFCPOLYLOOP((#8430, #8459, #8422));
#8463 = IFCFACE((#8464));
#8464 = IFCFACEOUTERBOUND(#8465, .T.);
#8465 = IFCPOLYLOOP((#8459, #8430, #8466));
#8466 = IFCCARTESIANPOINT((4982.88501828119, 10015.1419188584, 407.931127720653));
#8467 = IFCFACE((#8468));
#8468 = IFCFACEOUTERBOUND(#8469, .T.);
#8469 = IFCPOLYLOOP((#8438, #8466, #8430));
#8470 = IFCFACE((#8471));
#8471 = IFCFACEOUTERBOUND(#8472, .T.);
#8472 = IFCPOLYLOOP((#8466, #8438, #8473));
#8473 = IFCCARTESIANPOINT((4982.88501828119, 10015.1419188584, 407.651071726251));
#8474 = IFCFACE((#8475));
#8475 = IFCFACEOUTERBOUND(#8476, .T.);
#8476 = IFCPOLYLOOP((#8420, #8473, #8438));
#8477 = IFCFACE((#8478));
#8478 = IFCFACEOUTERBOUND(#8479, .T.);
#8479 = IFCPOLYLOOP((#8473, #8420, #8458));
#8480 = IFCFACE((#8481));
#8481 = IFCFACEOUTERBOUND(#8482, .T.);
#8482 = IFCPOLYLOOP((#8422, #8458, #8420));
#8483 = IFCFACE((#8484));
#8484 = IFCFACEOUTERBOUND(#8485, .T.);
#8485 = IFCPOLYLOOP((#8486, #8459, #8487));
#8486 = IFCCARTESIANPOINT((4984.20575438696, 10016.3648879821, 407.687076139455));
#8487 = IFCCARTESIANPOINT((4984.20575438696, 10016.3648879821, 407.967132547103));
#8488 = IFCFACE((#8489));
#8489 = IFCFACEOUTERBOUND(#8490, .T.);
#8490 = IFCPOLYLOOP((#8466, #8487, #8459));
#8491 = IFCFACE((#8492));
#8492 = IFCFACEOUTERBOUND(#8493, .T.);
#8493 = IFCPOLYLOOP((#8487, #8466, #8494));
#8494 = IFCCARTESIANPOINT((4981.89125441802, 10014.2193284062, 407.904006355195));
#8495 = IFCFACE((#8496));
#8496 = IFCFACEOUTERBOUND(#8497, .T.);
#8497 = IFCPOLYLOOP((#8494, #8466, #8498));
#8498 = IFCCARTESIANPOINT((4981.89125441802, 10014.2193284062, 407.623950360795));
#8499 = IFCFACE((#8500));
#8500 = IFCFACEOUTERBOUND(#8501, .T.);
#8501 = IFCPOLYLOOP((#8473, #8498, #8466));
#8502 = IFCFACE((#8503));
#8503 = IFCFACEOUTERBOUND(#8504, .T.);
#8504 = IFCPOLYLOOP((#8458, #8498, #8473));
#8505 = IFCFACE((#8506));
#8506 = IFCFACEOUTERBOUND(#8507, .T.);
#8507 = IFCPOLYLOOP((#8498, #8458, #8486));
#8508 = IFCFACE((#8509));
#8509 = IFCFACEOUTERBOUND(#8510, .T.);
#8510 = IFCPOLYLOOP((#8459, #8486, #8458));
#8511 = IFCFACE((#8512));
#8512 = IFCFACEOUTERBOUND(#8513, .T.);
#8513 = IFCPOLYLOOP((#8514, #8487, #8515));
#8514 = IFCCARTESIANPOINT((4984.21865844676, 10016.3509394392, 407.687050178887));
#8515 = IFCCARTESIANPOINT((4984.21865844676, 10016.3509394392, 407.967106585327));
#8516 = IFCFACE((#8517));
#8517 = IFCFACEOUTERBOUND(#8518, .T.);
#8518 = IFCPOLYLOOP((#8494, #8515, #8487));
#8519 = IFCFACE((#8520));
#8520 = IFCFACEOUTERBOUND(#8521, .T.);
#8521 = IFCPOLYLOOP((#8515, #8494, #8522));
#8522 = IFCCARTESIANPOINT((4981.90415847782, 10014.2053798633, 407.903980411516));
#8523 = IFCFACE((#8524));
#8524 = IFCFACEOUTERBOUND(#8525, .T.);
#8525 = IFCPOLYLOOP((#8498, #8522, #8494));
#8526 = IFCFACE((#8527));
#8527 = IFCFACEOUTERBOUND(#8528, .T.);
#8528 = IFCPOLYLOOP((#8522, #8498, #8529));
#8529 = IFCCARTESIANPOINT((4981.90415847782, 10014.2053798633, 407.623924417115));
#8530 = IFCFACE((#8531));
#8531 = IFCFACEOUTERBOUND(#8532, .T.);
#8532 = IFCPOLYLOOP((#8486, #8529, #8498));
#8533 = IFCFACE((#8534));
#8534 = IFCFACEOUTERBOUND(#8535, .T.);
#8535 = IFCPOLYLOOP((#8529, #8486, #8514));
#8536 = IFCFACE((#8537));
#8537 = IFCFACEOUTERBOUND(#8538, .T.);
#8538 = IFCPOLYLOOP((#8487, #8514, #8486));
#8539 = IFCFACE((#8540));
#8540 = IFCFACEOUTERBOUND(#8541, .T.);
#8541 = IFCPOLYLOOP((#8542, #8515, #8543));
#8542 = IFCCARTESIANPOINT((4984.28656737302, 10016.2775337986, 407.686913544316));
#8543 = IFCCARTESIANPOINT((4984.28656737302, 10016.2775337986, 407.9669699444));
#8544 = IFCFACE((#8545));
#8545 = IFCFACEOUTERBOUND(#8546, .T.);
#8546 = IFCPOLYLOOP((#8522, #8543, #8515));
#8547 = IFCFACE((#8548));
#8548 = IFCFACEOUTERBOUND(#8549, .T.);
#8549 = IFCPOLYLOOP((#8543, #8522, #8550));
#8550 = IFCCARTESIANPOINT((4981.97206740408, 10014.1319742227, 407.903843865832));
#8551 = IFCFACE((#8552));
#8552 = IFCFACEOUTERBOUND(#8553, .T.);
#8553 = IFCPOLYLOOP((#8529, #8550, #8522));
#8554 = IFCFACE((#8555));
#8555 = IFCFACEOUTERBOUND(#8556, .T.);
#8556 = IFCPOLYLOOP((#8550, #8529, #8557));
#8557 = IFCCARTESIANPOINT((4981.97206740408, 10014.1319742227, 407.623787871431));
#8558 = IFCFACE((#8559));
#8559 = IFCFACEOUTERBOUND(#8560, .T.);
#8560 = IFCPOLYLOOP((#8514, #8557, #8529));
#8561 = IFCFACE((#8562));
#8562 = IFCFACEOUTERBOUND(#8563, .T.);
#8563 = IFCPOLYLOOP((#8557, #8514, #8542));
#8564 = IFCFACE((#8565));
#8565 = IFCFACEOUTERBOUND(#8566, .T.);
#8566 = IFCPOLYLOOP((#8515, #8542, #8514));
#8567 = IFCFACE((#8568));
#8568 = IFCFACEOUTERBOUND(#8569, .T.);
#8569 = IFCPOLYLOOP((#8570, #8543, #8571));
#8570 = IFCCARTESIANPOINT((4984.35447629928, 10016.2041281579, 407.686776909746));
#8571 = IFCCARTESIANPOINT((4984.35447629928, 10016.2041281579, 407.966833303472));
#8572 = IFCFACE((#8573));
#8573 = IFCFACEOUTERBOUND(#8574, .T.);
#8574 = IFCPOLYLOOP((#8550, #8571, #8543));
#8575 = IFCFACE((#8576));
#8576 = IFCFACEOUTERBOUND(#8577, .T.);
#8577 = IFCPOLYLOOP((#8571, #8550, #8578));
#8578 = IFCCARTESIANPOINT((4982.03997633034, 10014.058568582, 407.903707320147));
#8579 = IFCFACE((#8580));
#8580 = IFCFACEOUTERBOUND(#8581, .T.);
#8581 = IFCPOLYLOOP((#8557, #8578, #8550));
#8582 = IFCFACE((#8583));
#8583 = IFCFACEOUTERBOUND(#8584, .T.);
#8584 = IFCPOLYLOOP((#8578, #8557, #8585));
#8585 = IFCCARTESIANPOINT((4982.03997633034, 10014.058568582, 407.623651325747));
#8586 = IFCFACE((#8587));
#8587 = IFCFACEOUTERBOUND(#8588, .T.);
#8588 = IFCPOLYLOOP((#8542, #8585, #8557));
#8589 = IFCFACE((#8590));
#8590 = IFCFACEOUTERBOUND(#8591, .T.);
#8591 = IFCPOLYLOOP((#8585, #8542, #8570));
#8592 = IFCFACE((#8593));
#8593 = IFCFACEOUTERBOUND(#8594, .T.);
#8594 = IFCPOLYLOOP((#8543, #8570, #8542));
#8595 = IFCFACE((#8596));
#8596 = IFCFACEOUTERBOUND(#8597, .T.);
#8597 = IFCPOLYLOOP((#8598, #8571, #8599));
#8598 = IFCCARTESIANPOINT((4984.42238522554, 10016.1307225173, 407.686640275176));
#8599 = IFCCARTESIANPOINT((4984.42238522554, 10016.1307225173, 407.966696662545));
#8600 = IFCFACE((#8601));
#8601 = IFCFACEOUTERBOUND(#8602, .T.);
#8602 = IFCPOLYLOOP((#8578, #8599, #8571));
#8603 = IFCFACE((#8604));
#8604 = IFCFACEOUTERBOUND(#8605, .T.);
#8605 = IFCPOLYLOOP((#8599, #8578, #8606));
#8606 = IFCCARTESIANPOINT((4982.1078852566, 10013.9851629414, 407.903570774464));
#8607 = IFCFACE((#8608));
#8608 = IFCFACEOUTERBOUND(#8609, .T.);
#8609 = IFCPOLYLOOP((#8585, #8606, #8578));
#8610 = IFCFACE((#8611));
#8611 = IFCFACEOUTERBOUND(#8612, .T.);
#8612 = IFCPOLYLOOP((#8606, #8585, #8613));
#8613 = IFCCARTESIANPOINT((4982.1078852566, 10013.9851629414, 407.623514780063));
#8614 = IFCFACE((#8615));
#8615 = IFCFACEOUTERBOUND(#8616, .T.);
#8616 = IFCPOLYLOOP((#8570, #8613, #8585));
#8617 = IFCFACE((#8618));
#8618 = IFCFACEOUTERBOUND(#8619, .T.);
#8619 = IFCPOLYLOOP((#8613, #8570, #8598));
#8620 = IFCFACE((#8621));
#8621 = IFCFACEOUTERBOUND(#8622, .T.);
#8622 = IFCPOLYLOOP((#8571, #8598, #8570));
#8623 = IFCFACE((#8624));
#8624 = IFCFACEOUTERBOUND(#8625, .T.);
#8625 = IFCPOLYLOOP((#8626, #8599, #8627));
#8626 = IFCCARTESIANPOINT((4984.4902941518, 10016.0573168766, 407.686503640605));
#8627 = IFCCARTESIANPOINT((4984.49029415179, 10016.0573168766, 407.966560021619));
#8628 = IFCFACE((#8629));
#8629 = IFCFACEOUTERBOUND(#8630, .T.);
#8630 = IFCPOLYLOOP((#8606, #8627, #8599));
#8631 = IFCFACE((#8632));
#8632 = IFCFACEOUTERBOUND(#8633, .T.);
#8633 = IFCPOLYLOOP((#8627, #8606, #8634));
#8634 = IFCCARTESIANPOINT((4982.17579418285, 10013.9117573007, 407.90343422878));
#8635 = IFCFACE((#8636));
#8636 = IFCFACEOUTERBOUND(#8637, .T.);
#8637 = IFCPOLYLOOP((#8613, #8634, #8606));
#8638 = IFCFACE((#8639));
#8639 = IFCFACEOUTERBOUND(#8640, .T.);
#8640 = IFCPOLYLOOP((#8634, #8613, #8641));
#8641 = IFCCARTESIANPOINT((4982.17579418285, 10013.9117573007, 407.623378234379));
#8642 = IFCFACE((#8643));
#8643 = IFCFACEOUTERBOUND(#8644, .T.);
#8644 = IFCPOLYLOOP((#8598, #8641, #8613));
#8645 = IFCFACE((#8646));
#8646 = IFCFACEOUTERBOUND(#8647, .T.);
#8647 = IFCPOLYLOOP((#8641, #8598, #8626));
#8648 = IFCFACE((#8649));
#8649 = IFCFACEOUTERBOUND(#8650, .T.);
#8650 = IFCPOLYLOOP((#8599, #8626, #8598));
#8651 = IFCFACE((#8652));
#8652 = IFCFACEOUTERBOUND(#8653, .T.);
#8653 = IFCPOLYLOOP((#8654, #8627, #8655));
#8654 = IFCCARTESIANPOINT((4984.55820307805, 10015.983911236, 407.686367006035));
#8655 = IFCCARTESIANPOINT((4984.55820307805, 10015.983911236, 407.966423380691));
#8656 = IFCFACE((#8657));
#8657 = IFCFACEOUTERBOUND(#8658, .T.);
#8658 = IFCPOLYLOOP((#8634, #8655, #8627));
#8659 = IFCFACE((#8660));
#8660 = IFCFACEOUTERBOUND(#8661, .T.);
#8661 = IFCPOLYLOOP((#8655, #8634, #8662));
#8662 = IFCCARTESIANPOINT((4982.24370310911, 10013.8383516601, 407.903297683099));
#8663 = IFCFACE((#8664));
#8664 = IFCFACEOUTERBOUND(#8665, .T.);
#8665 = IFCPOLYLOOP((#8641, #8662, #8634));
#8666 = IFCFACE((#8667));
#8667 = IFCFACEOUTERBOUND(#8668, .T.);
#8668 = IFCPOLYLOOP((#8662, #8641, #8669));
#8669 = IFCCARTESIANPOINT((4982.24370310911, 10013.8383516601, 407.623241688695));
#8670 = IFCFACE((#8671));
#8671 = IFCFACEOUTERBOUND(#8672, .T.);
#8672 = IFCPOLYLOOP((#8626, #8669, #8641));
#8673 = IFCFACE((#8674));
#8674 = IFCFACEOUTERBOUND(#8675, .T.);
#8675 = IFCPOLYLOOP((#8669, #8626, #8654));
#8676 = IFCFACE((#8677));
#8677 = IFCFACEOUTERBOUND(#8678, .T.);
#8678 = IFCPOLYLOOP((#8627, #8654, #8626));
#8679 = IFCFACE((#8680));
#8680 = IFCFACEOUTERBOUND(#8681, .T.);
#8681 = IFCPOLYLOOP((#8682, #8655, #8683));
#8682 = IFCCARTESIANPOINT((4984.62611200431, 10015.9105055954, 407.686230371465));
#8683 = IFCCARTESIANPOINT((4984.62611200431, 10015.9105055954, 407.966286739765));
#8684 = IFCFACE((#8685));
#8685 = IFCFACEOUTERBOUND(#8686, .T.);
#8686 = IFCPOLYLOOP((#8662, #8683, #8655));
#8687 = IFCFACE((#8688));
#8688 = IFCFACEOUTERBOUND(#8689, .T.);
#8689 = IFCPOLYLOOP((#8683, #8662, #8690));
#8690 = IFCCARTESIANPOINT((4982.31161203537, 10013.7649460195, 407.903161137412));
#8691 = IFCFACE((#8692));
#8692 = IFCFACEOUTERBOUND(#8693, .T.);
#8693 = IFCPOLYLOOP((#8669, #8690, #8662));
#8694 = IFCFACE((#8695));
#8695 = IFCFACEOUTERBOUND(#8696, .T.);
#8696 = IFCPOLYLOOP((#8690, #8669, #8697));
#8697 = IFCCARTESIANPOINT((4982.31161203537, 10013.7649460195, 407.623105143011));
#8698 = IFCFACE((#8699));
#8699 = IFCFACEOUTERBOUND(#8700, .T.);
#8700 = IFCPOLYLOOP((#8654, #8697, #8669));
#8701 = IFCFACE((#8702));
#8702 = IFCFACEOUTERBOUND(#8703, .T.);
#8703 = IFCPOLYLOOP((#8697, #8654, #8682));
#8704 = IFCFACE((#8705));
#8705 = IFCFACEOUTERBOUND(#8706, .T.);
#8706 = IFCPOLYLOOP((#8655, #8682, #8654));
#8707 = IFCFACE((#8708));
#8708 = IFCFACEOUTERBOUND(#8709, .T.);
#8709 = IFCPOLYLOOP((#8710, #8683, #8711));
#8710 = IFCCARTESIANPOINT((4984.69402093057, 10015.8370999547, 407.686093736894));
#8711 = IFCCARTESIANPOINT((4984.69402093057, 10015.8370999547, 407.966150098838));
#8712 = IFCFACE((#8713));
#8713 = IFCFACEOUTERBOUND(#8714, .T.);
#8714 = IFCPOLYLOOP((#8690, #8711, #8683));
#8715 = IFCFACE((#8716));
#8716 = IFCFACEOUTERBOUND(#8717, .T.);
#8717 = IFCPOLYLOOP((#8711, #8690, #8718));
#8718 = IFCCARTESIANPOINT((4982.37952096163, 10013.6915403788, 407.903024591731));
#8719 = IFCFACE((#8720));
#8720 = IFCFACEOUTERBOUND(#8721, .T.);
#8721 = IFCPOLYLOOP((#8697, #8718, #8690));
#8722 = IFCFACE((#8723));
#8723 = IFCFACEOUTERBOUND(#8724, .T.);
#8724 = IFCPOLYLOOP((#8718, #8697, #8725));
#8725 = IFCCARTESIANPOINT((4982.37952096163, 10013.6915403788, 407.622968597327));
#8726 = IFCFACE((#8727));
#8727 = IFCFACEOUTERBOUND(#8728, .T.);
#8728 = IFCPOLYLOOP((#8682, #8725, #8697));
#8729 = IFCFACE((#8730));
#8730 = IFCFACEOUTERBOUND(#8731, .T.);
#8731 = IFCPOLYLOOP((#8725, #8682, #8710));
#8732 = IFCFACE((#8733));
#8733 = IFCFACEOUTERBOUND(#8734, .T.);
#8734 = IFCPOLYLOOP((#8683, #8710, #8682));
#8735 = IFCFACE((#8736));
#8736 = IFCFACEOUTERBOUND(#8737, .T.);
#8737 = IFCPOLYLOOP((#8738, #8711, #8739));
#8738 = IFCCARTESIANPOINT((4984.76192985683, 10015.7636943141, 407.685957102324));
#8739 = IFCCARTESIANPOINT((4984.76192985683, 10015.7636943141, 407.966013457911));
#8740 = IFCFACE((#8741));
#8741 = IFCFACEOUTERBOUND(#8742, .T.);
#8742 = IFCPOLYLOOP((#8718, #8739, #8711));
#8743 = IFCFACE((#8744));
#8744 = IFCFACEOUTERBOUND(#8745, .T.);
#8745 = IFCPOLYLOOP((#8739, #8718, #8746));
#8746 = IFCCARTESIANPOINT((4982.44742988789, 10013.6181347382, 407.902888046043));
#8747 = IFCFACE((#8748));
#8748 = IFCFACEOUTERBOUND(#8749, .T.);
#8749 = IFCPOLYLOOP((#8725, #8746, #8718));
#8750 = IFCFACE((#8751));
#8751 = IFCFACEOUTERBOUND(#8752, .T.);
#8752 = IFCPOLYLOOP((#8746, #8725, #8753));
#8753 = IFCCARTESIANPOINT((4982.44742988789, 10013.6181347382, 407.622832051643));
#8754 = IFCFACE((#8755));
#8755 = IFCFACEOUTERBOUND(#8756, .T.);
#8756 = IFCPOLYLOOP((#8710, #8753, #8725));
#8757 = IFCFACE((#8758));
#8758 = IFCFACEOUTERBOUND(#8759, .T.);
#8759 = IFCPOLYLOOP((#8753, #8710, #8738));
#8760 = IFCFACE((#8761));
#8761 = IFCFACEOUTERBOUND(#8762, .T.);
#8762 = IFCPOLYLOOP((#8711, #8738, #8710));
#8763 = IFCFACE((#8764));
#8764 = IFCFACEOUTERBOUND(#8765, .T.);
#8765 = IFCPOLYLOOP((#8766, #8739, #8767));
#8766 = IFCCARTESIANPOINT((4984.82983878309, 10015.6902886735, 407.685820467754));
#8767 = IFCCARTESIANPOINT((4984.82983878309, 10015.6902886735, 407.965876816983));
#8768 = IFCFACE((#8769));
#8769 = IFCFACEOUTERBOUND(#8770, .T.);
#8770 = IFCPOLYLOOP((#8746, #8767, #8739));
#8771 = IFCFACE((#8772));
#8772 = IFCFACEOUTERBOUND(#8773, .T.);
#8773 = IFCPOLYLOOP((#8767, #8746, #8774));
#8774 = IFCCARTESIANPOINT((4982.51533881414, 10013.5447290975, 407.902751500358));
#8775 = IFCFACE((#8776));
#8776 = IFCFACEOUTERBOUND(#8777, .T.);
#8777 = IFCPOLYLOOP((#8753, #8774, #8746));
#8778 = IFCFACE((#8779));
#8779 = IFCFACEOUTERBOUND(#8780, .T.);
#8780 = IFCPOLYLOOP((#8774, #8753, #8781));
#8781 = IFCCARTESIANPOINT((4982.51533881414, 10013.5447290975, 407.622695505959));
#8782 = IFCFACE((#8783));
#8783 = IFCFACEOUTERBOUND(#8784, .T.);
#8784 = IFCPOLYLOOP((#8738, #8781, #8753));
#8785 = IFCFACE((#8786));
#8786 = IFCFACEOUTERBOUND(#8787, .T.);
#8787 = IFCPOLYLOOP((#8781, #8738, #8766));
#8788 = IFCFACE((#8789));
#8789 = IFCFACEOUTERBOUND(#8790, .T.);
#8790 = IFCPOLYLOOP((#8739, #8766, #8738));
#8791 = IFCFACE((#8792));
#8792 = IFCFACEOUTERBOUND(#8793, .T.);
#8793 = IFCPOLYLOOP((#8794, #8767, #8795));
#8794 = IFCCARTESIANPOINT((4984.89774770934, 10015.6168830328, 407.685683833183));
#8795 = IFCCARTESIANPOINT((4984.89774770934, 10015.6168830328, 407.96574017606));
#8796 = IFCFACE((#8797));
#8797 = IFCFACEOUTERBOUND(#8798, .T.);
#8798 = IFCPOLYLOOP((#8774, #8795, #8767));
#8799 = IFCFACE((#8800));
#8800 = IFCFACEOUTERBOUND(#8801, .T.);
#8801 = IFCPOLYLOOP((#8795, #8774, #8802));
#8802 = IFCCARTESIANPOINT((4982.5832477404, 10013.4713234569, 407.902614954679));
#8803 = IFCFACE((#8804));
#8804 = IFCFACEOUTERBOUND(#8805, .T.);
#8805 = IFCPOLYLOOP((#8781, #8802, #8774));
#8806 = IFCFACE((#8807));
#8807 = IFCFACEOUTERBOUND(#8808, .T.);
#8808 = IFCPOLYLOOP((#8802, #8781, #8809));
#8809 = IFCCARTESIANPOINT((4982.5832477404, 10013.4713234569, 407.622558960276));
#8810 = IFCFACE((#8811));
#8811 = IFCFACEOUTERBOUND(#8812, .T.);
#8812 = IFCPOLYLOOP((#8766, #8809, #8781));
#8813 = IFCFACE((#8814));
#8814 = IFCFACEOUTERBOUND(#8815, .T.);
#8815 = IFCPOLYLOOP((#8809, #8766, #8794));
#8816 = IFCFACE((#8817));
#8817 = IFCFACEOUTERBOUND(#8818, .T.);
#8818 = IFCPOLYLOOP((#8767, #8794, #8766));
#8819 = IFCFACE((#8820));
#8820 = IFCFACEOUTERBOUND(#8821, .T.);
#8821 = IFCPOLYLOOP((#8822, #8795, #8823));
#8822 = IFCCARTESIANPOINT((4984.9656566356, 10015.5434773922, 407.685547198613));
#8823 = IFCCARTESIANPOINT((4984.9656566356, 10015.5434773922, 407.965603535128));
#8824 = IFCFACE((#8825));
#8825 = IFCFACEOUTERBOUND(#8826, .T.);
#8826 = IFCPOLYLOOP((#8802, #8823, #8795));
#8827 = IFCFACE((#8828));
#8828 = IFCFACEOUTERBOUND(#8829, .T.);
#8829 = IFCPOLYLOOP((#8823, #8802, #8830));
#8830 = IFCCARTESIANPOINT((4982.65115666666, 10013.3979178163, 407.902478408992));
#8831 = IFCFACE((#8832));
#8832 = IFCFACEOUTERBOUND(#8833, .T.);
#8833 = IFCPOLYLOOP((#8809, #8830, #8802));
#8834 = IFCFACE((#8835));
#8835 = IFCFACEOUTERBOUND(#8836, .T.);
#8836 = IFCPOLYLOOP((#8830, #8809, #8837));
#8837 = IFCCARTESIANPOINT((4982.65115666666, 10013.3979178163, 407.622422414592));
#8838 = IFCFACE((#8839));
#8839 = IFCFACEOUTERBOUND(#8840, .T.);
#8840 = IFCPOLYLOOP((#8794, #8837, #8809));
#8841 = IFCFACE((#8842));
#8842 = IFCFACEOUTERBOUND(#8843, .T.);
#8843 = IFCPOLYLOOP((#8837, #8794, #8822));
#8844 = IFCFACE((#8845));
#8845 = IFCFACEOUTERBOUND(#8846, .T.);
#8846 = IFCPOLYLOOP((#8795, #8822, #8794));
#8847 = IFCFACE((#8848));
#8848 = IFCFACEOUTERBOUND(#8849, .T.);
#8849 = IFCPOLYLOOP((#8850, #8823, #8851));
#8850 = IFCCARTESIANPOINT((4985.03356556186, 10015.4700717515, 407.685410564042));
#8851 = IFCCARTESIANPOINT((4985.03356556186, 10015.4700717515, 407.965466894204));
#8852 = IFCFACE((#8853));
#8853 = IFCFACEOUTERBOUND(#8854, .T.);
#8854 = IFCPOLYLOOP((#8830, #8851, #8823));
#8855 = IFCFACE((#8856));
#8856 = IFCFACEOUTERBOUND(#8857, .T.);
#8857 = IFCPOLYLOOP((#8851, #8830, #8858));
#8858 = IFCCARTESIANPOINT((4982.71906559292, 10013.3245121756, 407.90234186331));
#8859 = IFCFACE((#8860));
#8860 = IFCFACEOUTERBOUND(#8861, .T.);
#8861 = IFCPOLYLOOP((#8837, #8858, #8830));
#8862 = IFCFACE((#8863));
#8863 = IFCFACEOUTERBOUND(#8864, .T.);
#8864 = IFCPOLYLOOP((#8858, #8837, #8865));
#8865 = IFCCARTESIANPOINT((4982.71906559292, 10013.3245121756, 407.622285868908));
#8866 = IFCFACE((#8867));
#8867 = IFCFACEOUTERBOUND(#8868, .T.);
#8868 = IFCPOLYLOOP((#8822, #8865, #8837));
#8869 = IFCFACE((#8870));
#8870 = IFCFACEOUTERBOUND(#8871, .T.);
#8871 = IFCPOLYLOOP((#8865, #8822, #8850));
#8872 = IFCFACE((#8873));
#8873 = IFCFACEOUTERBOUND(#8874, .T.);
#8874 = IFCPOLYLOOP((#8823, #8850, #8822));
#8875 = IFCFACE((#8876));
#8876 = IFCFACEOUTERBOUND(#8877, .T.);
#8877 = IFCPOLYLOOP((#8878, #8851, #8879));
#8878 = IFCCARTESIANPOINT((4985.10147448812, 10015.3966661109, 407.685273929472));
#8879 = IFCCARTESIANPOINT((4985.10147448812, 10015.3966661109, 407.965330253276));
#8880 = IFCFACE((#8881));
#8881 = IFCFACEOUTERBOUND(#8882, .T.);
#8882 = IFCPOLYLOOP((#8858, #8879, #8851));
#8883 = IFCFACE((#8884));
#8884 = IFCFACEOUTERBOUND(#8885, .T.);
#8885 = IFCPOLYLOOP((#8879, #8858, #8886));
#8886 = IFCCARTESIANPOINT((4982.78697451917, 10013.251106535, 407.902205317625));
#8887 = IFCFACE((#8888));
#8888 = IFCFACEOUTERBOUND(#8889, .T.);
#8889 = IFCPOLYLOOP((#8865, #8886, #8858));
#8890 = IFCFACE((#8891));
#8891 = IFCFACEOUTERBOUND(#8892, .T.);
#8892 = IFCPOLYLOOP((#8886, #8865, #8893));
#8893 = IFCCARTESIANPOINT((4982.78697451917, 10013.251106535, 407.622149323224));
#8894 = IFCFACE((#8895));
#8895 = IFCFACEOUTERBOUND(#8896, .T.);
#8896 = IFCPOLYLOOP((#8850, #8893, #8865));
#8897 = IFCFACE((#8898));
#8898 = IFCFACEOUTERBOUND(#8899, .T.);
#8899 = IFCPOLYLOOP((#8893, #8850, #8878));
#8900 = IFCFACE((#8901));
#8901 = IFCFACEOUTERBOUND(#8902, .T.);
#8902 = IFCPOLYLOOP((#8851, #8878, #8850));
#8903 = IFCFACE((#8904));
#8904 = IFCFACEOUTERBOUND(#8905, .T.);
#8905 = IFCPOLYLOOP((#8906, #8879, #8907));
#8906 = IFCCARTESIANPOINT((4985.16938341437, 10015.3232604703, 407.685137294902));
#8907 = IFCCARTESIANPOINT((4985.16938341437, 10015.3232604703, 407.965193612351));
#8908 = IFCFACE((#8909));
#8909 = IFCFACEOUTERBOUND(#8910, .T.);
#8910 = IFCPOLYLOOP((#8886, #8907, #8879));
#8911 = IFCFACE((#8912));
#8912 = IFCFACEOUTERBOUND(#8913, .T.);
#8913 = IFCPOLYLOOP((#8907, #8886, #8914));
#8914 = IFCCARTESIANPOINT((4982.85488344543, 10013.1777008943, 407.902068771939));
#8915 = IFCFACE((#8916));
#8916 = IFCFACEOUTERBOUND(#8917, .T.);
#8917 = IFCPOLYLOOP((#8893, #8914, #8886));
#8918 = IFCFACE((#8919));
#8919 = IFCFACEOUTERBOUND(#8920, .T.);
#8920 = IFCPOLYLOOP((#8914, #8893, #8921));
#8921 = IFCCARTESIANPOINT((4982.85488344543, 10013.1777008943, 407.62201277754));
#8922 = IFCFACE((#8923));
#8923 = IFCFACEOUTERBOUND(#8924, .T.);
#8924 = IFCPOLYLOOP((#8878, #8921, #8893));
#8925 = IFCFACE((#8926));
#8926 = IFCFACEOUTERBOUND(#8927, .T.);
#8927 = IFCPOLYLOOP((#8921, #8878, #8906));
#8928 = IFCFACE((#8929));
#8929 = IFCFACEOUTERBOUND(#8930, .T.);
#8930 = IFCPOLYLOOP((#8879, #8906, #8878));
#8931 = IFCFACE((#8932));
#8932 = IFCFACEOUTERBOUND(#8933, .T.);
#8933 = IFCPOLYLOOP((#8934, #8907, #8935));
#8934 = IFCCARTESIANPOINT((4985.23729234063, 10015.2498548296, 407.685000660331));
#8935 = IFCCARTESIANPOINT((4985.23729234063, 10015.2498548296, 407.965056971423));
#8936 = IFCFACE((#8937));
#8937 = IFCFACEOUTERBOUND(#8938, .T.);
#8938 = IFCPOLYLOOP((#8914, #8935, #8907));
#8939 = IFCFACE((#8940));
#8940 = IFCFACEOUTERBOUND(#8941, .T.);
#8941 = IFCPOLYLOOP((#8935, #8914, #8942));
#8942 = IFCCARTESIANPOINT((4982.92279237169, 10013.1042952537, 407.901932226257));
#8943 = IFCFACE((#8944));
#8944 = IFCFACEOUTERBOUND(#8945, .T.);
#8945 = IFCPOLYLOOP((#8921, #8942, #8914));
#8946 = IFCFACE((#8947));
#8947 = IFCFACEOUTERBOUND(#8948, .T.);
#8948 = IFCPOLYLOOP((#8942, #8921, #8949));
#8949 = IFCCARTESIANPOINT((4982.92279237169, 10013.1042952537, 407.621876231856));
#8950 = IFCFACE((#8951));
#8951 = IFCFACEOUTERBOUND(#8952, .T.);
#8952 = IFCPOLYLOOP((#8906, #8949, #8921));
#8953 = IFCFACE((#8954));
#8954 = IFCFACEOUTERBOUND(#8955, .T.);
#8955 = IFCPOLYLOOP((#8949, #8906, #8934));
#8956 = IFCFACE((#8957));
#8957 = IFCFACEOUTERBOUND(#8958, .T.);
#8958 = IFCPOLYLOOP((#8907, #8934, #8906));
#8959 = IFCFACE((#8960));
#8960 = IFCFACEOUTERBOUND(#8961, .T.);
#8961 = IFCPOLYLOOP((#8962, #8935, #8963));
#8962 = IFCCARTESIANPOINT((4985.30520126689, 10015.176449189, 407.684864025761));
#8963 = IFCCARTESIANPOINT((4985.30520126689, 10015.176449189, 407.964920330496));
#8964 = IFCFACE((#8965));
#8965 = IFCFACEOUTERBOUND(#8966, .T.);
#8966 = IFCPOLYLOOP((#8942, #8963, #8935));
#8967 = IFCFACE((#8968));
#8968 = IFCFACEOUTERBOUND(#8969, .T.);
#8969 = IFCPOLYLOOP((#8963, #8942, #8970));
#8970 = IFCCARTESIANPOINT((4982.99070129795, 10013.0308896131, 407.901795680575));
#8971 = IFCFACE((#8972));
#8972 = IFCFACEOUTERBOUND(#8973, .T.);
#8973 = IFCPOLYLOOP((#8949, #8970, #8942));
#8974 = IFCFACE((#8975));
#8975 = IFCFACEOUTERBOUND(#8976, .T.);
#8976 = IFCPOLYLOOP((#8970, #8949, #8977));
#8977 = IFCCARTESIANPOINT((4982.99070129795, 10013.0308896131, 407.621739686172));
#8978 = IFCFACE((#8979));
#8979 = IFCFACEOUTERBOUND(#8980, .T.);
#8980 = IFCPOLYLOOP((#8934, #8977, #8949));
#8981 = IFCFACE((#8982));
#8982 = IFCFACEOUTERBOUND(#8983, .T.);
#8983 = IFCPOLYLOOP((#8977, #8934, #8962));
#8984 = IFCFACE((#8985));
#8985 = IFCFACEOUTERBOUND(#8986, .T.);
#8986 = IFCPOLYLOOP((#8935, #8962, #8934));
#8987 = IFCFACE((#8988));
#8988 = IFCFACEOUTERBOUND(#8989, .T.);
#8989 = IFCPOLYLOOP((#8990, #8963, #8991));
#8990 = IFCCARTESIANPOINT((4985.37311019315, 10015.1030435483, 407.68472739119));
#8991 = IFCCARTESIANPOINT((4985.37311019315, 10015.1030435483, 407.964783689568));
#8992 = IFCFACE((#8993));
#8993 = IFCFACEOUTERBOUND(#8994, .T.);
#8994 = IFCPOLYLOOP((#8970, #8991, #8963));
#8995 = IFCFACE((#8996));
#8996 = IFCFACEOUTERBOUND(#8997, .T.);
#8997 = IFCPOLYLOOP((#8991, #8970, #8998));
#8998 = IFCCARTESIANPOINT((4983.05861022421, 10012.9574839724, 407.90165913489));
#8999 = IFCFACE((#9000));
#9000 = IFCFACEOUTERBOUND(#9001, .T.);
#9001 = IFCPOLYLOOP((#8977, #8998, #8970));
#9002 = IFCFACE((#9003));
#9003 = IFCFACEOUTERBOUND(#9004, .T.);
#9004 = IFCPOLYLOOP((#8998, #8977, #9005));
#9005 = IFCCARTESIANPOINT((4983.05861022421, 10012.9574839724, 407.621603140488));
#9006 = IFCFACE((#9007));
#9007 = IFCFACEOUTERBOUND(#9008, .T.);
#9008 = IFCPOLYLOOP((#8962, #9005, #8977));
#9009 = IFCFACE((#9010));
#9010 = IFCFACEOUTERBOUND(#9011, .T.);
#9011 = IFCPOLYLOOP((#9005, #8962, #8990));
#9012 = IFCFACE((#9013));
#9013 = IFCFACEOUTERBOUND(#9014, .T.);
#9014 = IFCPOLYLOOP((#8963, #8990, #8962));
#9015 = IFCFACE((#9016));
#9016 = IFCFACEOUTERBOUND(#9017, .T.);
#9017 = IFCPOLYLOOP((#9018, #8991, #9019));
#9018 = IFCCARTESIANPOINT((4985.4410191194, 10015.0296379077, 407.68459075662));
#9019 = IFCCARTESIANPOINT((4985.4410191194, 10015.0296379077, 407.964647048639));
#9020 = IFCFACE((#9021));
#9021 = IFCFACEOUTERBOUND(#9022, .T.);
#9022 = IFCPOLYLOOP((#8998, #9019, #8991));
#9023 = IFCFACE((#9024));
#9024 = IFCFACEOUTERBOUND(#9025, .T.);
#9025 = IFCPOLYLOOP((#9019, #8998, #9026));
#9026 = IFCCARTESIANPOINT((4983.12651915046, 10012.8840783318, 407.901522589205));
#9027 = IFCFACE((#9028));
#9028 = IFCFACEOUTERBOUND(#9029, .T.);
#9029 = IFCPOLYLOOP((#9005, #9026, #8998));
#9030 = IFCFACE((#9031));
#9031 = IFCFACEOUTERBOUND(#9032, .T.);
#9032 = IFCPOLYLOOP((#9026, #9005, #9033));
#9033 = IFCCARTESIANPOINT((4983.12651915046, 10012.8840783318, 407.621466594804));
#9034 = IFCFACE((#9035));
#9035 = IFCFACEOUTERBOUND(#9036, .T.);
#9036 = IFCPOLYLOOP((#8990, #9033, #9005));
#9037 = IFCFACE((#9038));
#9038 = IFCFACEOUTERBOUND(#9039, .T.);
#9039 = IFCPOLYLOOP((#9033, #8990, #9018));
#9040 = IFCFACE((#9041));
#9041 = IFCFACEOUTERBOUND(#9042, .T.);
#9042 = IFCPOLYLOOP((#8991, #9018, #8990));
#9043 = IFCFACE((#9044));
#9044 = IFCFACEOUTERBOUND(#9045, .T.);
#9045 = IFCPOLYLOOP((#9046, #9019, #9047));
#9046 = IFCCARTESIANPOINT((4985.50892804566, 10014.9562322671, 407.68445412205));
#9047 = IFCCARTESIANPOINT((4985.50892804566, 10014.9562322671, 407.964510407713));
#9048 = IFCFACE((#9049));
#9049 = IFCFACEOUTERBOUND(#9050, .T.);
#9050 = IFCPOLYLOOP((#9026, #9047, #9019));
#9051 = IFCFACE((#9052));
#9052 = IFCFACEOUTERBOUND(#9053, .T.);
#9053 = IFCPOLYLOOP((#9047, #9026, #9054));
#9054 = IFCCARTESIANPOINT((4983.19442807672, 10012.8106726912, 407.901386043519));
#9055 = IFCFACE((#9056));
#9056 = IFCFACEOUTERBOUND(#9057, .T.);
#9057 = IFCPOLYLOOP((#9033, #9054, #9026));
#9058 = IFCFACE((#9059));
#9059 = IFCFACEOUTERBOUND(#9060, .T.);
#9060 = IFCPOLYLOOP((#9054, #9033, #9061));
#9061 = IFCCARTESIANPOINT((4983.19442807672, 10012.8106726912, 407.62133004912));
#9062 = IFCFACE((#9063));
#9063 = IFCFACEOUTERBOUND(#9064, .T.);
#9064 = IFCPOLYLOOP((#9018, #9061, #9033));
#9065 = IFCFACE((#9066));
#9066 = IFCFACEOUTERBOUND(#9067, .T.);
#9067 = IFCPOLYLOOP((#9061, #9018, #9046));
#9068 = IFCFACE((#9069));
#9069 = IFCFACEOUTERBOUND(#9070, .T.);
#9070 = IFCPOLYLOOP((#9019, #9046, #9018));
#9071 = IFCFACE((#9072));
#9072 = IFCFACEOUTERBOUND(#9073, .T.);
#9073 = IFCPOLYLOOP((#9074, #9047, #9075));
#9074 = IFCCARTESIANPOINT((4985.57683697192, 10014.8828266264, 407.684317487479));
#9075 = IFCCARTESIANPOINT((4985.57683697192, 10014.8828266264, 407.964373766788));
#9076 = IFCFACE((#9077));
#9077 = IFCFACEOUTERBOUND(#9078, .T.);
#9078 = IFCPOLYLOOP((#9054, #9075, #9047));
#9079 = IFCFACE((#9080));
#9080 = IFCFACEOUTERBOUND(#9081, .T.);
#9081 = IFCPOLYLOOP((#9075, #9054, #9082));
#9082 = IFCCARTESIANPOINT((4983.26233700298, 10012.7372670505, 407.901249497838));
#9083 = IFCFACE((#9084));
#9084 = IFCFACEOUTERBOUND(#9085, .T.);
#9085 = IFCPOLYLOOP((#9061, #9082, #9054));
#9086 = IFCFACE((#9087));
#9087 = IFCFACEOUTERBOUND(#9088, .T.);
#9088 = IFCPOLYLOOP((#9082, #9061, #9089));
#9089 = IFCCARTESIANPOINT((4983.26233700298, 10012.7372670505, 407.621193503436));
#9090 = IFCFACE((#9091));
#9091 = IFCFACEOUTERBOUND(#9092, .T.);
#9092 = IFCPOLYLOOP((#9046, #9089, #9061));
#9093 = IFCFACE((#9094));
#9094 = IFCFACEOUTERBOUND(#9095, .T.);
#9095 = IFCPOLYLOOP((#9089, #9046, #9074));
#9096 = IFCFACE((#9097));
#9097 = IFCFACEOUTERBOUND(#9098, .T.);
#9098 = IFCPOLYLOOP((#9047, #9074, #9046));
#9099 = IFCFACE((#9100));
#9100 = IFCFACEOUTERBOUND(#9101, .T.);
#9101 = IFCPOLYLOOP((#9102, #9075, #9103));
#9102 = IFCCARTESIANPOINT((4985.64474589818, 10014.8094209858, 407.684180852909));
#9103 = IFCCARTESIANPOINT((4985.64474589818, 10014.8094209858, 407.96423712586));
#9104 = IFCFACE((#9105));
#9105 = IFCFACEOUTERBOUND(#9106, .T.);
#9106 = IFCPOLYLOOP((#9082, #9103, #9075));
#9107 = IFCFACE((#9108));
#9108 = IFCFACEOUTERBOUND(#9109, .T.);
#9109 = IFCPOLYLOOP((#9103, #9082, #9110));
#9110 = IFCCARTESIANPOINT((4983.33024592924, 10012.6638614099, 407.901112952153));
#9111 = IFCFACE((#9112));
#9112 = IFCFACEOUTERBOUND(#9113, .T.);
#9113 = IFCPOLYLOOP((#9089, #9110, #9082));
#9114 = IFCFACE((#9115));
#9115 = IFCFACEOUTERBOUND(#9116, .T.);
#9116 = IFCPOLYLOOP((#9110, #9089, #9117));
#9117 = IFCCARTESIANPOINT((4983.33024592924, 10012.6638614099, 407.621056957753));
#9118 = IFCFACE((#9119));
#9119 = IFCFACEOUTERBOUND(#9120, .T.);
#9120 = IFCPOLYLOOP((#9074, #9117, #9089));
#9121 = IFCFACE((#9122));
#9122 = IFCFACEOUTERBOUND(#9123, .T.);
#9123 = IFCPOLYLOOP((#9117, #9074, #9102));
#9124 = IFCFACE((#9125));
#9125 = IFCFACEOUTERBOUND(#9126, .T.);
#9126 = IFCPOLYLOOP((#9075, #9102, #9074));
#9127 = IFCFACE((#9128));
#9128 = IFCFACEOUTERBOUND(#9129, .T.);
#9129 = IFCPOLYLOOP((#9130, #9103, #9131));
#9130 = IFCCARTESIANPOINT((4985.71265482444, 10014.7360153451, 407.684044218338));
#9131 = IFCCARTESIANPOINT((4985.71265482444, 10014.7360153451, 407.964100484931));
#9132 = IFCFACE((#9133));
#9133 = IFCFACEOUTERBOUND(#9134, .T.);
#9134 = IFCPOLYLOOP((#9110, #9131, #9103));
#9135 = IFCFACE((#9136));
#9136 = IFCFACEOUTERBOUND(#9137, .T.);
#9137 = IFCPOLYLOOP((#9131, #9110, #9138));
#9138 = IFCCARTESIANPOINT((4983.39815485549, 10012.5904557692, 407.900976406469));
#9139 = IFCFACE((#9140));
#9140 = IFCFACEOUTERBOUND(#9141, .T.);
#9141 = IFCPOLYLOOP((#9117, #9138, #9110));
#9142 = IFCFACE((#9143));
#9143 = IFCFACEOUTERBOUND(#9144, .T.);
#9144 = IFCPOLYLOOP((#9138, #9117, #9145));
#9145 = IFCCARTESIANPOINT((4983.39815485549, 10012.5904557692, 407.620920412069));
#9146 = IFCFACE((#9147));
#9147 = IFCFACEOUTERBOUND(#9148, .T.);
#9148 = IFCPOLYLOOP((#9102, #9145, #9117));
#9149 = IFCFACE((#9150));
#9150 = IFCFACEOUTERBOUND(#9151, .T.);
#9151 = IFCPOLYLOOP((#9145, #9102, #9130));
#9152 = IFCFACE((#9153));
#9153 = IFCFACEOUTERBOUND(#9154, .T.);
#9154 = IFCPOLYLOOP((#9103, #9130, #9102));
#9155 = IFCFACE((#9156));
#9156 = IFCFACEOUTERBOUND(#9157, .T.);
#9157 = IFCPOLYLOOP((#9158, #9131, #9159));
#9158 = IFCCARTESIANPOINT((4985.78056375069, 10014.6626097045, 407.683907583768));
#9159 = IFCCARTESIANPOINT((4985.78056375069, 10014.6626097045, 407.963963844006));
#9160 = IFCFACE((#9161));
#9161 = IFCFACEOUTERBOUND(#9162, .T.);
#9162 = IFCPOLYLOOP((#9138, #9159, #9131));
#9163 = IFCFACE((#9164));
#9164 = IFCFACEOUTERBOUND(#9165, .T.);
#9165 = IFCPOLYLOOP((#9159, #9138, #9166));
#9166 = IFCCARTESIANPOINT((4983.46606378175, 10012.5170501286, 407.900839860784));
#9167 = IFCFACE((#9168));
#9168 = IFCFACEOUTERBOUND(#9169, .T.);
#9169 = IFCPOLYLOOP((#9145, #9166, #9138));
#9170 = IFCFACE((#9171));
#9171 = IFCFACEOUTERBOUND(#9172, .T.);
#9172 = IFCPOLYLOOP((#9166, #9145, #9173));
#9173 = IFCCARTESIANPOINT((4983.46606378175, 10012.5170501286, 407.620783866385));
#9174 = IFCFACE((#9175));
#9175 = IFCFACEOUTERBOUND(#9176, .T.);
#9176 = IFCPOLYLOOP((#9130, #9173, #9145));
#9177 = IFCFACE((#9178));
#9178 = IFCFACEOUTERBOUND(#9179, .T.);
#9179 = IFCPOLYLOOP((#9173, #9130, #9158));
#9180 = IFCFACE((#9181));
#9181 = IFCFACEOUTERBOUND(#9182, .T.);
#9182 = IFCPOLYLOOP((#9131, #9158, #9130));
#9183 = IFCFACE((#9184));
#9184 = IFCFACEOUTERBOUND(#9185, .T.);
#9185 = IFCPOLYLOOP((#9186, #9159, #9187));
#9186 = IFCCARTESIANPOINT((4985.79713216488, 10014.6447001994, 407.683874244933));
#9187 = IFCCARTESIANPOINT((4985.79713216488, 10014.6447001994, 407.963930503619));
#9188 = IFCFACE((#9189));
#9189 = IFCFACEOUTERBOUND(#9190, .T.);
#9190 = IFCPOLYLOOP((#9166, #9187, #9159));
#9191 = IFCFACE((#9192));
#9192 = IFCFACEOUTERBOUND(#9193, .T.);
#9193 = IFCPOLYLOOP((#9187, #9166, #9194));
#9194 = IFCCARTESIANPOINT((4983.48263219594, 10012.4991406235, 407.900806543639));
#9195 = IFCFACE((#9196));
#9196 = IFCFACEOUTERBOUND(#9197, .T.);
#9197 = IFCPOLYLOOP((#9173, #9194, #9166));
#9198 = IFCFACE((#9199));
#9199 = IFCFACEOUTERBOUND(#9200, .T.);
#9200 = IFCPOLYLOOP((#9194, #9173, #9201));
#9201 = IFCCARTESIANPOINT((4983.48263219594, 10012.4991406235, 407.620750549238));
#9202 = IFCFACE((#9203));
#9203 = IFCFACEOUTERBOUND(#9204, .T.);
#9204 = IFCPOLYLOOP((#9158, #9201, #9173));
#9205 = IFCFACE((#9206));
#9206 = IFCFACEOUTERBOUND(#9207, .T.);
#9207 = IFCPOLYLOOP((#9201, #9158, #9186));
#9208 = IFCFACE((#9209));
#9209 = IFCFACEOUTERBOUND(#9210, .T.);
#9210 = IFCPOLYLOOP((#9159, #9186, #9158));
#9211 = IFCFACE((#9212));
#9212 = IFCFACEOUTERBOUND(#9213, .T.);
#9213 = IFCPOLYLOOP((#9214, #9187, #9215));
#9214 = IFCCARTESIANPOINT((4985.84855215214, 10014.589277738, 407.683810488534));
#9215 = IFCCARTESIANPOINT((4985.84855215214, 10014.589277738, 407.963866742415));
#9216 = IFCFACE((#9217));
#9217 = IFCFACEOUTERBOUND(#9218, .T.);
#9218 = IFCPOLYLOOP((#9194, #9215, #9187));
#9219 = IFCFACE((#9220));
#9220 = IFCFACEOUTERBOUND(#9221, .T.);
#9221 = IFCPOLYLOOP((#9215, #9194, #9222));
#9222 = IFCCARTESIANPOINT((4983.5340521832, 10012.4437181621, 407.900742854439));
#9223 = IFCFACE((#9224));
#9224 = IFCFACEOUTERBOUND(#9225, .T.);
#9225 = IFCPOLYLOOP((#9201, #9222, #9194));
#9226 = IFCFACE((#9227));
#9227 = IFCFACEOUTERBOUND(#9228, .T.);
#9228 = IFCPOLYLOOP((#9222, #9201, #9229));
#9229 = IFCCARTESIANPOINT((4983.5340521832, 10012.4437181621, 407.620686860038));
#9230 = IFCFACE((#9231));
#9231 = IFCFACEOUTERBOUND(#9232, .T.);
#9232 = IFCPOLYLOOP((#9186, #9229, #9201));
#9233 = IFCFACE((#9234));
#9234 = IFCFACEOUTERBOUND(#9235, .T.);
#9235 = IFCPOLYLOOP((#9229, #9186, #9214));
#9236 = IFCFACE((#9237));
#9237 = IFCFACEOUTERBOUND(#9238, .T.);
#9238 = IFCPOLYLOOP((#9187, #9214, #9186));
#9239 = IFCFACE((#9240));
#9240 = IFCFACEOUTERBOUND(#9241, .T.);
#9241 = IFCPOLYLOOP((#9242, #9215, #9243));
#9242 = IFCCARTESIANPOINT((4985.91656620432, 10014.5159695499, 407.683726154674));
#9243 = IFCCARTESIANPOINT((4985.91656620432, 10014.5159695499, 407.9637824022));
#9244 = IFCFACE((#9245));
#9245 = IFCFACEOUTERBOUND(#9246, .T.);
#9246 = IFCPOLYLOOP((#9222, #9243, #9215));
#9247 = IFCFACE((#9248));
#9248 = IFCFACEOUTERBOUND(#9249, .T.);
#9249 = IFCPOLYLOOP((#9243, #9222, #9250));
#9250 = IFCCARTESIANPOINT((4983.60206623537, 10012.370409974, 407.900658609466));
#9251 = IFCFACE((#9252));
#9252 = IFCFACEOUTERBOUND(#9253, .T.);
#9253 = IFCPOLYLOOP((#9229, #9250, #9222));
#9254 = IFCFACE((#9255));
#9255 = IFCFACEOUTERBOUND(#9256, .T.);
#9256 = IFCPOLYLOOP((#9250, #9229, #9257));
#9257 = IFCCARTESIANPOINT((4983.60206623537, 10012.370409974, 407.620602615064));
#9258 = IFCFACE((#9259));
#9259 = IFCFACEOUTERBOUND(#9260, .T.);
#9260 = IFCPOLYLOOP((#9214, #9257, #9229));
#9261 = IFCFACE((#9262));
#9262 = IFCFACEOUTERBOUND(#9263, .T.);
#9263 = IFCPOLYLOOP((#9257, #9214, #9242));
#9264 = IFCFACE((#9265));
#9265 = IFCFACEOUTERBOUND(#9266, .T.);
#9266 = IFCPOLYLOOP((#9215, #9242, #9214));
#9267 = IFCFACE((#9268));
#9268 = IFCFACEOUTERBOUND(#9269, .T.);
#9269 = IFCPOLYLOOP((#9270, #9243, #9271));
#9270 = IFCCARTESIANPOINT((4985.98458025649, 10014.4426613618, 407.683641820814));
#9271 = IFCCARTESIANPOINT((4985.98458025649, 10014.4426613618, 407.963698061983));
#9272 = IFCFACE((#9273));
#9273 = IFCFACEOUTERBOUND(#9274, .T.);
#9274 = IFCPOLYLOOP((#9250, #9271, #9243));
#9275 = IFCFACE((#9276));
#9276 = IFCFACEOUTERBOUND(#9277, .T.);
#9277 = IFCPOLYLOOP((#9271, #9250, #9278));
#9278 = IFCCARTESIANPOINT((4983.67008028755, 10012.2971017859, 407.900574364492));
#9279 = IFCFACE((#9280));
#9280 = IFCFACEOUTERBOUND(#9281, .T.);
#9281 = IFCPOLYLOOP((#9257, #9278, #9250));
#9282 = IFCFACE((#9283));
#9283 = IFCFACEOUTERBOUND(#9284, .T.);
#9284 = IFCPOLYLOOP((#9278, #9257, #9285));
#9285 = IFCCARTESIANPOINT((4983.67008028755, 10012.2971017859, 407.620518370091));
#9286 = IFCFACE((#9287));
#9287 = IFCFACEOUTERBOUND(#9288, .T.);
#9288 = IFCPOLYLOOP((#9242, #9285, #9257));
#9289 = IFCFACE((#9290));
#9290 = IFCFACEOUTERBOUND(#9291, .T.);
#9291 = IFCPOLYLOOP((#9285, #9242, #9270));
#9292 = IFCFACE((#9293));
#9293 = IFCFACEOUTERBOUND(#9294, .T.);
#9294 = IFCPOLYLOOP((#9243, #9270, #9242));
#9295 = IFCFACE((#9296));
#9296 = IFCFACEOUTERBOUND(#9297, .T.);
#9297 = IFCPOLYLOOP((#9298, #9271, #9299));
#9298 = IFCCARTESIANPOINT((4986.05259430866, 10014.3693531737, 407.683557486954));
#9299 = IFCCARTESIANPOINT((4986.05259430866, 10014.3693531737, 407.963613721766));
#9300 = IFCFACE((#9301));
#9301 = IFCFACEOUTERBOUND(#9302, .T.);
#9302 = IFCPOLYLOOP((#9278, #9299, #9271));
#9303 = IFCFACE((#9304));
#9304 = IFCFACEOUTERBOUND(#9305, .T.);
#9305 = IFCPOLYLOOP((#9299, #9278, #9306));
#9306 = IFCCARTESIANPOINT((4983.73809433972, 10012.2237935978, 407.900490119517));
#9307 = IFCFACE((#9308));
#9308 = IFCFACEOUTERBOUND(#9309, .T.);
#9309 = IFCPOLYLOOP((#9285, #9306, #9278));
#9310 = IFCFACE((#9311));
#9311 = IFCFACEOUTERBOUND(#9312, .T.);
#9312 = IFCPOLYLOOP((#9306, #9285, #9313));
#9313 = IFCCARTESIANPOINT((4983.73809433972, 10012.2237935978, 407.620434125117));
#9314 = IFCFACE((#9315));
#9315 = IFCFACEOUTERBOUND(#9316, .T.);
#9316 = IFCPOLYLOOP((#9270, #9313, #9285));
#9317 = IFCFACE((#9318));
#9318 = IFCFACEOUTERBOUND(#9319, .T.);
#9319 = IFCPOLYLOOP((#9313, #9270, #9298));
#9320 = IFCFACE((#9321));
#9321 = IFCFACEOUTERBOUND(#9322, .T.);
#9322 = IFCPOLYLOOP((#9271, #9298, #9270));
#9323 = IFCFACE((#9324));
#9324 = IFCFACEOUTERBOUND(#9325, .T.);
#9325 = IFCPOLYLOOP((#9326, #9299, #9327));
#9326 = IFCCARTESIANPOINT((4986.12060836083, 10014.2960449856, 407.683473153094));
#9327 = IFCCARTESIANPOINT((4986.12060836083, 10014.2960449856, 407.963529381551));
#9328 = IFCFACE((#9329));
#9329 = IFCFACEOUTERBOUND(#9330, .T.);
#9330 = IFCPOLYLOOP((#9306, #9327, #9299));
#9331 = IFCFACE((#9332));
#9332 = IFCFACEOUTERBOUND(#9333, .T.);
#9333 = IFCPOLYLOOP((#9327, #9306, #9334));
#9334 = IFCCARTESIANPOINT((4983.80610839189, 10012.1504854097, 407.900405874547));
#9335 = IFCFACE((#9336));
#9336 = IFCFACEOUTERBOUND(#9337, .T.);
#9337 = IFCPOLYLOOP((#9313, #9334, #9306));
#9338 = IFCFACE((#9339));
#9339 = IFCFACEOUTERBOUND(#9340, .T.);
#9340 = IFCPOLYLOOP((#9334, #9313, #9341));
#9341 = IFCCARTESIANPOINT((4983.80610839189, 10012.1504854097, 407.620349880143));
#9342 = IFCFACE((#9343));
#9343 = IFCFACEOUTERBOUND(#9344, .T.);
#9344 = IFCPOLYLOOP((#9298, #9341, #9313));
#9345 = IFCFACE((#9346));
#9346 = IFCFACEOUTERBOUND(#9347, .T.);
#9347 = IFCPOLYLOOP((#9341, #9298, #9326));
#9348 = IFCFACE((#9349));
#9349 = IFCFACEOUTERBOUND(#9350, .T.);
#9350 = IFCPOLYLOOP((#9299, #9326, #9298));
#9351 = IFCFACE((#9352));
#9352 = IFCFACEOUTERBOUND(#9353, .T.);
#9353 = IFCPOLYLOOP((#9354, #9327, #9355));
#9354 = IFCCARTESIANPOINT((4986.188622413, 10014.2227367975, 407.683388819234));
#9355 = IFCCARTESIANPOINT((4986.188622413, 10014.2227367975, 407.963445041334));
#9356 = IFCFACE((#9357));
#9357 = IFCFACEOUTERBOUND(#9358, .T.);
#9358 = IFCPOLYLOOP((#9334, #9355, #9327));
#9359 = IFCFACE((#9360));
#9360 = IFCFACEOUTERBOUND(#9361, .T.);
#9361 = IFCPOLYLOOP((#9355, #9334, #9362));
#9362 = IFCCARTESIANPOINT((4983.87412244406, 10012.0771772216, 407.900321629571));
#9363 = IFCFACE((#9364));
#9364 = IFCFACEOUTERBOUND(#9365, .T.);
#9365 = IFCPOLYLOOP((#9341, #9362, #9334));
#9366 = IFCFACE((#9367));
#9367 = IFCFACEOUTERBOUND(#9368, .T.);
#9368 = IFCPOLYLOOP((#9362, #9341, #9369));
#9369 = IFCCARTESIANPOINT((4983.87412244406, 10012.0771772216, 407.62026563517));
#9370 = IFCFACE((#9371));
#9371 = IFCFACEOUTERBOUND(#9372, .T.);
#9372 = IFCPOLYLOOP((#9326, #9369, #9341));
#9373 = IFCFACE((#9374));
#9374 = IFCFACEOUTERBOUND(#9375, .T.);
#9375 = IFCPOLYLOOP((#9369, #9326, #9354));
#9376 = IFCFACE((#9377));
#9377 = IFCFACEOUTERBOUND(#9378, .T.);
#9378 = IFCPOLYLOOP((#9327, #9354, #9326));
#9379 = IFCFACE((#9380));
#9380 = IFCFACEOUTERBOUND(#9381, .T.);
#9381 = IFCPOLYLOOP((#9382, #9355, #9383));
#9382 = IFCCARTESIANPOINT((4986.25663646518, 10014.1494286094, 407.683304485373));
#9383 = IFCCARTESIANPOINT((4986.25663646518, 10014.1494286094, 407.963360701115));
#9384 = IFCFACE((#9385));
#9385 = IFCFACEOUTERBOUND(#9386, .T.);
#9386 = IFCPOLYLOOP((#9362, #9383, #9355));
#9387 = IFCFACE((#9388));
#9388 = IFCFACEOUTERBOUND(#9389, .T.);
#9389 = IFCPOLYLOOP((#9383, #9362, #9390));
#9390 = IFCCARTESIANPOINT((4983.94213649624, 10012.0038690335, 407.900237384598));
#9391 = IFCFACE((#9392));
#9392 = IFCFACEOUTERBOUND(#9393, .T.);
#9393 = IFCPOLYLOOP((#9369, #9390, #9362));
#9394 = IFCFACE((#9395));
#9395 = IFCFACEOUTERBOUND(#9396, .T.);
#9396 = IFCPOLYLOOP((#9390, #9369, #9397));
#9397 = IFCCARTESIANPOINT((4983.94213649624, 10012.0038690335, 407.620181390196));
#9398 = IFCFACE((#9399));
#9399 = IFCFACEOUTERBOUND(#9400, .T.);
#9400 = IFCPOLYLOOP((#9354, #9397, #9369));
#9401 = IFCFACE((#9402));
#9402 = IFCFACEOUTERBOUND(#9403, .T.);
#9403 = IFCPOLYLOOP((#9397, #9354, #9382));
#9404 = IFCFACE((#9405));
#9405 = IFCFACEOUTERBOUND(#9406, .T.);
#9406 = IFCPOLYLOOP((#9355, #9382, #9354));
#9407 = IFCFACE((#9408));
#9408 = IFCFACEOUTERBOUND(#9409, .T.);
#9409 = IFCPOLYLOOP((#9410, #9383, #9411));
#9410 = IFCCARTESIANPOINT((4986.32465051735, 10014.0761204213, 407.683220151513));
#9411 = IFCCARTESIANPOINT((4986.32465051735, 10014.0761204213, 407.9632763609));
#9412 = IFCFACE((#9413));
#9413 = IFCFACEOUTERBOUND(#9414, .T.);
#9414 = IFCPOLYLOOP((#9390, #9411, #9383));
#9415 = IFCFACE((#9416));
#9416 = IFCFACEOUTERBOUND(#9417, .T.);
#9417 = IFCPOLYLOOP((#9411, #9390, #9418));
#9418 = IFCCARTESIANPOINT((4984.01015054841, 10011.9305608454, 407.900153139624));
#9419 = IFCFACE((#9420));
#9420 = IFCFACEOUTERBOUND(#9421, .T.);
#9421 = IFCPOLYLOOP((#9397, #9418, #9390));
#9422 = IFCFACE((#9423));
#9423 = IFCFACEOUTERBOUND(#9424, .T.);
#9424 = IFCPOLYLOOP((#9418, #9397, #9425));
#9425 = IFCCARTESIANPOINT((4984.01015054841, 10011.9305608454, 407.620097145223));
#9426 = IFCFACE((#9427));
#9427 = IFCFACEOUTERBOUND(#9428, .T.);
#9428 = IFCPOLYLOOP((#9382, #9425, #9397));
#9429 = IFCFACE((#9430));
#9430 = IFCFACEOUTERBOUND(#9431, .T.);
#9431 = IFCPOLYLOOP((#9425, #9382, #9410));
#9432 = IFCFACE((#9433));
#9433 = IFCFACEOUTERBOUND(#9434, .T.);
#9434 = IFCPOLYLOOP((#9383, #9410, #9382));
#9435 = IFCFACE((#9436));
#9436 = IFCFACEOUTERBOUND(#9437, .T.);
#9437 = IFCPOLYLOOP((#9438, #9411, #9439));
#9438 = IFCCARTESIANPOINT((4986.39266456952, 10014.0028122332, 407.683135817653));
#9439 = IFCCARTESIANPOINT((4986.39266456952, 10014.0028122332, 407.963192020683));
#9440 = IFCFACE((#9441));
#9441 = IFCFACEOUTERBOUND(#9442, .T.);
#9442 = IFCPOLYLOOP((#9418, #9439, #9411));
#9443 = IFCFACE((#9444));
#9444 = IFCFACEOUTERBOUND(#9445, .T.);
#9445 = IFCPOLYLOOP((#9439, #9418, #9446));
#9446 = IFCCARTESIANPOINT((4984.07816460058, 10011.8572526573, 407.900068894651));
#9447 = IFCFACE((#9448));
#9448 = IFCFACEOUTERBOUND(#9449, .T.);
#9449 = IFCPOLYLOOP((#9425, #9446, #9418));
#9450 = IFCFACE((#9451));
#9451 = IFCFACEOUTERBOUND(#9452, .T.);
#9452 = IFCPOLYLOOP((#9446, #9425, #9453));
#9453 = IFCCARTESIANPOINT((4984.07816460058, 10011.8572526573, 407.620012900249));
#9454 = IFCFACE((#9455));
#9455 = IFCFACEOUTERBOUND(#9456, .T.);
#9456 = IFCPOLYLOOP((#9410, #9453, #9425));
#9457 = IFCFACE((#9458));
#9458 = IFCFACEOUTERBOUND(#9459, .T.);
#9459 = IFCPOLYLOOP((#9453, #9410, #9438));
#9460 = IFCFACE((#9461));
#9461 = IFCFACEOUTERBOUND(#9462, .T.);
#9462 = IFCPOLYLOOP((#9411, #9438, #9410));
#9463 = IFCFACE((#9464));
#9464 = IFCFACEOUTERBOUND(#9465, .T.);
#9465 = IFCPOLYLOOP((#9466, #9439, #9467));
#9466 = IFCCARTESIANPOINT((4986.4606786217, 10013.9295040451, 407.683051483793));
#9467 = IFCCARTESIANPOINT((4986.4606786217, 10013.9295040451, 407.963107680466));
#9468 = IFCFACE((#9469));
#9469 = IFCFACEOUTERBOUND(#9470, .T.);
#9470 = IFCPOLYLOOP((#9446, #9467, #9439));
#9471 = IFCFACE((#9472));
#9472 = IFCFACEOUTERBOUND(#9473, .T.);
#9473 = IFCPOLYLOOP((#9467, #9446, #9474));
#9474 = IFCCARTESIANPOINT((4984.14617865275, 10011.7839444692, 407.899984649677));
#9475 = IFCFACE((#9476));
#9476 = IFCFACEOUTERBOUND(#9477, .T.);
#9477 = IFCPOLYLOOP((#9453, #9474, #9446));
#9478 = IFCFACE((#9479));
#9479 = IFCFACEOUTERBOUND(#9480, .T.);
#9480 = IFCPOLYLOOP((#9474, #9453, #9481));
#9481 = IFCCARTESIANPOINT((4984.14617865275, 10011.7839444692, 407.619928655275));
#9482 = IFCFACE((#9483));
#9483 = IFCFACEOUTERBOUND(#9484, .T.);
#9484 = IFCPOLYLOOP((#9438, #9481, #9453));
#9485 = IFCFACE((#9486));
#9486 = IFCFACEOUTERBOUND(#9487, .T.);
#9487 = IFCPOLYLOOP((#9481, #9438, #9466));
#9488 = IFCFACE((#9489));
#9489 = IFCFACEOUTERBOUND(#9490, .T.);
#9490 = IFCPOLYLOOP((#9439, #9466, #9438));
#9491 = IFCFACE((#9492));
#9492 = IFCFACEOUTERBOUND(#9493, .T.);
#9493 = IFCPOLYLOOP((#9494, #9467, #9495));
#9494 = IFCCARTESIANPOINT((4986.52869267387, 10013.8561958571, 407.682967149933));
#9495 = IFCCARTESIANPOINT((4986.52869267387, 10013.8561958571, 407.963023340249));
#9496 = IFCFACE((#9497));
#9497 = IFCFACEOUTERBOUND(#9498, .T.);
#9498 = IFCPOLYLOOP((#9474, #9495, #9467));
#9499 = IFCFACE((#9500));
#9500 = IFCFACEOUTERBOUND(#9501, .T.);
#9501 = IFCPOLYLOOP((#9495, #9474, #9502));
#9502 = IFCCARTESIANPOINT((4984.21419270493, 10011.7106362811, 407.899900404702));
#9503 = IFCFACE((#9504));
#9504 = IFCFACEOUTERBOUND(#9505, .T.);
#9505 = IFCPOLYLOOP((#9481, #9502, #9474));
#9506 = IFCFACE((#9507));
#9507 = IFCFACEOUTERBOUND(#9508, .T.);
#9508 = IFCPOLYLOOP((#9502, #9481, #9509));
#9509 = IFCCARTESIANPOINT((4984.21419270493, 10011.7106362811, 407.619844410302));
#9510 = IFCFACE((#9511));
#9511 = IFCFACEOUTERBOUND(#9512, .T.);
#9512 = IFCPOLYLOOP((#9466, #9509, #9481));
#9513 = IFCFACE((#9514));
#9514 = IFCFACEOUTERBOUND(#9515, .T.);
#9515 = IFCPOLYLOOP((#9509, #9466, #9494));
#9516 = IFCFACE((#9517));
#9517 = IFCFACEOUTERBOUND(#9518, .T.);
#9518 = IFCPOLYLOOP((#9467, #9494, #9466));
#9519 = IFCFACE((#9520));
#9520 = IFCFACEOUTERBOUND(#9521, .T.);
#9521 = IFCPOLYLOOP((#9522, #9495, #9523));
#9522 = IFCCARTESIANPOINT((4986.59670672604, 10013.782887669, 407.682882816072));
#9523 = IFCCARTESIANPOINT((4986.59670672604, 10013.782887669, 407.962939000031));
#9524 = IFCFACE((#9525));
#9525 = IFCFACEOUTERBOUND(#9526, .T.);
#9526 = IFCPOLYLOOP((#9502, #9523, #9495));
#9527 = IFCFACE((#9528));
#9528 = IFCFACEOUTERBOUND(#9529, .T.);
#9529 = IFCPOLYLOOP((#9523, #9502, #9530));
#9530 = IFCCARTESIANPOINT((4984.2822067571, 10011.6373280931, 407.899816159728));
#9531 = IFCFACE((#9532));
#9532 = IFCFACEOUTERBOUND(#9533, .T.);
#9533 = IFCPOLYLOOP((#9509, #9530, #9502));
#9534 = IFCFACE((#9535));
#9535 = IFCFACEOUTERBOUND(#9536, .T.);
#9536 = IFCPOLYLOOP((#9530, #9509, #9537));
#9537 = IFCCARTESIANPOINT((4984.2822067571, 10011.6373280931, 407.619760165328));
#9538 = IFCFACE((#9539));
#9539 = IFCFACEOUTERBOUND(#9540, .T.);
#9540 = IFCPOLYLOOP((#9494, #9537, #9509));
#9541 = IFCFACE((#9542));
#9542 = IFCFACEOUTERBOUND(#9543, .T.);
#9543 = IFCPOLYLOOP((#9537, #9494, #9522));
#9544 = IFCFACE((#9545));
#9545 = IFCFACEOUTERBOUND(#9546, .T.);
#9546 = IFCPOLYLOOP((#9495, #9522, #9494));
#9547 = IFCFACE((#9548));
#9548 = IFCFACEOUTERBOUND(#9549, .T.);
#9549 = IFCPOLYLOOP((#9550, #9523, #9551));
#9550 = IFCCARTESIANPOINT((4986.66472077821, 10013.7095794809, 407.682798482212));
#9551 = IFCCARTESIANPOINT((4986.66472077821, 10013.7095794809, 407.962854659816));
#9552 = IFCFACE((#9553));
#9553 = IFCFACEOUTERBOUND(#9554, .T.);
#9554 = IFCPOLYLOOP((#9530, #9551, #9523));
#9555 = IFCFACE((#9556));
#9556 = IFCFACEOUTERBOUND(#9557, .T.);
#9557 = IFCPOLYLOOP((#9551, #9530, #9558));
#9558 = IFCCARTESIANPOINT((4984.35022080927, 10011.564019905, 407.899731914757));
#9559 = IFCFACE((#9560));
#9560 = IFCFACEOUTERBOUND(#9561, .T.);
#9561 = IFCPOLYLOOP((#9537, #9558, #9530));
#9562 = IFCFACE((#9563));
#9563 = IFCFACEOUTERBOUND(#9564, .T.);
#9564 = IFCPOLYLOOP((#9558, #9537, #9565));
#9565 = IFCCARTESIANPOINT((4984.35022080927, 10011.564019905, 407.619675920355));
#9566 = IFCFACE((#9567));
#9567 = IFCFACEOUTERBOUND(#9568, .T.);
#9568 = IFCPOLYLOOP((#9522, #9565, #9537));
#9569 = IFCFACE((#9570));
#9570 = IFCFACEOUTERBOUND(#9571, .T.);
#9571 = IFCPOLYLOOP((#9565, #9522, #9550));
#9572 = IFCFACE((#9573));
#9573 = IFCFACEOUTERBOUND(#9574, .T.);
#9574 = IFCPOLYLOOP((#9523, #9550, #9522));
#9575 = IFCFACE((#9576));
#9576 = IFCFACEOUTERBOUND(#9577, .T.);
#9577 = IFCPOLYLOOP((#9578, #9551, #9579));
#9578 = IFCCARTESIANPOINT((4986.73273483039, 10013.6362712928, 407.682714148352));
#9579 = IFCCARTESIANPOINT((4986.73273483039, 10013.6362712928, 407.9627703196));
#9580 = IFCFACE((#9581));
#9581 = IFCFACEOUTERBOUND(#9582, .T.);
#9582 = IFCPOLYLOOP((#9558, #9579, #9551));
#9583 = IFCFACE((#9584));
#9584 = IFCFACEOUTERBOUND(#9585, .T.);
#9585 = IFCPOLYLOOP((#9579, #9558, #9586));
#9586 = IFCCARTESIANPOINT((4984.41823486144, 10011.4907117169, 407.899647669783));
#9587 = IFCFACE((#9588));
#9588 = IFCFACEOUTERBOUND(#9589, .T.);
#9589 = IFCPOLYLOOP((#9565, #9586, #9558));
#9590 = IFCFACE((#9591));
#9591 = IFCFACEOUTERBOUND(#9592, .T.);
#9592 = IFCPOLYLOOP((#9586, #9565, #9593));
#9593 = IFCCARTESIANPOINT((4984.41823486144, 10011.4907117169, 407.619591675381));
#9594 = IFCFACE((#9595));
#9595 = IFCFACEOUTERBOUND(#9596, .T.);
#9596 = IFCPOLYLOOP((#9550, #9593, #9565));
#9597 = IFCFACE((#9598));
#9598 = IFCFACEOUTERBOUND(#9599, .T.);
#9599 = IFCPOLYLOOP((#9593, #9550, #9578));
#9600 = IFCFACE((#9601));
#9601 = IFCFACEOUTERBOUND(#9602, .T.);
#9602 = IFCPOLYLOOP((#9551, #9578, #9550));
#9603 = IFCFACE((#9604));
#9604 = IFCFACEOUTERBOUND(#9605, .T.);
#9605 = IFCPOLYLOOP((#9606, #9579, #9607));
#9606 = IFCCARTESIANPOINT((4986.80074888256, 10013.5629631047, 407.682629814492));
#9607 = IFCCARTESIANPOINT((4986.80074888256, 10013.5629631047, 407.962685979385));
#9608 = IFCFACE((#9609));
#9609 = IFCFACEOUTERBOUND(#9610, .T.);
#9610 = IFCPOLYLOOP((#9586, #9607, #9579));
#9611 = IFCFACE((#9612));
#9612 = IFCFACEOUTERBOUND(#9613, .T.);
#9613 = IFCPOLYLOOP((#9607, #9586, #9614));
#9614 = IFCCARTESIANPOINT((4984.48624891362, 10011.4174035288, 407.899563424808));
#9615 = IFCFACE((#9616));
#9616 = IFCFACEOUTERBOUND(#9617, .T.);
#9617 = IFCPOLYLOOP((#9593, #9614, #9586));
#9618 = IFCFACE((#9619));
#9619 = IFCFACEOUTERBOUND(#9620, .T.);
#9620 = IFCPOLYLOOP((#9614, #9593, #9621));
#9621 = IFCCARTESIANPOINT((4984.48624891362, 10011.4174035288, 407.619507430407));
#9622 = IFCFACE((#9623));
#9623 = IFCFACEOUTERBOUND(#9624, .T.);
#9624 = IFCPOLYLOOP((#9578, #9621, #9593));
#9625 = IFCFACE((#9626));
#9626 = IFCFACEOUTERBOUND(#9627, .T.);
#9627 = IFCPOLYLOOP((#9621, #9578, #9606));
#9628 = IFCFACE((#9629));
#9629 = IFCFACEOUTERBOUND(#9630, .T.);
#9630 = IFCPOLYLOOP((#9579, #9606, #9578));
#9631 = IFCFACE((#9632));
#9632 = IFCFACEOUTERBOUND(#9633, .T.);
#9633 = IFCPOLYLOOP((#9634, #9607, #9635));
#9634 = IFCCARTESIANPOINT((4986.86876293473, 10013.4896549166, 407.682545480631));
#9635 = IFCCARTESIANPOINT((4986.86876293473, 10013.4896549166, 407.962601639165));
#9636 = IFCFACE((#9637));
#9637 = IFCFACEOUTERBOUND(#9638, .T.);
#9638 = IFCPOLYLOOP((#9614, #9635, #9607));
#9639 = IFCFACE((#9640));
#9640 = IFCFACEOUTERBOUND(#9641, .T.);
#9641 = IFCPOLYLOOP((#9635, #9614, #9642));
#9642 = IFCCARTESIANPOINT((4984.55426296579, 10011.3440953407, 407.899479179834));
#9643 = IFCFACE((#9644));
#9644 = IFCFACEOUTERBOUND(#9645, .T.);
#9645 = IFCPOLYLOOP((#9621, #9642, #9614));
#9646 = IFCFACE((#9647));
#9647 = IFCFACEOUTERBOUND(#9648, .T.);
#9648 = IFCPOLYLOOP((#9642, #9621, #9649));
#9649 = IFCCARTESIANPOINT((4984.55426296579, 10011.3440953407, 407.619423185434));
#9650 = IFCFACE((#9651));
#9651 = IFCFACEOUTERBOUND(#9652, .T.);
#9652 = IFCPOLYLOOP((#9606, #9649, #9621));
#9653 = IFCFACE((#9654));
#9654 = IFCFACEOUTERBOUND(#9655, .T.);
#9655 = IFCPOLYLOOP((#9649, #9606, #9634));
#9656 = IFCFACE((#9657));
#9657 = IFCFACEOUTERBOUND(#9658, .T.);
#9658 = IFCPOLYLOOP((#9607, #9634, #9606));
#9659 = IFCFACE((#9660));
#9660 = IFCFACEOUTERBOUND(#9661, .T.);
#9661 = IFCPOLYLOOP((#9662, #9635, #9663));
#9662 = IFCCARTESIANPOINT((4986.9367769869, 10013.4163467285, 407.682461146771));
#9663 = IFCCARTESIANPOINT((4986.9367769869, 10013.4163467285, 407.962517298949));
#9664 = IFCFACE((#9665));
#9665 = IFCFACEOUTERBOUND(#9666, .T.);
#9666 = IFCPOLYLOOP((#9642, #9663, #9635));
#9667 = IFCFACE((#9668));
#9668 = IFCFACEOUTERBOUND(#9669, .T.);
#9669 = IFCPOLYLOOP((#9663, #9642, #9670));
#9670 = IFCCARTESIANPOINT((4984.62227701796, 10011.2707871526, 407.899394934862));
#9671 = IFCFACE((#9672));
#9672 = IFCFACEOUTERBOUND(#9673, .T.);
#9673 = IFCPOLYLOOP((#9649, #9670, #9642));
#9674 = IFCFACE((#9675));
#9675 = IFCFACEOUTERBOUND(#9676, .T.);
#9676 = IFCPOLYLOOP((#9670, #9649, #9677));
#9677 = IFCCARTESIANPOINT((4984.62227701796, 10011.2707871526, 407.61933894046));
#9678 = IFCFACE((#9679));
#9679 = IFCFACEOUTERBOUND(#9680, .T.);
#9680 = IFCPOLYLOOP((#9634, #9677, #9649));
#9681 = IFCFACE((#9682));
#9682 = IFCFACEOUTERBOUND(#9683, .T.);
#9683 = IFCPOLYLOOP((#9677, #9634, #9662));
#9684 = IFCFACE((#9685));
#9685 = IFCFACEOUTERBOUND(#9686, .T.);
#9686 = IFCPOLYLOOP((#9635, #9662, #9634));
#9687 = IFCFACE((#9688));
#9688 = IFCFACEOUTERBOUND(#9689, .T.);
#9689 = IFCPOLYLOOP((#9690, #9663, #9691));
#9690 = IFCCARTESIANPOINT((4987.00479103907, 10013.3430385404, 407.682376812911));
#9691 = IFCCARTESIANPOINT((4987.00479103907, 10013.3430385404, 407.962432958731));
#9692 = IFCFACE((#9693));
#9693 = IFCFACEOUTERBOUND(#9694, .T.);
#9694 = IFCPOLYLOOP((#9670, #9691, #9663));
#9695 = IFCFACE((#9696));
#9696 = IFCFACEOUTERBOUND(#9697, .T.);
#9697 = IFCPOLYLOOP((#9691, #9670, #9698));
#9698 = IFCCARTESIANPOINT((4984.69029107013, 10011.1974789645, 407.899310689885));
#9699 = IFCFACE((#9700));
#9700 = IFCFACEOUTERBOUND(#9701, .T.);
#9701 = IFCPOLYLOOP((#9677, #9698, #9670));
#9702 = IFCFACE((#9703));
#9703 = IFCFACEOUTERBOUND(#9704, .T.);
#9704 = IFCPOLYLOOP((#9698, #9677, #9705));
#9705 = IFCCARTESIANPOINT((4984.69029107013, 10011.1974789645, 407.619254695487));
#9706 = IFCFACE((#9707));
#9707 = IFCFACEOUTERBOUND(#9708, .T.);
#9708 = IFCPOLYLOOP((#9662, #9705, #9677));
#9709 = IFCFACE((#9710));
#9710 = IFCFACEOUTERBOUND(#9711, .T.);
#9711 = IFCPOLYLOOP((#9705, #9662, #9690));
#9712 = IFCFACE((#9713));
#9713 = IFCFACEOUTERBOUND(#9714, .T.);
#9714 = IFCPOLYLOOP((#9663, #9690, #9662));
#9715 = IFCFACE((#9716));
#9716 = IFCFACEOUTERBOUND(#9717, .T.);
#9717 = IFCPOLYLOOP((#9718, #9691, #9719));
#9718 = IFCCARTESIANPOINT((4987.07280509125, 10013.2697303523, 407.682292479051));
#9719 = IFCCARTESIANPOINT((4987.07280509125, 10013.2697303523, 407.962348618516));
#9720 = IFCFACE((#9721));
#9721 = IFCFACEOUTERBOUND(#9722, .T.);
#9722 = IFCPOLYLOOP((#9698, #9719, #9691));
#9723 = IFCFACE((#9724));
#9724 = IFCFACEOUTERBOUND(#9725, .T.);
#9725 = IFCPOLYLOOP((#9719, #9698, #9726));
#9726 = IFCCARTESIANPOINT((4984.75830512231, 10011.1241707764, 407.899226444912));
#9727 = IFCFACE((#9728));
#9728 = IFCFACEOUTERBOUND(#9729, .T.);
#9729 = IFCPOLYLOOP((#9705, #9726, #9698));
#9730 = IFCFACE((#9731));
#9731 = IFCFACEOUTERBOUND(#9732, .T.);
#9732 = IFCPOLYLOOP((#9726, #9705, #9733));
#9733 = IFCCARTESIANPOINT((4984.75830512231, 10011.1241707764, 407.619170450513));
#9734 = IFCFACE((#9735));
#9735 = IFCFACEOUTERBOUND(#9736, .T.);
#9736 = IFCPOLYLOOP((#9690, #9733, #9705));
#9737 = IFCFACE((#9738));
#9738 = IFCFACEOUTERBOUND(#9739, .T.);
#9739 = IFCPOLYLOOP((#9733, #9690, #9718));
#9740 = IFCFACE((#9741));
#9741 = IFCFACEOUTERBOUND(#9742, .T.);
#9742 = IFCPOLYLOOP((#9691, #9718, #9690));
#9743 = IFCFACE((#9744));
#9744 = IFCFACEOUTERBOUND(#9745, .T.);
#9745 = IFCPOLYLOOP((#9746, #9719, #9747));
#9746 = IFCCARTESIANPOINT((4987.14081914342, 10013.1964221642, 407.68220814519));
#9747 = IFCCARTESIANPOINT((4987.14081914342, 10013.1964221642, 407.962264278298));
#9748 = IFCFACE((#9749));
#9749 = IFCFACEOUTERBOUND(#9750, .T.);
#9750 = IFCPOLYLOOP((#9726, #9747, #9719));
#9751 = IFCFACE((#9752));
#9752 = IFCFACEOUTERBOUND(#9753, .T.);
#9753 = IFCPOLYLOOP((#9747, #9726, #9754));
#9754 = IFCCARTESIANPOINT((4984.82631917448, 10011.0508625883, 407.899142199938));
#9755 = IFCFACE((#9756));
#9756 = IFCFACEOUTERBOUND(#9757, .T.);
#9757 = IFCPOLYLOOP((#9733, #9754, #9726));
#9758 = IFCFACE((#9759));
#9759 = IFCFACEOUTERBOUND(#9760, .T.);
#9760 = IFCPOLYLOOP((#9754, #9733, #9761));
#9761 = IFCCARTESIANPOINT((4984.82631917448, 10011.0508625883, 407.619086205539));
#9762 = IFCFACE((#9763));
#9763 = IFCFACEOUTERBOUND(#9764, .T.);
#9764 = IFCPOLYLOOP((#9718, #9761, #9733));
#9765 = IFCFACE((#9766));
#9766 = IFCFACEOUTERBOUND(#9767, .T.);
#9767 = IFCPOLYLOOP((#9761, #9718, #9746));
#9768 = IFCFACE((#9769));
#9769 = IFCFACEOUTERBOUND(#9770, .T.);
#9770 = IFCPOLYLOOP((#9719, #9746, #9718));
#9771 = IFCFACE((#9772));
#9772 = IFCFACEOUTERBOUND(#9773, .T.);
#9773 = IFCPOLYLOOP((#9774, #9747, #9775));
#9774 = IFCCARTESIANPOINT((4987.20883319559, 10013.1231139761, 407.68212381133));
#9775 = IFCCARTESIANPOINT((4987.20883319559, 10013.1231139761, 407.962179938083));
#9776 = IFCFACE((#9777));
#9777 = IFCFACEOUTERBOUND(#9778, .T.);
#9778 = IFCPOLYLOOP((#9754, #9775, #9747));
#9779 = IFCFACE((#9780));
#9780 = IFCFACEOUTERBOUND(#9781, .T.);
#9781 = IFCPOLYLOOP((#9775, #9754, #9782));
#9782 = IFCCARTESIANPOINT((4984.89433322665, 10010.9775544002, 407.899057954966));
#9783 = IFCFACE((#9784));
#9784 = IFCFACEOUTERBOUND(#9785, .T.);
#9785 = IFCPOLYLOOP((#9761, #9782, #9754));
#9786 = IFCFACE((#9787));
#9787 = IFCFACEOUTERBOUND(#9788, .T.);
#9788 = IFCPOLYLOOP((#9782, #9761, #9789));
#9789 = IFCCARTESIANPOINT((4984.89433322665, 10010.9775544002, 407.619001960566));
#9790 = IFCFACE((#9791));
#9791 = IFCFACEOUTERBOUND(#9792, .T.);
#9792 = IFCPOLYLOOP((#9746, #9789, #9761));
#9793 = IFCFACE((#9794));
#9794 = IFCFACEOUTERBOUND(#9795, .T.);
#9795 = IFCPOLYLOOP((#9789, #9746, #9774));
#9796 = IFCFACE((#9797));
#9797 = IFCFACEOUTERBOUND(#9798, .T.);
#9798 = IFCPOLYLOOP((#9747, #9774, #9746));
#9799 = IFCFACE((#9800));
#9800 = IFCFACEOUTERBOUND(#9801, .T.);
#9801 = IFCPOLYLOOP((#9802, #9775, #9803));
#9802 = IFCCARTESIANPOINT((4987.27684724777, 10013.049805788, 407.68203947747));
#9803 = IFCCARTESIANPOINT((4987.27684724777, 10013.049805788, 407.962095597866));
#9804 = IFCFACE((#9805));
#9805 = IFCFACEOUTERBOUND(#9806, .T.);
#9806 = IFCPOLYLOOP((#9782, #9803, #9775));
#9807 = IFCFACE((#9808));
#9808 = IFCFACEOUTERBOUND(#9809, .T.);
#9809 = IFCPOLYLOOP((#9803, #9782, #9810));
#9810 = IFCCARTESIANPOINT((4984.96234727883, 10010.9042462121, 407.898973709993));
#9811 = IFCFACE((#9812));
#9812 = IFCFACEOUTERBOUND(#9813, .T.);
#9813 = IFCPOLYLOOP((#9789, #9810, #9782));
#9814 = IFCFACE((#9815));
#9815 = IFCFACEOUTERBOUND(#9816, .T.);
#9816 = IFCPOLYLOOP((#9810, #9789, #9817));
#9817 = IFCCARTESIANPOINT((4984.96234727883, 10010.9042462121, 407.618917715592));
#9818 = IFCFACE((#9819));
#9819 = IFCFACEOUTERBOUND(#9820, .T.);
#9820 = IFCPOLYLOOP((#9774, #9817, #9789));
#9821 = IFCFACE((#9822));
#9822 = IFCFACEOUTERBOUND(#9823, .T.);
#9823 = IFCPOLYLOOP((#9817, #9774, #9802));
#9824 = IFCFACE((#9825));
#9825 = IFCFACEOUTERBOUND(#9826, .T.);
#9826 = IFCPOLYLOOP((#9775, #9802, #9774));
#9827 = IFCFACE((#9828));
#9828 = IFCFACEOUTERBOUND(#9829, .T.);
#9829 = IFCPOLYLOOP((#9830, #9803, #9831));
#9830 = IFCCARTESIANPOINT((4987.34486129994, 10012.9764975999, 407.681955143609));
#9831 = IFCCARTESIANPOINT((4987.34486129994, 10012.9764975999, 407.962011257646));
#9832 = IFCFACE((#9833));
#9833 = IFCFACEOUTERBOUND(#9834, .T.);
#9834 = IFCPOLYLOOP((#9810, #9831, #9803));
#9835 = IFCFACE((#9836));
#9836 = IFCFACEOUTERBOUND(#9837, .T.);
#9837 = IFCPOLYLOOP((#9831, #9810, #9838));
#9838 = IFCCARTESIANPOINT((4985.030361331, 10010.830938024, 407.898889465019));
#9839 = IFCFACE((#9840));
#9840 = IFCFACEOUTERBOUND(#9841, .T.);
#9841 = IFCPOLYLOOP((#9817, #9838, #9810));
#9842 = IFCFACE((#9843));
#9843 = IFCFACEOUTERBOUND(#9844, .T.);
#9844 = IFCPOLYLOOP((#9838, #9817, #9845));
#9845 = IFCCARTESIANPOINT((4985.030361331, 10010.830938024, 407.618833470619));
#9846 = IFCFACE((#9847));
#9847 = IFCFACEOUTERBOUND(#9848, .T.);
#9848 = IFCPOLYLOOP((#9802, #9845, #9817));
#9849 = IFCFACE((#9850));
#9850 = IFCFACEOUTERBOUND(#9851, .T.);
#9851 = IFCPOLYLOOP((#9845, #9802, #9830));
#9852 = IFCFACE((#9853));
#9853 = IFCFACEOUTERBOUND(#9854, .T.);
#9854 = IFCPOLYLOOP((#9803, #9830, #9802));
#9855 = IFCFACE((#9856));
#9856 = IFCFACEOUTERBOUND(#9857, .T.);
#9857 = IFCPOLYLOOP((#9858, #9831, #9859));
#9858 = IFCCARTESIANPOINT((4987.41287535211, 10012.9031894118, 407.681870809749));
#9859 = IFCCARTESIANPOINT((4987.41287535211, 10012.9031894118, 407.961926917431));
#9860 = IFCFACE((#9861));
#9861 = IFCFACEOUTERBOUND(#9862, .T.);
#9862 = IFCPOLYLOOP((#9838, #9859, #9831));
#9863 = IFCFACE((#9864));
#9864 = IFCFACEOUTERBOUND(#9865, .T.);
#9865 = IFCPOLYLOOP((#9859, #9838, #9866));
#9866 = IFCCARTESIANPOINT((4985.09837538317, 10010.7576298359, 407.898805220044));
#9867 = IFCFACE((#9868));
#9868 = IFCFACEOUTERBOUND(#9869, .T.);
#9869 = IFCPOLYLOOP((#9845, #9866, #9838));
#9870 = IFCFACE((#9871));
#9871 = IFCFACEOUTERBOUND(#9872, .T.);
#9872 = IFCPOLYLOOP((#9866, #9845, #9873));
#9873 = IFCCARTESIANPOINT((4985.09837538317, 10010.7576298359, 407.618749225645));
#9874 = IFCFACE((#9875));
#9875 = IFCFACEOUTERBOUND(#9876, .T.);
#9876 = IFCPOLYLOOP((#9830, #9873, #9845));
#9877 = IFCFACE((#9878));
#9878 = IFCFACEOUTERBOUND(#9879, .T.);
#9879 = IFCPOLYLOOP((#9873, #9830, #9858));
#9880 = IFCFACE((#9881));
#9881 = IFCFACEOUTERBOUND(#9882, .T.);
#9882 = IFCPOLYLOOP((#9831, #9858, #9830));
#9883 = IFCFACE((#9884));
#9884 = IFCFACEOUTERBOUND(#9885, .T.);
#9885 = IFCPOLYLOOP((#9886, #9859, #9887));
#9886 = IFCCARTESIANPOINT((4987.48088940428, 10012.8298812237, 407.681786475889));
#9887 = IFCCARTESIANPOINT((4987.48088940428, 10012.8298812237, 407.961842577213));
#9888 = IFCFACE((#9889));
#9889 = IFCFACEOUTERBOUND(#9890, .T.);
#9890 = IFCPOLYLOOP((#9866, #9887, #9859));
#9891 = IFCFACE((#9892));
#9892 = IFCFACEOUTERBOUND(#9893, .T.);
#9893 = IFCPOLYLOOP((#9887, #9866, #9894));
#9894 = IFCCARTESIANPOINT((4985.16638943534, 10010.6843216478, 407.89872097507));
#9895 = IFCFACE((#9896));
#9896 = IFCFACEOUTERBOUND(#9897, .T.);
#9897 = IFCPOLYLOOP((#9873, #9894, #9866));
#9898 = IFCFACE((#9899));
#9899 = IFCFACEOUTERBOUND(#9900, .T.);
#9900 = IFCPOLYLOOP((#9894, #9873, #9901));
#9901 = IFCCARTESIANPOINT((4985.16638943534, 10010.6843216478, 407.618664980671));
#9902 = IFCFACE((#9903));
#9903 = IFCFACEOUTERBOUND(#9904, .T.);
#9904 = IFCPOLYLOOP((#9858, #9901, #9873));
#9905 = IFCFACE((#9906));
#9906 = IFCFACEOUTERBOUND(#9907, .T.);
#9907 = IFCPOLYLOOP((#9901, #9858, #9886));
#9908 = IFCFACE((#9909));
#9909 = IFCFACEOUTERBOUND(#9910, .T.);
#9910 = IFCPOLYLOOP((#9859, #9886, #9858));
#9911 = IFCFACE((#9912));
#9912 = IFCFACEOUTERBOUND(#9913, .T.);
#9913 = IFCPOLYLOOP((#9914, #9887, #9915));
#9914 = IFCCARTESIANPOINT((4987.54890345645, 10012.7565730356, 407.681702142029));
#9915 = IFCCARTESIANPOINT((4987.54890345645, 10012.7565730356, 407.961758236998));
#9916 = IFCFACE((#9917));
#9917 = IFCFACEOUTERBOUND(#9918, .T.);
#9918 = IFCPOLYLOOP((#9894, #9915, #9887));
#9919 = IFCFACE((#9920));
#9920 = IFCFACEOUTERBOUND(#9921, .T.);
#9921 = IFCPOLYLOOP((#9915, #9894, #9922));
#9922 = IFCCARTESIANPOINT((4985.23440348751, 10010.6110134597, 407.898636730097));
#9923 = IFCFACE((#9924));
#9924 = IFCFACEOUTERBOUND(#9925, .T.);
#9925 = IFCPOLYLOOP((#9901, #9922, #9894));
#9926 = IFCFACE((#9927));
#9927 = IFCFACEOUTERBOUND(#9928, .T.);
#9928 = IFCPOLYLOOP((#9922, #9901, #9929));
#9929 = IFCCARTESIANPOINT((4985.23440348751, 10010.6110134597, 407.618580735698));
#9930 = IFCFACE((#9931));
#9931 = IFCFACEOUTERBOUND(#9932, .T.);
#9932 = IFCPOLYLOOP((#9886, #9929, #9901));
#9933 = IFCFACE((#9934));
#9934 = IFCFACEOUTERBOUND(#9935, .T.);
#9935 = IFCPOLYLOOP((#9929, #9886, #9914));
#9936 = IFCFACE((#9937));
#9937 = IFCFACEOUTERBOUND(#9938, .T.);
#9938 = IFCPOLYLOOP((#9887, #9914, #9886));
#9939 = IFCFACE((#9940));
#9940 = IFCFACEOUTERBOUND(#9941, .T.);
#9941 = IFCPOLYLOOP((#9942, #9915, #9943));
#9942 = IFCCARTESIANPOINT((4987.61691750863, 10012.6832648476, 407.681617808168));
#9943 = IFCCARTESIANPOINT((4987.61691750863, 10012.6832648476, 407.961673896782));
#9944 = IFCFACE((#9945));
#9945 = IFCFACEOUTERBOUND(#9946, .T.);
#9946 = IFCPOLYLOOP((#9922, #9943, #9915));
#9947 = IFCFACE((#9948));
#9948 = IFCFACEOUTERBOUND(#9949, .T.);
#9949 = IFCPOLYLOOP((#9943, #9922, #9950));
#9950 = IFCCARTESIANPOINT((4985.30241753969, 10010.5377052716, 407.898552485125));
#9951 = IFCFACE((#9952));
#9952 = IFCFACEOUTERBOUND(#9953, .T.);
#9953 = IFCPOLYLOOP((#9929, #9950, #9922));
#9954 = IFCFACE((#9955));
#9955 = IFCFACEOUTERBOUND(#9956, .T.);
#9956 = IFCPOLYLOOP((#9950, #9929, #9957));
#9957 = IFCCARTESIANPOINT((4985.30241753969, 10010.5377052716, 407.618496490724));
#9958 = IFCFACE((#9959));
#9959 = IFCFACEOUTERBOUND(#9960, .T.);
#9960 = IFCPOLYLOOP((#9914, #9957, #9929));
#9961 = IFCFACE((#9962));
#9962 = IFCFACEOUTERBOUND(#9963, .T.);
#9963 = IFCPOLYLOOP((#9957, #9914, #9942));
#9964 = IFCFACE((#9965));
#9965 = IFCFACEOUTERBOUND(#9966, .T.);
#9966 = IFCPOLYLOOP((#9915, #9942, #9914));
#9967 = IFCFACE((#9968));
#9968 = IFCFACEOUTERBOUND(#9969, .T.);
#9969 = IFCPOLYLOOP((#9970, #9943, #9971));
#9970 = IFCCARTESIANPOINT((4987.6849315608, 10012.6099566595, 407.681533474308));
#9971 = IFCCARTESIANPOINT((4987.6849315608, 10012.6099566595, 407.961589556566));
#9972 = IFCFACE((#9973));
#9973 = IFCFACEOUTERBOUND(#9974, .T.);
#9974 = IFCPOLYLOOP((#9950, #9971, #9943));
#9975 = IFCFACE((#9976));
#9976 = IFCFACEOUTERBOUND(#9977, .T.);
#9977 = IFCPOLYLOOP((#9971, #9950, #9978));
#9978 = IFCCARTESIANPOINT((4985.37043159186, 10010.4643970836, 407.898468240151));
#9979 = IFCFACE((#9980));
#9980 = IFCFACEOUTERBOUND(#9981, .T.);
#9981 = IFCPOLYLOOP((#9957, #9978, #9950));
#9982 = IFCFACE((#9983));
#9983 = IFCFACEOUTERBOUND(#9984, .T.);
#9984 = IFCPOLYLOOP((#9978, #9957, #9985));
#9985 = IFCCARTESIANPOINT((4985.37043159186, 10010.4643970836, 407.618412245751));
#9986 = IFCFACE((#9987));
#9987 = IFCFACEOUTERBOUND(#9988, .T.);
#9988 = IFCPOLYLOOP((#9942, #9985, #9957));
#9989 = IFCFACE((#9990));
#9990 = IFCFACEOUTERBOUND(#9991, .T.);
#9991 = IFCPOLYLOOP((#9985, #9942, #9970));
#9992 = IFCFACE((#9993));
#9993 = IFCFACEOUTERBOUND(#9994, .T.);
#9994 = IFCPOLYLOOP((#9943, #9970, #9942));
#9995 = IFCFACE((#9996));
#9996 = IFCFACEOUTERBOUND(#9997, .T.);
#9997 = IFCPOLYLOOP((#9998, #9971, #9999));
#9998 = IFCCARTESIANPOINT((4987.75294561297, 10012.5366484714, 407.681449140448));
#9999 = IFCCARTESIANPOINT((4987.75294561297, 10012.5366484714, 407.961505216348));
#10000 = IFCFACE((#10001));
#10001 = IFCFACEOUTERBOUND(#10002, .T.);
#10002 = IFCPOLYLOOP((#9978, #9999, #9971));
#10003 = IFCFACE((#10004));
#10004 = IFCFACEOUTERBOUND(#10005, .T.);
#10005 = IFCPOLYLOOP((#9999, #9978, #10006));
#10006 = IFCCARTESIANPOINT((4985.43844564403, 10010.3910888955, 407.898383995178));
#10007 = IFCFACE((#10008));
#10008 = IFCFACEOUTERBOUND(#10009, .T.);
#10009 = IFCPOLYLOOP((#9985, #10006, #9978));
#10010 = IFCFACE((#10011));
#10011 = IFCFACEOUTERBOUND(#10012, .T.);
#10012 = IFCPOLYLOOP((#10006, #9985, #10013));
#10013 = IFCCARTESIANPOINT((4985.43844564403, 10010.3910888955, 407.618328000777));
#10014 = IFCFACE((#10015));
#10015 = IFCFACEOUTERBOUND(#10016, .T.);
#10016 = IFCPOLYLOOP((#9970, #10013, #9985));
#10017 = IFCFACE((#10018));
#10018 = IFCFACEOUTERBOUND(#10019, .T.);
#10019 = IFCPOLYLOOP((#10013, #9970, #9998));
#10020 = IFCFACE((#10021));
#10021 = IFCFACEOUTERBOUND(#10022, .T.);
#10022 = IFCPOLYLOOP((#9971, #9998, #9970));
#10023 = IFCFACE((#10024));
#10024 = IFCFACEOUTERBOUND(#10025, .T.);
#10025 = IFCPOLYLOOP((#10026, #9999, #10027));
#10026 = IFCCARTESIANPOINT((4987.82095966514, 10012.4633402833, 407.681364806587));
#10027 = IFCCARTESIANPOINT((4987.82095966514, 10012.4633402833, 407.961420876133));
#10028 = IFCFACE((#10029));
#10029 = IFCFACEOUTERBOUND(#10030, .T.);
#10030 = IFCPOLYLOOP((#10006, #10027, #9999));
#10031 = IFCFACE((#10032));
#10032 = IFCFACEOUTERBOUND(#10033, .T.);
#10033 = IFCPOLYLOOP((#10027, #10006, #10034));
#10034 = IFCCARTESIANPOINT((4985.5064596962, 10010.3177807074, 407.898299750204));
#10035 = IFCFACE((#10036));
#10036 = IFCFACEOUTERBOUND(#10037, .T.);
#10037 = IFCPOLYLOOP((#10013, #10034, #10006));
#10038 = IFCFACE((#10039));
#10039 = IFCFACEOUTERBOUND(#10040, .T.);
#10040 = IFCPOLYLOOP((#10034, #10013, #10041));
#10041 = IFCCARTESIANPOINT((4985.5064596962, 10010.3177807074, 407.618243755803));
#10042 = IFCFACE((#10043));
#10043 = IFCFACEOUTERBOUND(#10044, .T.);
#10044 = IFCPOLYLOOP((#9998, #10041, #10013));
#10045 = IFCFACE((#10046));
#10046 = IFCFACEOUTERBOUND(#10047, .T.);
#10047 = IFCPOLYLOOP((#10041, #9998, #10026));
#10048 = IFCFACE((#10049));
#10049 = IFCFACEOUTERBOUND(#10050, .T.);
#10050 = IFCPOLYLOOP((#9999, #10026, #9998));
#10051 = IFCFACE((#10052));
#10052 = IFCFACEOUTERBOUND(#10053, .T.);
#10053 = IFCPOLYLOOP((#10054, #10027, #10055));
#10054 = IFCCARTESIANPOINT((4987.88897371732, 10012.3900320952, 407.681280472727));
#10055 = IFCCARTESIANPOINT((4987.88897371732, 10012.3900320952, 407.961336535914));
#10056 = IFCFACE((#10057));
#10057 = IFCFACEOUTERBOUND(#10058, .T.);
#10058 = IFCPOLYLOOP((#10034, #10055, #10027));
#10059 = IFCFACE((#10060));
#10060 = IFCFACEOUTERBOUND(#10061, .T.);
#10061 = IFCPOLYLOOP((#10055, #10034, #10062));
#10062 = IFCCARTESIANPOINT((4985.57447374838, 10010.2444725193, 407.898215505231));
#10063 = IFCFACE((#10064));
#10064 = IFCFACEOUTERBOUND(#10065, .T.);
#10065 = IFCPOLYLOOP((#10041, #10062, #10034));
#10066 = IFCFACE((#10067));
#10067 = IFCFACEOUTERBOUND(#10068, .T.);
#10068 = IFCPOLYLOOP((#10062, #10041, #10069));
#10069 = IFCCARTESIANPOINT((4985.57447374838, 10010.2444725193, 407.61815951083));
#10070 = IFCFACE((#10071));
#10071 = IFCFACEOUTERBOUND(#10072, .T.);
#10072 = IFCPOLYLOOP((#10026, #10069, #10041));
#10073 = IFCFACE((#10074));
#10074 = IFCFACEOUTERBOUND(#10075, .T.);
#10075 = IFCPOLYLOOP((#10069, #10026, #10054));
#10076 = IFCFACE((#10077));
#10077 = IFCFACEOUTERBOUND(#10078, .T.);
#10078 = IFCPOLYLOOP((#10027, #10054, #10026));
#10079 = IFCFACE((#10080));
#10080 = IFCFACEOUTERBOUND(#10081, .T.);
#10081 = IFCPOLYLOOP((#10082, #10055, #10083));
#10082 = IFCCARTESIANPOINT((4987.95698776949, 10012.3167239071, 407.681196138867));
#10083 = IFCCARTESIANPOINT((4987.95698776949, 10012.3167239071, 407.9612521957));
#10084 = IFCFACE((#10085));
#10085 = IFCFACEOUTERBOUND(#10086, .T.);
#10086 = IFCPOLYLOOP((#10062, #10083, #10055));
#10087 = IFCFACE((#10088));
#10088 = IFCFACEOUTERBOUND(#10089, .T.);
#10089 = IFCPOLYLOOP((#10083, #10062, #10090));
#10090 = IFCCARTESIANPOINT((4985.64248780055, 10010.1711643312, 407.898131260255));
#10091 = IFCFACE((#10092));
#10092 = IFCFACEOUTERBOUND(#10093, .T.);
#10093 = IFCPOLYLOOP((#10069, #10090, #10062));
#10094 = IFCFACE((#10095));
#10095 = IFCFACEOUTERBOUND(#10096, .T.);
#10096 = IFCPOLYLOOP((#10090, #10069, #10097));
#10097 = IFCCARTESIANPOINT((4985.64248780055, 10010.1711643312, 407.618075265856));
#10098 = IFCFACE((#10099));
#10099 = IFCFACEOUTERBOUND(#10100, .T.);
#10100 = IFCPOLYLOOP((#10054, #10097, #10069));
#10101 = IFCFACE((#10102));
#10102 = IFCFACEOUTERBOUND(#10103, .T.);
#10103 = IFCPOLYLOOP((#10097, #10054, #10082));
#10104 = IFCFACE((#10105));
#10105 = IFCFACEOUTERBOUND(#10106, .T.);
#10106 = IFCPOLYLOOP((#10055, #10082, #10054));
#10107 = IFCFACE((#10108));
#10108 = IFCFACEOUTERBOUND(#10109, .T.);
#10109 = IFCPOLYLOOP((#10110, #10083, #10111));
#10110 = IFCCARTESIANPOINT((4988.02500182166, 10012.243415719, 407.681111805006));
#10111 = IFCCARTESIANPOINT((4988.02500182166, 10012.243415719, 407.96116785548));
#10112 = IFCFACE((#10113));
#10113 = IFCFACEOUTERBOUND(#10114, .T.);
#10114 = IFCPOLYLOOP((#10090, #10111, #10083));
#10115 = IFCFACE((#10116));
#10116 = IFCFACEOUTERBOUND(#10117, .T.);
#10117 = IFCPOLYLOOP((#10111, #10090, #10118));
#10118 = IFCCARTESIANPOINT((4985.71050185272, 10010.0978561431, 407.898047015286));
#10119 = IFCFACE((#10120));
#10120 = IFCFACEOUTERBOUND(#10121, .T.);
#10121 = IFCPOLYLOOP((#10097, #10118, #10090));
#10122 = IFCFACE((#10123));
#10123 = IFCFACEOUTERBOUND(#10124, .T.);
#10124 = IFCPOLYLOOP((#10118, #10097, #10125));
#10125 = IFCCARTESIANPOINT((4985.71050185272, 10010.0978561431, 407.617991020882));
#10126 = IFCFACE((#10127));
#10127 = IFCFACEOUTERBOUND(#10128, .T.);
#10128 = IFCPOLYLOOP((#10082, #10125, #10097));
#10129 = IFCFACE((#10130));
#10130 = IFCFACEOUTERBOUND(#10131, .T.);
#10131 = IFCPOLYLOOP((#10125, #10082, #10110));
#10132 = IFCFACE((#10133));
#10133 = IFCFACEOUTERBOUND(#10134, .T.);
#10134 = IFCPOLYLOOP((#10083, #10110, #10082));
#10135 = IFCFACE((#10136));
#10136 = IFCFACEOUTERBOUND(#10137, .T.);
#10137 = IFCPOLYLOOP((#10138, #10111, #10139));
#10138 = IFCCARTESIANPOINT((4988.09301587384, 10012.1701075309, 407.681027471146));
#10139 = IFCCARTESIANPOINT((4988.09301587384, 10012.1701075309, 407.961083515265));
#10140 = IFCFACE((#10141));
#10141 = IFCFACEOUTERBOUND(#10142, .T.);
#10142 = IFCPOLYLOOP((#10118, #10139, #10111));
#10143 = IFCFACE((#10144));
#10144 = IFCFACEOUTERBOUND(#10145, .T.);
#10145 = IFCPOLYLOOP((#10139, #10118, #10146));
#10146 = IFCCARTESIANPOINT((4985.77851590489, 10010.024547955, 407.89796277031));
#10147 = IFCFACE((#10148));
#10148 = IFCFACEOUTERBOUND(#10149, .T.);
#10149 = IFCPOLYLOOP((#10125, #10146, #10118));
#10150 = IFCFACE((#10151));
#10151 = IFCFACEOUTERBOUND(#10152, .T.);
#10152 = IFCPOLYLOOP((#10146, #10125, #10153));
#10153 = IFCCARTESIANPOINT((4985.77851590489, 10010.024547955, 407.617906775909));
#10154 = IFCFACE((#10155));
#10155 = IFCFACEOUTERBOUND(#10156, .T.);
#10156 = IFCPOLYLOOP((#10110, #10153, #10125));
#10157 = IFCFACE((#10158));
#10158 = IFCFACEOUTERBOUND(#10159, .T.);
#10159 = IFCPOLYLOOP((#10153, #10110, #10138));
#10160 = IFCFACE((#10161));
#10161 = IFCFACEOUTERBOUND(#10162, .T.);
#10162 = IFCPOLYLOOP((#10111, #10138, #10110));
#10163 = IFCFACE((#10164));
#10164 = IFCFACEOUTERBOUND(#10165, .T.);
#10165 = IFCPOLYLOOP((#10166, #10139, #10167));
#10166 = IFCCARTESIANPOINT((4988.16102992601, 10012.0967993428, 407.680943137285));
#10167 = IFCCARTESIANPOINT((4988.16102992601, 10012.0967993428, 407.960999175048));
#10168 = IFCFACE((#10169));
#10169 = IFCFACEOUTERBOUND(#10170, .T.);
#10170 = IFCPOLYLOOP((#10146, #10167, #10139));
#10171 = IFCFACE((#10172));
#10172 = IFCFACEOUTERBOUND(#10173, .T.);
#10173 = IFCPOLYLOOP((#10167, #10146, #10174));
#10174 = IFCCARTESIANPOINT((4985.84652995707, 10009.9512397669, 407.897878525337));
#10175 = IFCFACE((#10176));
#10176 = IFCFACEOUTERBOUND(#10177, .T.);
#10177 = IFCPOLYLOOP((#10153, #10174, #10146));
#10178 = IFCFACE((#10179));
#10179 = IFCFACEOUTERBOUND(#10180, .T.);
#10180 = IFCPOLYLOOP((#10174, #10153, #10181));
#10181 = IFCCARTESIANPOINT((4985.84652995707, 10009.9512397669, 407.617822530935));
#10182 = IFCFACE((#10183));
#10183 = IFCFACEOUTERBOUND(#10184, .T.);
#10184 = IFCPOLYLOOP((#10138, #10181, #10153));
#10185 = IFCFACE((#10186));
#10186 = IFCFACEOUTERBOUND(#10187, .T.);
#10187 = IFCPOLYLOOP((#10181, #10138, #10166));
#10188 = IFCFACE((#10189));
#10189 = IFCFACEOUTERBOUND(#10190, .T.);
#10190 = IFCPOLYLOOP((#10139, #10166, #10138));
#10191 = IFCFACE((#10192));
#10192 = IFCFACEOUTERBOUND(#10193, .T.);
#10193 = IFCPOLYLOOP((#10194, #10167, #10195));
#10194 = IFCCARTESIANPOINT((4988.22904397818, 10012.0234911547, 407.680858803425));
#10195 = IFCCARTESIANPOINT((4988.22904397818, 10012.0234911547, 407.96091483483));
#10196 = IFCFACE((#10197));
#10197 = IFCFACEOUTERBOUND(#10198, .T.);
#10198 = IFCPOLYLOOP((#10174, #10195, #10167));
#10199 = IFCFACE((#10200));
#10200 = IFCFACEOUTERBOUND(#10201, .T.);
#10201 = IFCPOLYLOOP((#10195, #10174, #10202));
#10202 = IFCCARTESIANPOINT((4985.91454400924, 10009.8779315788, 407.897794280363));
#10203 = IFCFACE((#10204));
#10204 = IFCFACEOUTERBOUND(#10205, .T.);
#10205 = IFCPOLYLOOP((#10181, #10202, #10174));
#10206 = IFCFACE((#10207));
#10207 = IFCFACEOUTERBOUND(#10208, .T.);
#10208 = IFCPOLYLOOP((#10202, #10181, #10209));
#10209 = IFCCARTESIANPOINT((4985.91454400924, 10009.8779315788, 407.617738285962));
#10210 = IFCFACE((#10211));
#10211 = IFCFACEOUTERBOUND(#10212, .T.);
#10212 = IFCPOLYLOOP((#10166, #10209, #10181));
#10213 = IFCFACE((#10214));
#10214 = IFCFACEOUTERBOUND(#10215, .T.);
#10215 = IFCPOLYLOOP((#10209, #10166, #10194));
#10216 = IFCFACE((#10217));
#10217 = IFCFACEOUTERBOUND(#10218, .T.);
#10218 = IFCPOLYLOOP((#10167, #10194, #10166));
#10219 = IFCFACE((#10220));
#10220 = IFCFACEOUTERBOUND(#10221, .T.);
#10221 = IFCPOLYLOOP((#10222, #10195, #10223));
#10222 = IFCCARTESIANPOINT((4988.28447406687, 10011.9637464526, 407.680790071329));
#10223 = IFCCARTESIANPOINT((4988.28447406687, 10011.9637464526, 407.960846097555));
#10224 = IFCFACE((#10225));
#10225 = IFCFACEOUTERBOUND(#10226, .T.);
#10226 = IFCPOLYLOOP((#10202, #10223, #10195));
#10227 = IFCFACE((#10228));
#10228 = IFCFACEOUTERBOUND(#10229, .T.);
#10229 = IFCPOLYLOOP((#10223, #10202, #10230));
#10230 = IFCCARTESIANPOINT((4985.96997409793, 10009.8181868767, 407.897725620709));
#10231 = IFCFACE((#10232));
#10232 = IFCFACEOUTERBOUND(#10233, .T.);
#10233 = IFCPOLYLOOP((#10209, #10230, #10202));
#10234 = IFCFACE((#10235));
#10235 = IFCFACEOUTERBOUND(#10236, .T.);
#10236 = IFCPOLYLOOP((#10230, #10209, #10237));
#10237 = IFCCARTESIANPOINT((4985.96997409793, 10009.8181868767, 407.617669626308));
#10238 = IFCFACE((#10239));
#10239 = IFCFACEOUTERBOUND(#10240, .T.);
#10240 = IFCPOLYLOOP((#10194, #10237, #10209));
#10241 = IFCFACE((#10242));
#10242 = IFCFACEOUTERBOUND(#10243, .T.);
#10243 = IFCPOLYLOOP((#10237, #10194, #10222));
#10244 = IFCFACE((#10245));
#10245 = IFCFACEOUTERBOUND(#10246, .T.);
#10246 = IFCPOLYLOOP((#10195, #10222, #10194));
#10247 = IFCFACE((#10248));
#10248 = IFCFACEOUTERBOUND(#10249, .T.);
#10249 = IFCPOLYLOOP((#10250, #10223, #10251));
#10250 = IFCCARTESIANPOINT((4988.29705803035, 10011.9501829666, 407.680774411701));
#10251 = IFCCARTESIANPOINT((4988.29705803035, 10011.9501829666, 407.960830429207));
#10252 = IFCFACE((#10253));
#10253 = IFCFACEOUTERBOUND(#10254, .T.);
#10254 = IFCPOLYLOOP((#10251, #10223, #10255));
#10255 = IFCCARTESIANPOINT((4986.9733341888, 10010.7230806109, 407.924730035389));
#10256 = IFCFACE((#10257));
#10257 = IFCFACEOUTERBOUND(#10258, .T.);
#10258 = IFCPOLYLOOP((#10230, #10255, #10223));
#10259 = IFCFACE((#10260));
#10260 = IFCFACEOUTERBOUND(#10261, .T.);
#10261 = IFCPOLYLOOP((#10237, #10255, #10230));
#10262 = IFCFACE((#10263));
#10263 = IFCFACEOUTERBOUND(#10264, .T.);
#10264 = IFCPOLYLOOP((#10255, #10237, #10265));
#10265 = IFCCARTESIANPOINT((4986.9733341888, 10010.7230806109, 407.644674040988));
#10266 = IFCFACE((#10267));
#10267 = IFCFACEOUTERBOUND(#10268, .T.);
#10268 = IFCPOLYLOOP((#10265, #10237, #10250));
#10269 = IFCFACE((#10270));
#10270 = IFCFACEOUTERBOUND(#10271, .T.);
#10271 = IFCPOLYLOOP((#10222, #10250, #10237));
#10272 = IFCFACE((#10273));
#10273 = IFCFACEOUTERBOUND(#10274, .T.);
#10274 = IFCPOLYLOOP((#10223, #10250, #10222));
#10275 = IFCFACE((#10276));
#10276 = IFCFACEOUTERBOUND(#10277, .T.);
#10277 = IFCPOLYLOOP((#10278, #10251, #10279));
#10278 = IFCCARTESIANPOINT((4988.36507208253, 10011.8768747785, 407.680690089842));
#10279 = IFCCARTESIANPOINT((4988.36507208253, 10011.8768747785, 407.960746102556));
#10280 = IFCFACE((#10281));
#10281 = IFCFACEOUTERBOUND(#10282, .T.);
#10282 = IFCPOLYLOOP((#10255, #10279, #10251));
#10283 = IFCFACE((#10284));
#10284 = IFCFACEOUTERBOUND(#10285, .T.);
#10285 = IFCPOLYLOOP((#10279, #10255, #10286));
#10286 = IFCCARTESIANPOINT((4987.04134824097, 10010.6497724228, 407.924645790416));
#10287 = IFCFACE((#10288));
#10288 = IFCFACEOUTERBOUND(#10289, .T.);
#10289 = IFCPOLYLOOP((#10265, #10286, #10255));
#10290 = IFCFACE((#10291));
#10291 = IFCFACEOUTERBOUND(#10292, .T.);
#10292 = IFCPOLYLOOP((#10286, #10265, #10293));
#10293 = IFCCARTESIANPOINT((4987.04134824097, 10010.6497724228, 407.644589796015));
#10294 = IFCFACE((#10295));
#10295 = IFCFACEOUTERBOUND(#10296, .T.);
#10296 = IFCPOLYLOOP((#10250, #10293, #10265));
#10297 = IFCFACE((#10298));
#10298 = IFCFACEOUTERBOUND(#10299, .T.);
#10299 = IFCPOLYLOOP((#10293, #10250, #10278));
#10300 = IFCFACE((#10301));
#10301 = IFCFACEOUTERBOUND(#10302, .T.);
#10302 = IFCPOLYLOOP((#10251, #10278, #10250));
#10303 = IFCFACE((#10304));
#10304 = IFCFACEOUTERBOUND(#10305, .T.);
#10305 = IFCPOLYLOOP((#10306, #10279, #10307));
#10306 = IFCCARTESIANPOINT((4988.4330861347, 10011.8035665904, 407.680605767982));
#10307 = IFCCARTESIANPOINT((4988.4330861347, 10011.8035665904, 407.960661775905));
#10308 = IFCFACE((#10309));
#10309 = IFCFACEOUTERBOUND(#10310, .T.);
#10310 = IFCPOLYLOOP((#10286, #10307, #10279));
#10311 = IFCFACE((#10312));
#10312 = IFCFACEOUTERBOUND(#10313, .T.);
#10313 = IFCPOLYLOOP((#10307, #10286, #10314));
#10314 = IFCCARTESIANPOINT((4987.10936229315, 10010.5764642348, 407.924561545444));
#10315 = IFCFACE((#10316));
#10316 = IFCFACEOUTERBOUND(#10317, .T.);
#10317 = IFCPOLYLOOP((#10293, #10314, #10286));
#10318 = IFCFACE((#10319));
#10319 = IFCFACEOUTERBOUND(#10320, .T.);
#10320 = IFCPOLYLOOP((#10314, #10293, #10321));
#10321 = IFCCARTESIANPOINT((4987.10936229315, 10010.5764642348, 407.644505551041));
#10322 = IFCFACE((#10323));
#10323 = IFCFACEOUTERBOUND(#10324, .T.);
#10324 = IFCPOLYLOOP((#10278, #10321, #10293));
#10325 = IFCFACE((#10326));
#10326 = IFCFACEOUTERBOUND(#10327, .T.);
#10327 = IFCPOLYLOOP((#10321, #10278, #10306));
#10328 = IFCFACE((#10329));
#10329 = IFCFACEOUTERBOUND(#10330, .T.);
#10330 = IFCPOLYLOOP((#10279, #10306, #10278));
#10331 = IFCFACE((#10332));
#10332 = IFCFACEOUTERBOUND(#10333, .T.);
#10333 = IFCPOLYLOOP((#10334, #10307, #10335));
#10334 = IFCCARTESIANPOINT((4988.50110018687, 10011.7302584023, 407.680521446123));
#10335 = IFCCARTESIANPOINT((4988.50110018687, 10011.7302584023, 407.960577449252));
#10336 = IFCFACE((#10337));
#10337 = IFCFACEOUTERBOUND(#10338, .T.);
#10338 = IFCPOLYLOOP((#10314, #10335, #10307));
#10339 = IFCFACE((#10340));
#10340 = IFCFACEOUTERBOUND(#10341, .T.);
#10341 = IFCPOLYLOOP((#10335, #10314, #10342));
#10342 = IFCCARTESIANPOINT((4987.17737634532, 10010.5031560467, 407.924477300468));
#10343 = IFCFACE((#10344));
#10344 = IFCFACEOUTERBOUND(#10345, .T.);
#10345 = IFCPOLYLOOP((#10321, #10342, #10314));
#10346 = IFCFACE((#10347));
#10347 = IFCFACEOUTERBOUND(#10348, .T.);
#10348 = IFCPOLYLOOP((#10342, #10321, #10349));
#10349 = IFCCARTESIANPOINT((4987.17737634532, 10010.5031560467, 407.644421306067));
#10350 = IFCFACE((#10351));
#10351 = IFCFACEOUTERBOUND(#10352, .T.);
#10352 = IFCPOLYLOOP((#10306, #10349, #10321));
#10353 = IFCFACE((#10354));
#10354 = IFCFACEOUTERBOUND(#10355, .T.);
#10355 = IFCPOLYLOOP((#10349, #10306, #10334));
#10356 = IFCFACE((#10357));
#10357 = IFCFACEOUTERBOUND(#10358, .T.);
#10358 = IFCPOLYLOOP((#10307, #10334, #10306));
#10359 = IFCFACE((#10360));
#10360 = IFCFACEOUTERBOUND(#10361, .T.);
#10361 = IFCPOLYLOOP((#10362, #10335, #10363));
#10362 = IFCCARTESIANPOINT((4988.56911423904, 10011.6569502142, 407.680437124263));
#10363 = IFCCARTESIANPOINT((4988.56911423904, 10011.6569502142, 407.960493122602));
#10364 = IFCFACE((#10365));
#10365 = IFCFACEOUTERBOUND(#10366, .T.);
#10366 = IFCPOLYLOOP((#10342, #10363, #10335));
#10367 = IFCFACE((#10368));
#10368 = IFCFACEOUTERBOUND(#10369, .T.);
#10369 = IFCPOLYLOOP((#10363, #10342, #10370));
#10370 = IFCCARTESIANPOINT((4987.24539039749, 10010.4298478586, 407.924393055495));
#10371 = IFCFACE((#10372));
#10372 = IFCFACEOUTERBOUND(#10373, .T.);
#10373 = IFCPOLYLOOP((#10349, #10370, #10342));
#10374 = IFCFACE((#10375));
#10375 = IFCFACEOUTERBOUND(#10376, .T.);
#10376 = IFCPOLYLOOP((#10370, #10349, #10377));
#10377 = IFCCARTESIANPOINT((4987.24539039749, 10010.4298478586, 407.644337061094));
#10378 = IFCFACE((#10379));
#10379 = IFCFACEOUTERBOUND(#10380, .T.);
#10380 = IFCPOLYLOOP((#10334, #10377, #10349));
#10381 = IFCFACE((#10382));
#10382 = IFCFACEOUTERBOUND(#10383, .T.);
#10383 = IFCPOLYLOOP((#10377, #10334, #10362));
#10384 = IFCFACE((#10385));
#10385 = IFCFACEOUTERBOUND(#10386, .T.);
#10386 = IFCPOLYLOOP((#10335, #10362, #10334));
#10387 = IFCFACE((#10388));
#10388 = IFCFACEOUTERBOUND(#10389, .T.);
#10389 = IFCPOLYLOOP((#10390, #10363, #10391));
#10390 = IFCCARTESIANPOINT((4988.62465315021, 10011.5970882191, 407.680368267033));
#10391 = IFCCARTESIANPOINT((4988.62465315021, 10011.5970882191, 407.960424261457));
#10392 = IFCFACE((#10393));
#10393 = IFCFACEOUTERBOUND(#10394, .T.);
#10394 = IFCPOLYLOOP((#10370, #10391, #10363));
#10395 = IFCFACE((#10396));
#10396 = IFCFACEOUTERBOUND(#10397, .T.);
#10397 = IFCPOLYLOOP((#10391, #10370, #10398));
#10398 = IFCCARTESIANPOINT((4987.30092930866, 10010.3699858634, 407.924324261048));
#10399 = IFCFACE((#10400));
#10400 = IFCFACEOUTERBOUND(#10401, .T.);
#10401 = IFCPOLYLOOP((#10377, #10398, #10370));
#10402 = IFCFACE((#10403));
#10403 = IFCFACEOUTERBOUND(#10404, .T.);
#10404 = IFCPOLYLOOP((#10398, #10377, #10405));
#10405 = IFCCARTESIANPOINT((4987.30092930866, 10010.3699858634, 407.644268266648));
#10406 = IFCFACE((#10407));
#10407 = IFCFACEOUTERBOUND(#10408, .T.);
#10408 = IFCPOLYLOOP((#10362, #10405, #10377));
#10409 = IFCFACE((#10410));
#10410 = IFCFACEOUTERBOUND(#10411, .T.);
#10411 = IFCPOLYLOOP((#10405, #10362, #10390));
#10412 = IFCFACE((#10413));
#10413 = IFCFACEOUTERBOUND(#10414, .T.);
#10414 = IFCPOLYLOOP((#10363, #10390, #10362));
#10415 = IFCFACE((#10416));
#10416 = IFCFACEOUTERBOUND(#10417, .T.);
#10417 = IFCPOLYLOOP((#10398, #10418, #10391));
#10418 = IFCCARTESIANPOINT((4988.62474156848, 10011.5969929184, 407.960424151835));
#10419 = IFCFACE((#10420));
#10420 = IFCFACEOUTERBOUND(#10421, .T.);
#10421 = IFCPOLYLOOP((#10418, #10398, #10422));
#10422 = IFCCARTESIANPOINT((4987.30101772693, 10010.3698905627, 407.924324151532));
#10423 = IFCFACE((#10424));
#10424 = IFCFACEOUTERBOUND(#10425, .T.);
#10425 = IFCPOLYLOOP((#10405, #10422, #10398));
#10426 = IFCFACE((#10427));
#10427 = IFCFACEOUTERBOUND(#10428, .T.);
#10428 = IFCPOLYLOOP((#10422, #10405, #10429));
#10429 = IFCCARTESIANPOINT((4987.30101772693, 10010.3698905627, 407.64426815713));
#10430 = IFCFACE((#10431));
#10431 = IFCFACEOUTERBOUND(#10432, .T.);
#10432 = IFCPOLYLOOP((#10429, #10405, #10433));
#10433 = IFCCARTESIANPOINT((4988.62474156848, 10011.5969929184, 407.680368157414));
#10434 = IFCFACE((#10435));
#10435 = IFCFACEOUTERBOUND(#10436, .T.);
#10436 = IFCPOLYLOOP((#10390, #10433, #10405));
#10437 = IFCFACE((#10438));
#10438 = IFCFACEOUTERBOUND(#10439, .T.);
#10439 = IFCPOLYLOOP((#10433, #10390, #10418));
#10440 = IFCFACE((#10441));
#10441 = IFCFACEOUTERBOUND(#10442, .T.);
#10442 = IFCPOLYLOOP((#10391, #10418, #10390));
#10443 = IFCFACE((#10444));
#10444 = IFCFACEOUTERBOUND(#10445, .T.);
#10445 = IFCPOLYLOOP((#10422, #10429, #10433));
#10446 = IFCFACE((#10447));
#10447 = IFCFACEOUTERBOUND(#10448, .T.);
#10448 = IFCPOLYLOOP((#10418, #10422, #10433));
#10449 = IFCBUILDINGELEMENTPROXY('0_ACYws$D0DA8NPL9bo95$', #7, 'Neubau Trag 1 Erg\X2\00E4\X0\nzung WSH Bstg. Gleis 2', $, $, #10450, #10495, $, .ELEMENT.);
#10450 = IFCLOCALPLACEMENT(#8358, #10451);
#10451 = IFCAXIS2PLACEMENT3D(#6, #4, #2);
#10452 = IFCPROPERTYSET('3h3S8dSJ515e1nasKKMp0n', #7, 'ProVI', $, (#10453, #10454, #10455, #10456, #10457, #10458, #10459, #10460, #10462, #10464, #10465, #10467, #10469, #10471));
#10453 = IFCPROPERTYSINGLEVALUE('PVI_BEZEICHNUNG_PROJEKT', $, IFCLABEL('Kressbronn VA'), $);
#10454 = IFCPROPERTYSINGLEVALUE('PVI_NUMMER_PROJEKT', $, IFCLABEL('522'), $);
#10455 = IFCPROPERTYSINGLEVALUE('PVI_BEZEICHNUNG_DATEI', $, IFCLABEL('Trasse Bestand mit Erg\X2\00E4\X0\nzung WSH'), $);
#10456 = IFCPROPERTYSINGLEVALUE('PVI_BAUTEILGRUPPE', $, IFCLABEL('Bahnsteige'), $);
#10457 = IFCPROPERTYSINGLEVALUE('PVI_BAUTEILTYP', $, IFCLABEL('Neubau Trag 1 Erg\X2\00E4\X0\nzung WSH Bstg. Gleis 2'), $);
#10458 = IFCPROPERTYSINGLEVALUE('PVI_KM_VON', $, IFCLABEL('14,0+39,794'), $);
#10459 = IFCPROPERTYSINGLEVALUE('PVI_KM_BIS', $, IFCLABEL('14,0+46,267'), $);
#10460 = IFCPROPERTYSINGLEVALUE('PVI_STAT_VON', $, IFCREAL(14039.794), #10461);
#10461 = IFCSIUNIT(*, .LENGTHUNIT., $, .METRE.);
#10462 = IFCPROPERTYSINGLEVALUE('PVI_STAT_BIS', $, IFCREAL(14046.267), #10463);
#10463 = IFCSIUNIT(*, .LENGTHUNIT., $, .METRE.);
#10464 = IFCPROPERTYSINGLEVALUE('PVI_STATIONSBEZUG', $, IFCLABEL('Achse 4530S (Kilometrierungslinie 4530 (DR0))'), $);
#10465 = IFCPROPERTYSINGLEVALUE('PVI_SCHICHTSTAERKE', $, IFCREAL(0.), #10466);
#10466 = IFCSIUNIT(*, .LENGTHUNIT., $, .METRE.);
#10467 = IFCPROPERTYSINGLEVALUE('PVI_VOLUMEN_M3', $, IFCREAL(5.424), #10468);
#10468 = IFCSIUNIT(*, .VOLUMEUNIT., $, .CUBIC_METRE.);
#10469 = IFCPROPERTYSINGLEVALUE('PVI_FLAECHE_M2', $, IFCREAL(19.371), #10470);
#10470 = IFCSIUNIT(*, .AREAUNIT., $, .SQUARE_METRE.);
#10471 = IFCPROPERTYSINGLEVALUE('PVI_VOLUMEN_REB_M3', $, IFCREAL(5.424), #10472);
#10472 = IFCSIUNIT(*, .VOLUMEUNIT., $, .CUBIC_METRE.);
#10473 = IFCRELDEFINESBYPROPERTIES('1x3de16Cv3XvnpyKyqpDV4', #7, $, $, (#10449), #10452);
#10474 = IFCPROPERTYSET('3wjJwKkNvFHPlFOif0RtM0', #7, 'DB', $, (#10475, #10476, #10477, #10478, #10479, #10480, #10481));
#10475 = IFCPROPERTYSINGLEVALUE('Zustand', $, IFCLABEL('Neubau'), $);
#10476 = IFCPROPERTYSINGLEVALUE('Eigentuemer', $, IFCLABEL('DB Infr'), $);
#10477 = IFCPROPERTYSINGLEVALUE('Datenquelle', $, IFCLABEL('Planung'), $);
#10478 = IFCPROPERTYSINGLEVALUE('Equipment', $, IFCLABEL('80135450'), $);
#10479 = IFCPROPERTYSINGLEVALUE('DBAnlagentyp', $, IFCLABEL('WandUndBodenbelaege'), $);
#10480 = IFCPROPERTYSINGLEVALUE('Objektklasse', $, IFCLABEL('Bodenbelag'), $);
#10481 = IFCPROPERTYSINGLEVALUE('Objekt', $, IFCLABEL('Tragschicht'), $);
#10482 = IFCRELDEFINESBYPROPERTIES('3fln8nAST5WwKX9gG$cFi7', #7, $, $, (#10449), #10474);
#10483 = IFCPROPERTYSET('2JpdDcksbAPhXEcOf4VFeA', #7, 'Stammdaten Verkehrsanlage', $, (#10484, #10485, #10486, #10487, #10488));
#10484 = IFCPROPERTYSINGLEVALUE('Bf_Nr', $, IFCINTEGER(0), $);
#10485 = IFCPROPERTYSINGLEVALUE('BhfK', $, IFCLABEL('-'), $);
#10486 = IFCPROPERTYSINGLEVALUE('Durchfahrtsgeschwindigkeit', $, IFCLABEL('-'), $);
#10487 = IFCPROPERTYSINGLEVALUE('Lagesystem', $, IFCLABEL('-'), $);
#10488 = IFCPROPERTYSINGLEVALUE('Hoehensystem', $, IFCLABEL('-'), $);
#10489 = IFCRELDEFINESBYPROPERTIES('0ppEKNrmn2oPXnSSGmlz7E', #7, $, $, (#10449), #10483);
#10490 = IFCPROPERTYSET('3nIpTAKmvDKuGxy$sBtWjM', #7, 'VST', $, (#10491, #10492, #10493));
#10491 = IFCPROPERTYSINGLEVALUE('VST_Baugruppe', $, IFCLABEL('Bstg Gl. 2'), $);
#10492 = IFCPROPERTYSINGLEVALUE('Phase erstellt', $, IFCLABEL('-'), $);
#10493 = IFCPROPERTYSINGLEVALUE('Phase abgebrochen', $, IFCLABEL('-'), $);
#10494 = IFCRELDEFINESBYPROPERTIES('1Z_R8A5xfDG9zFioE6KtGj', #7, $, $, (#10449), #10490);
#10495 = IFCPRODUCTDEFINITIONSHAPE($, $, (#10496));
#10496 = IFCSHAPEREPRESENTATION(#26, 'Body', 'SolidModel', (#10497));
#10497 = IFCFACETEDBREP(#10503);
#10498 = IFCSTYLEDITEM(#10497, (#10499), $);
#10499 = IFCPRESENTATIONSTYLEASSIGNMENT((#10500));
#10500 = IFCSURFACESTYLE($, .POSITIVE., (#10501));
#10501 = IFCSURFACESTYLERENDERING(#10502, $, $, $, $, $, $, $, .FLAT.);
#10502 = IFCCOLOURRGB($, 7.52941176470588E-1, 7.52941176470588E-1, 7.52941176470588E-1);
#10503 = IFCCLOSEDSHELL((#10504, #10510, #10514, #10518, #10522, #10526, #10530, #10533, #10536, #10539, #10542, #10547, #10550, #10554, #10557, #10561, #10564, #10567, #10570, #10575, #10578, #10582, #10585, #10589, #10592, #10595, #10598, #10603, #10606, #10610, #10613, #10617, #10620, #10623, #10626, #10631, #10634, #10638, #10641, #10645, #10648, #10651, #10654, #10659, #10662, #10666, #10669, #10673, #10676, #10679, #10682, #10687, #10690, #10694, #10698, #10701, #10704, #10707, #10710, #10715, #10719, #10722, #10725, #10729, #10732, #10735, #10738, #10743, #10747, #10750, #10753, #10757, #10760, #10763, #10766, #10771, #10775, #10778, #10781, #10785, #10788, #10791, #10794, #10799, #10803, #10806, #10809, #10813, #10816, #10819, #10822, #10827, #10831, #10834, #10837, #10841, #10844, #10847, #10850, #10855, #10859, #10862, #10865, #10869, #10872, #10875, #10878, #10883, #10887, #10890, #10893, #10897, #10900, #10903, #10906, #10911, #10915, #10918, #10921, #10925, #10928, #10931, #10934, #10939, #10943, #10946, #10949, #10953, #10956, #10959, #10962, #10967, #10971, #10974, #10977, #10981, #10984, #10987, #10990, #10995, #10999, #11002, #11005, #11009, #11012, #11015, #11018, #11023, #11027, #11030, #11033, #11037, #11040, #11043, #11046, #11051, #11055, #11058, #11061, #11065, #11068, #11071, #11074, #11079, #11083, #11086, #11089, #11093, #11096, #11099, #11102, #11107, #11111, #11114, #11117, #11121, #11124, #11127, #11130, #11135, #11139, #11142, #11145, #11149, #11152, #11155, #11158, #11163, #11167, #11170, #11173, #11177, #11180, #11183, #11186, #11191, #11195, #11198, #11201, #11205, #11208, #11211, #11214, #11219, #11223, #11226, #11229, #11233, #11236, #11239, #11242, #11247, #11251, #11254, #11257, #11261, #11264, #11267, #11270, #11275, #11279, #11282, #11285, #11289, #11292, #11295, #11298, #11303, #11307, #11310, #11313, #11317, #11320, #11323, #11326, #11331, #11335, #11338, #11341, #11345, #11348, #11351, #11354, #11359, #11363, #11366, #11369, #11373, #11376, #11379, #11382, #11387, #11391, #11394, #11397, #11401, #11404, #11407, #11410, #11415, #11419, #11422, #11425, #11429, #11432, #11435, #11438, #11443, #11447, #11450, #11453, #11457, #11460, #11463, #11466, #11471, #11475, #11478, #11481, #11485, #11488, #11491, #11494, #11499, #11503, #11506, #11509, #11513, #11516, #11519, #11522, #11527, #11531, #11534, #11537, #11541, #11544, #11547, #11550, #11555, #11559, #11562, #11565, #11569, #11572, #11575, #11578, #11583, #11587, #11590, #11593, #11597, #11600, #11603, #11606, #11611, #11615, #11618, #11621, #11625, #11628, #11631, #11634, #11639, #11643, #11646, #11649, #11653, #11656, #11659, #11662, #11667, #11671, #11674, #11677, #11681, #11684, #11687, #11690, #11695, #11699, #11702, #11705, #11709, #11712, #11715, #11718, #11723, #11727, #11730, #11733, #11737, #11740, #11743, #11746, #11751, #11755, #11758, #11761, #11765, #11768, #11771, #11774, #11779, #11783, #11786, #11789, #11793, #11796, #11799, #11802, #11807, #11811, #11814, #11817, #11821, #11824, #11827, #11830, #11835, #11839, #11842, #11845, #11849, #11852, #11855, #11858, #11863, #11867, #11870, #11873, #11877, #11880, #11883, #11886, #11891, #11895, #11898, #11901, #11905, #11908, #11911, #11914, #11919, #11923, #11926, #11929, #11933, #11936, #11939, #11942, #11947, #11951, #11954, #11957, #11961, #11964, #11967, #11970, #11975, #11979, #11982, #11985, #11989, #11992, #11995, #11998, #12003, #12007, #12010, #12013, #12017, #12020, #12023, #12026, #12031, #12035, #12038, #12041, #12045, #12048, #12051, #12054, #12059, #12063, #12066, #12069, #12073, #12076, #12079, #12082, #12087, #12091, #12094, #12097, #12101, #12104, #12107, #12110, #12115, #12119, #12122, #12125, #12129, #12132, #12135, #12138, #12143, #12147, #12150, #12153, #12157, #12160, #12163, #12166, #12171, #12175, #12178, #12181, #12185, #12188, #12191, #12194, #12199, #12203, #12206, #12209, #12213, #12216, #12219, #12222, #12227, #12231, #12234, #12237, #12241, #12244, #12247, #12250, #12255, #12259, #12262, #12265, #12269, #12272, #12275, #12278, #12283, #12287, #12290, #12293, #12297, #12300, #12303, #12306, #12311, #12315, #12318, #12321, #12325, #12328, #12331, #12334, #12339, #12343, #12346, #12349, #12353, #12356, #12359, #12362, #12367, #12371, #12374, #12377, #12381, #12384, #12387, #12390, #12395, #12399, #12402, #12405, #12409, #12412, #12415, #12418, #12423, #12427, #12430, #12433, #12437, #12440, #12443, #12446, #12451, #12454, #12458, #12461, #12465, #12468, #12471, #12474, #12479, #12482, #12486, #12489, #12493, #12496, #12499, #12502, #12505));
#10504 = IFCFACE((#10505));
#10505 = IFCFACEOUTERBOUND(#10506, .T.);
#10506 = IFCPOLYLOOP((#10507, #10508, #10509));
#10507 = IFCCARTESIANPOINT((5041.01370045764, 9955.14916084034, 408.00443495594));
#10508 = IFCCARTESIANPOINT((5041.01359999376, 9955.14926951901, 408.004434772129));
#10509 = IFCCARTESIANPOINT((5039.73397851664, 9953.96284859067, 407.96952970585));
#10510 = IFCFACE((#10511));
#10511 = IFCFACEOUTERBOUND(#10512, .T.);
#10512 = IFCPOLYLOOP((#10513, #10509, #10508));
#10513 = IFCCARTESIANPOINT((5039.73387805276, 9953.96295726934, 407.969529521932));
#10514 = IFCFACE((#10515));
#10515 = IFCFACEOUTERBOUND(#10516, .T.);
#10516 = IFCPOLYLOOP((#10517, #10509, #10513));
#10517 = IFCCARTESIANPOINT((5039.73387805276, 9953.96295726934, 407.689473527531));
#10518 = IFCFACE((#10519));
#10519 = IFCFACEOUTERBOUND(#10520, .T.);
#10520 = IFCPOLYLOOP((#10509, #10517, #10521));
#10521 = IFCCARTESIANPOINT((5039.73397851664, 9953.96284859067, 407.689473711447));
#10522 = IFCFACE((#10523));
#10523 = IFCFACEOUTERBOUND(#10524, .T.);
#10524 = IFCPOLYLOOP((#10525, #10521, #10517));
#10525 = IFCCARTESIANPOINT((5041.01359999376, 9955.14926951901, 407.724378463476));
#10526 = IFCFACE((#10527));
#10527 = IFCFACEOUTERBOUND(#10528, .T.);
#10528 = IFCPOLYLOOP((#10521, #10525, #10529));
#10529 = IFCCARTESIANPOINT((5041.01370045764, 9955.14916084034, 407.724378647292));
#10530 = IFCFACE((#10531));
#10531 = IFCFACEOUTERBOUND(#10532, .T.);
#10532 = IFCPOLYLOOP((#10529, #10525, #10507));
#10533 = IFCFACE((#10534));
#10534 = IFCFACEOUTERBOUND(#10535, .T.);
#10535 = IFCPOLYLOOP((#10508, #10507, #10525));
#10536 = IFCFACE((#10537));
#10537 = IFCFACEOUTERBOUND(#10538, .T.);
#10538 = IFCPOLYLOOP((#10513, #10525, #10517));
#10539 = IFCFACE((#10540));
#10540 = IFCFACEOUTERBOUND(#10541, .T.);
#10541 = IFCPOLYLOOP((#10508, #10525, #10513));
#10542 = IFCFACE((#10543));
#10543 = IFCFACEOUTERBOUND(#10544, .T.);
#10544 = IFCPOLYLOOP((#10545, #10507, #10546));
#10545 = IFCCARTESIANPOINT((5041.01742992308, 9955.14512658065, 407.724385374949));
#10546 = IFCCARTESIANPOINT((5041.01742992308, 9955.14512658065, 408.004441683356));
#10547 = IFCFACE((#10548));
#10548 = IFCFACEOUTERBOUND(#10549, .T.);
#10549 = IFCPOLYLOOP((#10509, #10546, #10507));
#10550 = IFCFACE((#10551));
#10551 = IFCFACEOUTERBOUND(#10552, .T.);
#10552 = IFCPOLYLOOP((#10546, #10509, #10553));
#10553 = IFCCARTESIANPOINT((5039.73770798207, 9953.95881433098, 407.969536437191));
#10554 = IFCFACE((#10555));
#10555 = IFCFACEOUTERBOUND(#10556, .T.);
#10556 = IFCPOLYLOOP((#10521, #10553, #10509));
#10557 = IFCFACE((#10558));
#10558 = IFCFACEOUTERBOUND(#10559, .T.);
#10559 = IFCPOLYLOOP((#10553, #10521, #10560));
#10560 = IFCCARTESIANPOINT((5039.73770798207, 9953.95881433098, 407.68948044279));
#10561 = IFCFACE((#10562));
#10562 = IFCFACEOUTERBOUND(#10563, .T.);
#10563 = IFCPOLYLOOP((#10529, #10560, #10521));
#10564 = IFCFACE((#10565));
#10565 = IFCFACEOUTERBOUND(#10566, .T.);
#10566 = IFCPOLYLOOP((#10560, #10529, #10545));
#10567 = IFCFACE((#10568));
#10568 = IFCFACEOUTERBOUND(#10569, .T.);
#10569 = IFCPOLYLOOP((#10507, #10545, #10529));
#10570 = IFCFACE((#10571));
#10571 = IFCFACEOUTERBOUND(#10572, .T.);
#10572 = IFCPOLYLOOP((#10573, #10546, #10574));
#10573 = IFCCARTESIANPOINT((5041.08531228639, 9955.07169631595, 407.724507918804));
#10574 = IFCCARTESIANPOINT((5041.08531228639, 9955.07169631595, 408.00456422286));
#10575 = IFCFACE((#10576));
#10576 = IFCFACEOUTERBOUND(#10577, .T.);
#10577 = IFCPOLYLOOP((#10553, #10574, #10546));
#10578 = IFCFACE((#10579));
#10579 = IFCFACEOUTERBOUND(#10580, .T.);
#10580 = IFCPOLYLOOP((#10574, #10553, #10581));
#10581 = IFCCARTESIANPOINT((5039.80559034538, 9953.88538406628, 407.969659048182));
#10582 = IFCFACE((#10583));
#10583 = IFCFACEOUTERBOUND(#10584, .T.);
#10584 = IFCPOLYLOOP((#10560, #10581, #10553));
#10585 = IFCFACE((#10586));
#10586 = IFCFACEOUTERBOUND(#10587, .T.);
#10587 = IFCPOLYLOOP((#10581, #10560, #10588));
#10588 = IFCCARTESIANPOINT((5039.80559034538, 9953.88538406628, 407.689603053783));
#10589 = IFCFACE((#10590));
#10590 = IFCFACEOUTERBOUND(#10591, .T.);
#10591 = IFCPOLYLOOP((#10545, #10588, #10560));
#10592 = IFCFACE((#10593));
#10593 = IFCFACEOUTERBOUND(#10594, .T.);
#10594 = IFCPOLYLOOP((#10588, #10545, #10573));
#10595 = IFCFACE((#10596));
#10596 = IFCFACEOUTERBOUND(#10597, .T.);
#10597 = IFCPOLYLOOP((#10546, #10573, #10545));
#10598 = IFCFACE((#10599));
#10599 = IFCFACEOUTERBOUND(#10600, .T.);
#10600 = IFCPOLYLOOP((#10601, #10574, #10602));
#10601 = IFCCARTESIANPOINT((5041.1531946497, 9954.99826605125, 407.724630462679));
#10602 = IFCCARTESIANPOINT((5041.1531946497, 9954.99826605125, 408.004686762386));
#10603 = IFCFACE((#10604));
#10604 = IFCFACEOUTERBOUND(#10605, .T.);
#10605 = IFCPOLYLOOP((#10581, #10602, #10574));
#10606 = IFCFACE((#10607));
#10607 = IFCFACEOUTERBOUND(#10608, .T.);
#10608 = IFCPOLYLOOP((#10602, #10581, #10609));
#10609 = IFCCARTESIANPOINT((5039.87347270869, 9953.81195380158, 407.969781659216));
#10610 = IFCFACE((#10611));
#10611 = IFCFACEOUTERBOUND(#10612, .T.);
#10612 = IFCPOLYLOOP((#10588, #10609, #10581));
#10613 = IFCFACE((#10614));
#10614 = IFCFACEOUTERBOUND(#10615, .T.);
#10615 = IFCPOLYLOOP((#10609, #10588, #10616));
#10616 = IFCCARTESIANPOINT((5039.87347270869, 9953.81195380158, 407.689725664814));
#10617 = IFCFACE((#10618));
#10618 = IFCFACEOUTERBOUND(#10619, .T.);
#10619 = IFCPOLYLOOP((#10573, #10616, #10588));
#10620 = IFCFACE((#10621));
#10621 = IFCFACEOUTERBOUND(#10622, .T.);
#10622 = IFCPOLYLOOP((#10616, #10573, #10601));
#10623 = IFCFACE((#10624));
#10624 = IFCFACEOUTERBOUND(#10625, .T.);
#10625 = IFCPOLYLOOP((#10574, #10601, #10573));
#10626 = IFCFACE((#10627));
#10627 = IFCFACEOUTERBOUND(#10628, .T.);
#10628 = IFCPOLYLOOP((#10629, #10602, #10630));
#10629 = IFCCARTESIANPOINT((5041.22107701301, 9954.92483578655, 407.724753006575));
#10630 = IFCCARTESIANPOINT((5041.22107701301, 9954.92483578655, 408.004809301935));
#10631 = IFCFACE((#10632));
#10632 = IFCFACEOUTERBOUND(#10633, .T.);
#10633 = IFCPOLYLOOP((#10609, #10630, #10602));
#10634 = IFCFACE((#10635));
#10635 = IFCFACEOUTERBOUND(#10636, .T.);
#10636 = IFCPOLYLOOP((#10630, #10609, #10637));
#10637 = IFCCARTESIANPOINT((5039.941355072, 9953.73852353688, 407.969904270285));
#10638 = IFCFACE((#10639));
#10639 = IFCFACEOUTERBOUND(#10640, .T.);
#10640 = IFCPOLYLOOP((#10616, #10637, #10609));
#10641 = IFCFACE((#10642));
#10642 = IFCFACEOUTERBOUND(#10643, .T.);
#10643 = IFCPOLYLOOP((#10637, #10616, #10644));
#10644 = IFCCARTESIANPOINT((5039.941355072, 9953.73852353688, 407.689848275884));
#10645 = IFCFACE((#10646));
#10646 = IFCFACEOUTERBOUND(#10647, .T.);
#10647 = IFCPOLYLOOP((#10601, #10644, #10616));
#10648 = IFCFACE((#10649));
#10649 = IFCFACEOUTERBOUND(#10650, .T.);
#10650 = IFCPOLYLOOP((#10644, #10601, #10629));
#10651 = IFCFACE((#10652));
#10652 = IFCFACEOUTERBOUND(#10653, .T.);
#10653 = IFCPOLYLOOP((#10602, #10629, #10601));
#10654 = IFCFACE((#10655));
#10655 = IFCFACEOUTERBOUND(#10656, .T.);
#10656 = IFCPOLYLOOP((#10657, #10630, #10658));
#10657 = IFCCARTESIANPOINT((5041.26180506697, 9954.88077909916, 407.724826532922));
#10658 = IFCCARTESIANPOINT((5041.26180506697, 9954.88077909916, 408.004882825676));
#10659 = IFCFACE((#10660));
#10660 = IFCFACEOUTERBOUND(#10661, .T.);
#10661 = IFCPOLYLOOP((#10637, #10658, #10630));
#10662 = IFCFACE((#10663));
#10663 = IFCFACEOUTERBOUND(#10664, .T.);
#10664 = IFCPOLYLOOP((#10658, #10637, #10665));
#10665 = IFCCARTESIANPOINT((5039.98208312597, 9953.69446684949, 407.969977836947));
#10666 = IFCFACE((#10667));
#10667 = IFCFACEOUTERBOUND(#10668, .T.);
#10668 = IFCPOLYLOOP((#10644, #10665, #10637));
#10669 = IFCFACE((#10670));
#10670 = IFCFACEOUTERBOUND(#10671, .T.);
#10671 = IFCPOLYLOOP((#10665, #10644, #10672));
#10672 = IFCCARTESIANPOINT((5039.98208312597, 9953.69446684949, 407.689921842544));
#10673 = IFCFACE((#10674));
#10674 = IFCFACEOUTERBOUND(#10675, .T.);
#10675 = IFCPOLYLOOP((#10629, #10672, #10644));
#10676 = IFCFACE((#10677));
#10677 = IFCFACEOUTERBOUND(#10678, .T.);
#10678 = IFCPOLYLOOP((#10672, #10629, #10657));
#10679 = IFCFACE((#10680));
#10680 = IFCFACEOUTERBOUND(#10681, .T.);
#10681 = IFCPOLYLOOP((#10630, #10657, #10629));
#10682 = IFCFACE((#10683));
#10683 = IFCFACEOUTERBOUND(#10684, .T.);
#10684 = IFCPOLYLOOP((#10685, #10658, #10686));
#10685 = IFCCARTESIANPOINT((5041.2624838906, 9954.88004479651, 407.724828512132));
#10686 = IFCCARTESIANPOINT((5041.2624838906, 9954.88004479651, 408.004884905382));
#10687 = IFCFACE((#10688));
#10688 = IFCFACEOUTERBOUND(#10689, .T.);
#10689 = IFCPOLYLOOP((#10665, #10686, #10658));
#10690 = IFCFACE((#10691));
#10691 = IFCFACEOUTERBOUND(#10692, .T.);
#10692 = IFCPOLYLOOP((#10686, #10665, #10693));
#10693 = IFCCARTESIANPOINT((5038.99345255223, 9952.77663499681, 407.942999063056));
#10694 = IFCFACE((#10695));
#10695 = IFCFACEOUTERBOUND(#10696, .T.);
#10696 = IFCPOLYLOOP((#10693, #10665, #10697));
#10697 = IFCCARTESIANPOINT((5038.99345255223, 9952.77663499681, 407.662943068655));
#10698 = IFCFACE((#10699));
#10699 = IFCFACEOUTERBOUND(#10700, .T.);
#10700 = IFCPOLYLOOP((#10672, #10697, #10665));
#10701 = IFCFACE((#10702));
#10702 = IFCFACEOUTERBOUND(#10703, .T.);
#10703 = IFCPOLYLOOP((#10657, #10697, #10672));
#10704 = IFCFACE((#10705));
#10705 = IFCFACEOUTERBOUND(#10706, .T.);
#10706 = IFCPOLYLOOP((#10697, #10657, #10685));
#10707 = IFCFACE((#10708));
#10708 = IFCFACEOUTERBOUND(#10709, .T.);
#10709 = IFCPOLYLOOP((#10658, #10685, #10657));
#10710 = IFCFACE((#10711));
#10711 = IFCFACEOUTERBOUND(#10712, .T.);
#10712 = IFCPOLYLOOP((#10713, #10686, #10714));
#10713 = IFCCARTESIANPOINT((5041.28895937631, 9954.85140552185, 407.724876300077));
#10714 = IFCCARTESIANPOINT((5041.28895937631, 9954.85140552185, 408.004932691064));
#10715 = IFCFACE((#10716));
#10716 = IFCFACEOUTERBOUND(#10717, .T.);
#10717 = IFCPOLYLOOP((#10714, #10686, #10718));
#10718 = IFCCARTESIANPOINT((5039.01996140711, 9952.74802665563, 407.943047791421));
#10719 = IFCFACE((#10720));
#10720 = IFCFACEOUTERBOUND(#10721, .T.);
#10721 = IFCPOLYLOOP((#10693, #10718, #10686));
#10722 = IFCFACE((#10723));
#10723 = IFCFACEOUTERBOUND(#10724, .T.);
#10724 = IFCPOLYLOOP((#10697, #10718, #10693));
#10725 = IFCFACE((#10726));
#10726 = IFCFACEOUTERBOUND(#10727, .T.);
#10727 = IFCPOLYLOOP((#10718, #10697, #10728));
#10728 = IFCCARTESIANPOINT((5039.01996140711, 9952.74802665563, 407.662991797021));
#10729 = IFCFACE((#10730));
#10730 = IFCFACEOUTERBOUND(#10731, .T.);
#10731 = IFCPOLYLOOP((#10728, #10697, #10713));
#10732 = IFCFACE((#10733));
#10733 = IFCFACEOUTERBOUND(#10734, .T.);
#10734 = IFCPOLYLOOP((#10685, #10713, #10697));
#10735 = IFCFACE((#10736));
#10736 = IFCFACEOUTERBOUND(#10737, .T.);
#10737 = IFCPOLYLOOP((#10686, #10713, #10685));
#10738 = IFCFACE((#10739));
#10739 = IFCFACEOUTERBOUND(#10740, .T.);
#10740 = IFCPOLYLOOP((#10741, #10714, #10742));
#10741 = IFCCARTESIANPOINT((5041.35684173963, 9954.77797525716, 407.724998833279));
#10742 = IFCCARTESIANPOINT((5041.35684173963, 9954.77797525716, 408.005055218463));
#10743 = IFCFACE((#10744));
#10744 = IFCFACEOUTERBOUND(#10745, .T.);
#10745 = IFCPOLYLOOP((#10742, #10714, #10746));
#10746 = IFCCARTESIANPOINT((5039.08792933238, 9952.67467570754, 407.943172735973));
#10747 = IFCFACE((#10748));
#10748 = IFCFACEOUTERBOUND(#10749, .T.);
#10749 = IFCPOLYLOOP((#10718, #10746, #10714));
#10750 = IFCFACE((#10751));
#10751 = IFCFACEOUTERBOUND(#10752, .T.);
#10752 = IFCPOLYLOOP((#10728, #10746, #10718));
#10753 = IFCFACE((#10754));
#10754 = IFCFACEOUTERBOUND(#10755, .T.);
#10755 = IFCPOLYLOOP((#10746, #10728, #10756));
#10756 = IFCCARTESIANPOINT((5039.08792933238, 9952.67467570754, 407.663116741574));
#10757 = IFCFACE((#10758));
#10758 = IFCFACEOUTERBOUND(#10759, .T.);
#10759 = IFCPOLYLOOP((#10756, #10728, #10741));
#10760 = IFCFACE((#10761));
#10761 = IFCFACEOUTERBOUND(#10762, .T.);
#10762 = IFCPOLYLOOP((#10713, #10741, #10728));
#10763 = IFCFACE((#10764));
#10764 = IFCFACEOUTERBOUND(#10765, .T.);
#10765 = IFCPOLYLOOP((#10714, #10741, #10713));
#10766 = IFCFACE((#10767));
#10767 = IFCFACEOUTERBOUND(#10768, .T.);
#10768 = IFCPOLYLOOP((#10769, #10742, #10770));
#10769 = IFCCARTESIANPOINT((5041.42472410294, 9954.70454499245, 407.725121366497));
#10770 = IFCCARTESIANPOINT((5041.42472410294, 9954.70454499245, 408.00517774588));
#10771 = IFCFACE((#10772));
#10772 = IFCFACEOUTERBOUND(#10773, .T.);
#10773 = IFCPOLYLOOP((#10770, #10742, #10774));
#10774 = IFCCARTESIANPOINT((5039.15589725765, 9952.60132475944, 407.943297680569));
#10775 = IFCFACE((#10776));
#10776 = IFCFACEOUTERBOUND(#10777, .T.);
#10777 = IFCPOLYLOOP((#10746, #10774, #10742));
#10778 = IFCFACE((#10779));
#10779 = IFCFACEOUTERBOUND(#10780, .T.);
#10780 = IFCPOLYLOOP((#10756, #10774, #10746));
#10781 = IFCFACE((#10782));
#10782 = IFCFACEOUTERBOUND(#10783, .T.);
#10783 = IFCPOLYLOOP((#10774, #10756, #10784));
#10784 = IFCCARTESIANPOINT((5039.15589725765, 9952.60132475944, 407.663241686166));
#10785 = IFCFACE((#10786));
#10786 = IFCFACEOUTERBOUND(#10787, .T.);
#10787 = IFCPOLYLOOP((#10784, #10756, #10769));
#10788 = IFCFACE((#10789));
#10789 = IFCFACEOUTERBOUND(#10790, .T.);
#10790 = IFCPOLYLOOP((#10741, #10769, #10756));
#10791 = IFCFACE((#10792));
#10792 = IFCFACEOUTERBOUND(#10793, .T.);
#10793 = IFCPOLYLOOP((#10742, #10769, #10741));
#10794 = IFCFACE((#10795));
#10795 = IFCFACEOUTERBOUND(#10796, .T.);
#10796 = IFCPOLYLOOP((#10797, #10770, #10798));
#10797 = IFCCARTESIANPOINT((5041.49260646624, 9954.63111472775, 407.725243899731));
#10798 = IFCCARTESIANPOINT((5041.49260646624, 9954.63111472775, 408.005300273313));
#10799 = IFCFACE((#10800));
#10800 = IFCFACEOUTERBOUND(#10801, .T.);
#10801 = IFCPOLYLOOP((#10798, #10770, #10802));
#10802 = IFCCARTESIANPOINT((5039.22386518292, 9952.52797381135, 407.943422625196));
#10803 = IFCFACE((#10804));
#10804 = IFCFACEOUTERBOUND(#10805, .T.);
#10805 = IFCPOLYLOOP((#10774, #10802, #10770));
#10806 = IFCFACE((#10807));
#10807 = IFCFACEOUTERBOUND(#10808, .T.);
#10808 = IFCPOLYLOOP((#10784, #10802, #10774));
#10809 = IFCFACE((#10810));
#10810 = IFCFACEOUTERBOUND(#10811, .T.);
#10811 = IFCPOLYLOOP((#10802, #10784, #10812));
#10812 = IFCCARTESIANPOINT((5039.22386518292, 9952.52797381135, 407.663366630795));
#10813 = IFCFACE((#10814));
#10814 = IFCFACEOUTERBOUND(#10815, .T.);
#10815 = IFCPOLYLOOP((#10812, #10784, #10797));
#10816 = IFCFACE((#10817));
#10817 = IFCFACEOUTERBOUND(#10818, .T.);
#10818 = IFCPOLYLOOP((#10769, #10797, #10784));
#10819 = IFCFACE((#10820));
#10820 = IFCFACEOUTERBOUND(#10821, .T.);
#10821 = IFCPOLYLOOP((#10770, #10797, #10769));
#10822 = IFCFACE((#10823));
#10823 = IFCFACEOUTERBOUND(#10824, .T.);
#10824 = IFCPOLYLOOP((#10825, #10798, #10826));
#10825 = IFCCARTESIANPOINT((5041.56048882956, 9954.55768446305, 407.725366432979));
#10826 = IFCCARTESIANPOINT((5041.56048882956, 9954.55768446305, 408.005422800764));
#10827 = IFCFACE((#10828));
#10828 = IFCFACEOUTERBOUND(#10829, .T.);
#10829 = IFCPOLYLOOP((#10826, #10798, #10830));
#10830 = IFCCARTESIANPOINT((5039.29183310819, 9952.45462286326, 407.943547569865));
#10831 = IFCFACE((#10832));
#10832 = IFCFACEOUTERBOUND(#10833, .T.);
#10833 = IFCPOLYLOOP((#10802, #10830, #10798));
#10834 = IFCFACE((#10835));
#10835 = IFCFACEOUTERBOUND(#10836, .T.);
#10836 = IFCPOLYLOOP((#10812, #10830, #10802));
#10837 = IFCFACE((#10838));
#10838 = IFCFACEOUTERBOUND(#10839, .T.);
#10839 = IFCPOLYLOOP((#10830, #10812, #10840));
#10840 = IFCCARTESIANPOINT((5039.29183310819, 9952.45462286326, 407.663491575463));
#10841 = IFCFACE((#10842));
#10842 = IFCFACEOUTERBOUND(#10843, .T.);
#10843 = IFCPOLYLOOP((#10840, #10812, #10825));
#10844 = IFCFACE((#10845));
#10845 = IFCFACEOUTERBOUND(#10846, .T.);
#10846 = IFCPOLYLOOP((#10797, #10825, #10812));
#10847 = IFCFACE((#10848));
#10848 = IFCFACEOUTERBOUND(#10849, .T.);
#10849 = IFCPOLYLOOP((#10798, #10825, #10797));
#10850 = IFCFACE((#10851));
#10851 = IFCFACEOUTERBOUND(#10852, .T.);
#10852 = IFCPOLYLOOP((#10853, #10826, #10854));
#10853 = IFCCARTESIANPOINT((5041.62837119287, 9954.48425419836, 407.725488966243));
#10854 = IFCCARTESIANPOINT((5041.62837119287, 9954.48425419836, 408.005545328229));
#10855 = IFCFACE((#10856));
#10856 = IFCFACEOUTERBOUND(#10857, .T.);
#10857 = IFCPOLYLOOP((#10854, #10826, #10858));
#10858 = IFCCARTESIANPOINT((5039.35980103346, 9952.38127191516, 407.94367251457));
#10859 = IFCFACE((#10860));
#10860 = IFCFACEOUTERBOUND(#10861, .T.);
#10861 = IFCPOLYLOOP((#10830, #10858, #10826));
#10862 = IFCFACE((#10863));
#10863 = IFCFACEOUTERBOUND(#10864, .T.);
#10864 = IFCPOLYLOOP((#10840, #10858, #10830));
#10865 = IFCFACE((#10866));
#10866 = IFCFACEOUTERBOUND(#10867, .T.);
#10867 = IFCPOLYLOOP((#10858, #10840, #10868));
#10868 = IFCCARTESIANPOINT((5039.35980103346, 9952.38127191516, 407.663616520169));
#10869 = IFCFACE((#10870));
#10870 = IFCFACEOUTERBOUND(#10871, .T.);
#10871 = IFCPOLYLOOP((#10868, #10840, #10853));
#10872 = IFCFACE((#10873));
#10873 = IFCFACEOUTERBOUND(#10874, .T.);
#10874 = IFCPOLYLOOP((#10825, #10853, #10840));
#10875 = IFCFACE((#10876));
#10876 = IFCFACEOUTERBOUND(#10877, .T.);
#10877 = IFCPOLYLOOP((#10826, #10853, #10825));
#10878 = IFCFACE((#10879));
#10879 = IFCFACEOUTERBOUND(#10880, .T.);
#10880 = IFCPOLYLOOP((#10881, #10854, #10882));
#10881 = IFCCARTESIANPOINT((5041.69625355618, 9954.41082393366, 407.725611499522));
#10882 = IFCCARTESIANPOINT((5041.69625355618, 9954.41082393366, 408.005667855712));
#10883 = IFCFACE((#10884));
#10884 = IFCFACEOUTERBOUND(#10885, .T.);
#10885 = IFCPOLYLOOP((#10882, #10854, #10886));
#10886 = IFCCARTESIANPOINT((5039.42776895873, 9952.30792096707, 407.943797459317));
#10887 = IFCFACE((#10888));
#10888 = IFCFACEOUTERBOUND(#10889, .T.);
#10889 = IFCPOLYLOOP((#10858, #10886, #10854));
#10890 = IFCFACE((#10891));
#10891 = IFCFACEOUTERBOUND(#10892, .T.);
#10892 = IFCPOLYLOOP((#10868, #10886, #10858));
#10893 = IFCFACE((#10894));
#10894 = IFCFACEOUTERBOUND(#10895, .T.);
#10895 = IFCPOLYLOOP((#10886, #10868, #10896));
#10896 = IFCCARTESIANPOINT((5039.42776895873, 9952.30792096707, 407.663741464913));
#10897 = IFCFACE((#10898));
#10898 = IFCFACEOUTERBOUND(#10899, .T.);
#10899 = IFCPOLYLOOP((#10896, #10868, #10881));
#10900 = IFCFACE((#10901));
#10901 = IFCFACEOUTERBOUND(#10902, .T.);
#10902 = IFCPOLYLOOP((#10853, #10881, #10868));
#10903 = IFCFACE((#10904));
#10904 = IFCFACEOUTERBOUND(#10905, .T.);
#10905 = IFCPOLYLOOP((#10854, #10881, #10853));
#10906 = IFCFACE((#10907));
#10907 = IFCFACEOUTERBOUND(#10908, .T.);
#10908 = IFCPOLYLOOP((#10909, #10882, #10910));
#10909 = IFCCARTESIANPOINT((5041.76413591949, 9954.33739366896, 407.725734032816));
#10910 = IFCCARTESIANPOINT((5041.76413591949, 9954.33739366896, 408.005790383207));
#10911 = IFCFACE((#10912));
#10912 = IFCFACEOUTERBOUND(#10913, .T.);
#10913 = IFCPOLYLOOP((#10910, #10882, #10914));
#10914 = IFCCARTESIANPOINT((5039.495736884, 9952.23457001898, 407.943922404096));
#10915 = IFCFACE((#10916));
#10916 = IFCFACEOUTERBOUND(#10917, .T.);
#10917 = IFCPOLYLOOP((#10886, #10914, #10882));
#10918 = IFCFACE((#10919));
#10919 = IFCFACEOUTERBOUND(#10920, .T.);
#10920 = IFCPOLYLOOP((#10896, #10914, #10886));
#10921 = IFCFACE((#10922));
#10922 = IFCFACEOUTERBOUND(#10923, .T.);
#10923 = IFCPOLYLOOP((#10914, #10896, #10924));
#10924 = IFCCARTESIANPOINT((5039.495736884, 9952.23457001898, 407.663866409696));
#10925 = IFCFACE((#10926));
#10926 = IFCFACEOUTERBOUND(#10927, .T.);
#10927 = IFCPOLYLOOP((#10924, #10896, #10909));
#10928 = IFCFACE((#10929));
#10929 = IFCFACEOUTERBOUND(#10930, .T.);
#10930 = IFCPOLYLOOP((#10881, #10909, #10896));
#10931 = IFCFACE((#10932));
#10932 = IFCFACEOUTERBOUND(#10933, .T.);
#10933 = IFCPOLYLOOP((#10882, #10909, #10881));
#10934 = IFCFACE((#10935));
#10935 = IFCFACEOUTERBOUND(#10936, .T.);
#10936 = IFCPOLYLOOP((#10937, #10910, #10938));
#10937 = IFCCARTESIANPOINT((5041.83201828279, 9954.26396340426, 407.725856566126));
#10938 = IFCCARTESIANPOINT((5041.83201828279, 9954.26396340426, 408.005912910722));
#10939 = IFCFACE((#10940));
#10940 = IFCFACEOUTERBOUND(#10941, .T.);
#10941 = IFCPOLYLOOP((#10938, #10910, #10942));
#10942 = IFCCARTESIANPOINT((5039.56370480927, 9952.16121907089, 407.944047348918));
#10943 = IFCFACE((#10944));
#10944 = IFCFACEOUTERBOUND(#10945, .T.);
#10945 = IFCPOLYLOOP((#10914, #10942, #10910));
#10946 = IFCFACE((#10947));
#10947 = IFCFACEOUTERBOUND(#10948, .T.);
#10948 = IFCPOLYLOOP((#10924, #10942, #10914));
#10949 = IFCFACE((#10950));
#10950 = IFCFACEOUTERBOUND(#10951, .T.);
#10951 = IFCPOLYLOOP((#10942, #10924, #10952));
#10952 = IFCCARTESIANPOINT((5039.56370480927, 9952.16121907089, 407.663991354516));
#10953 = IFCFACE((#10954));
#10954 = IFCFACEOUTERBOUND(#10955, .T.);
#10955 = IFCPOLYLOOP((#10952, #10924, #10937));
#10956 = IFCFACE((#10957));
#10957 = IFCFACEOUTERBOUND(#10958, .T.);
#10958 = IFCPOLYLOOP((#10909, #10937, #10924));
#10959 = IFCFACE((#10960));
#10960 = IFCFACEOUTERBOUND(#10961, .T.);
#10961 = IFCPOLYLOOP((#10910, #10937, #10909));
#10962 = IFCFACE((#10963));
#10963 = IFCFACEOUTERBOUND(#10964, .T.);
#10964 = IFCPOLYLOOP((#10965, #10938, #10966));
#10965 = IFCCARTESIANPOINT((5041.89990064611, 9954.19053313956, 407.725979099451));
#10966 = IFCCARTESIANPOINT((5041.89990064611, 9954.19053313956, 408.006035438255));
#10967 = IFCFACE((#10968));
#10968 = IFCFACEOUTERBOUND(#10969, .T.);
#10969 = IFCPOLYLOOP((#10966, #10938, #10970));
#10970 = IFCCARTESIANPOINT((5039.63167273454, 9952.08786812279, 407.944172293775));
#10971 = IFCFACE((#10972));
#10972 = IFCFACEOUTERBOUND(#10973, .T.);
#10973 = IFCPOLYLOOP((#10942, #10970, #10938));
#10974 = IFCFACE((#10975));
#10975 = IFCFACEOUTERBOUND(#10976, .T.);
#10976 = IFCPOLYLOOP((#10952, #10970, #10942));
#10977 = IFCFACE((#10978));
#10978 = IFCFACEOUTERBOUND(#10979, .T.);
#10979 = IFCPOLYLOOP((#10970, #10952, #10980));
#10980 = IFCCARTESIANPOINT((5039.63167273454, 9952.08786812279, 407.664116299375));
#10981 = IFCFACE((#10982));
#10982 = IFCFACEOUTERBOUND(#10983, .T.);
#10983 = IFCPOLYLOOP((#10980, #10952, #10965));
#10984 = IFCFACE((#10985));
#10985 = IFCFACEOUTERBOUND(#10986, .T.);
#10986 = IFCPOLYLOOP((#10937, #10965, #10952));
#10987 = IFCFACE((#10988));
#10988 = IFCFACEOUTERBOUND(#10989, .T.);
#10989 = IFCPOLYLOOP((#10938, #10965, #10937));
#10990 = IFCFACE((#10991));
#10991 = IFCFACEOUTERBOUND(#10992, .T.);
#10992 = IFCPOLYLOOP((#10993, #10966, #10994));
#10993 = IFCCARTESIANPOINT((5041.96778300942, 9954.11710287486, 407.726101632792));
#10994 = IFCCARTESIANPOINT((5041.96778300942, 9954.11710287486, 408.006157965801));
#10995 = IFCFACE((#10996));
#10996 = IFCFACEOUTERBOUND(#10997, .T.);
#10997 = IFCPOLYLOOP((#10994, #10966, #10998));
#10998 = IFCCARTESIANPOINT((5039.69964065981, 9952.0145171747, 407.944297238671));
#10999 = IFCFACE((#11000));
#11000 = IFCFACEOUTERBOUND(#11001, .T.);
#11001 = IFCPOLYLOOP((#10970, #10998, #10966));
#11002 = IFCFACE((#11003));
#11003 = IFCFACEOUTERBOUND(#11004, .T.);
#11004 = IFCPOLYLOOP((#10980, #10998, #10970));
#11005 = IFCFACE((#11006));
#11006 = IFCFACEOUTERBOUND(#11007, .T.);
#11007 = IFCPOLYLOOP((#10998, #10980, #11008));
#11008 = IFCCARTESIANPOINT((5039.69964065981, 9952.0145171747, 407.664241244272));
#11009 = IFCFACE((#11010));
#11010 = IFCFACEOUTERBOUND(#11011, .T.);
#11011 = IFCPOLYLOOP((#11008, #10980, #10993));
#11012 = IFCFACE((#11013));
#11013 = IFCFACEOUTERBOUND(#11014, .T.);
#11014 = IFCPOLYLOOP((#10965, #10993, #10980));
#11015 = IFCFACE((#11016));
#11016 = IFCFACEOUTERBOUND(#11017, .T.);
#11017 = IFCPOLYLOOP((#10966, #10993, #10965));
#11018 = IFCFACE((#11019));
#11019 = IFCFACEOUTERBOUND(#11020, .T.);
#11020 = IFCPOLYLOOP((#11021, #10994, #11022));
#11021 = IFCCARTESIANPOINT((5042.03566537272, 9954.04367261016, 407.726224166147));
#11022 = IFCCARTESIANPOINT((5042.03566537272, 9954.04367261016, 408.006280493365));
#11023 = IFCFACE((#11024));
#11024 = IFCFACEOUTERBOUND(#11025, .T.);
#11025 = IFCPOLYLOOP((#11022, #10994, #11026));
#11026 = IFCCARTESIANPOINT((5039.76760858508, 9951.94116622661, 407.944422183606));
#11027 = IFCFACE((#11028));
#11028 = IFCFACEOUTERBOUND(#11029, .T.);
#11029 = IFCPOLYLOOP((#10998, #11026, #10994));
#11030 = IFCFACE((#11031));
#11031 = IFCFACEOUTERBOUND(#11032, .T.);
#11032 = IFCPOLYLOOP((#11008, #11026, #10998));
#11033 = IFCFACE((#11034));
#11034 = IFCFACEOUTERBOUND(#11035, .T.);
#11035 = IFCPOLYLOOP((#11026, #11008, #11036));
#11036 = IFCCARTESIANPOINT((5039.76760858508, 9951.94116622661, 407.664366189207));
#11037 = IFCFACE((#11038));
#11038 = IFCFACEOUTERBOUND(#11039, .T.);
#11039 = IFCPOLYLOOP((#11036, #11008, #11021));
#11040 = IFCFACE((#11041));
#11041 = IFCFACEOUTERBOUND(#11042, .T.);
#11042 = IFCPOLYLOOP((#10993, #11021, #11008));
#11043 = IFCFACE((#11044));
#11044 = IFCFACEOUTERBOUND(#11045, .T.);
#11045 = IFCPOLYLOOP((#10994, #11021, #10993));
#11046 = IFCFACE((#11047));
#11047 = IFCFACEOUTERBOUND(#11048, .T.);
#11048 = IFCPOLYLOOP((#11049, #11022, #11050));
#11049 = IFCCARTESIANPOINT((5042.10354773604, 9953.97024234546, 407.726346699519));
#11050 = IFCCARTESIANPOINT((5042.10354773604, 9953.97024234546, 408.006403020946));
#11051 = IFCFACE((#11052));
#11052 = IFCFACEOUTERBOUND(#11053, .T.);
#11053 = IFCPOLYLOOP((#11050, #11022, #11054));
#11054 = IFCCARTESIANPOINT((5039.83557651035, 9951.86781527852, 407.94454712858));
#11055 = IFCFACE((#11056));
#11056 = IFCFACEOUTERBOUND(#11057, .T.);
#11057 = IFCPOLYLOOP((#11026, #11054, #11022));
#11058 = IFCFACE((#11059));
#11059 = IFCFACEOUTERBOUND(#11060, .T.);
#11060 = IFCPOLYLOOP((#11036, #11054, #11026));
#11061 = IFCFACE((#11062));
#11062 = IFCFACEOUTERBOUND(#11063, .T.);
#11063 = IFCPOLYLOOP((#11054, #11036, #11064));
#11064 = IFCCARTESIANPOINT((5039.83557651035, 9951.86781527852, 407.66449113418));
#11065 = IFCFACE((#11066));
#11066 = IFCFACEOUTERBOUND(#11067, .T.);
#11067 = IFCPOLYLOOP((#11064, #11036, #11049));
#11068 = IFCFACE((#11069));
#11069 = IFCFACEOUTERBOUND(#11070, .T.);
#11070 = IFCPOLYLOOP((#11021, #11049, #11036));
#11071 = IFCFACE((#11072));
#11072 = IFCFACEOUTERBOUND(#11073, .T.);
#11073 = IFCPOLYLOOP((#11022, #11049, #11021));
#11074 = IFCFACE((#11075));
#11075 = IFCFACEOUTERBOUND(#11076, .T.);
#11076 = IFCPOLYLOOP((#11077, #11050, #11078));
#11077 = IFCCARTESIANPOINT((5042.17143009935, 9953.89681208076, 407.726469232905));
#11078 = IFCCARTESIANPOINT((5042.17143009935, 9953.89681208076, 408.006525548541));
#11079 = IFCFACE((#11080));
#11080 = IFCFACEOUTERBOUND(#11081, .T.);
#11081 = IFCPOLYLOOP((#11078, #11050, #11082));
#11082 = IFCCARTESIANPOINT((5039.90354443562, 9951.79446433042, 407.94467207359));
#11083 = IFCFACE((#11084));
#11084 = IFCFACEOUTERBOUND(#11085, .T.);
#11085 = IFCPOLYLOOP((#11054, #11082, #11050));
#11086 = IFCFACE((#11087));
#11087 = IFCFACEOUTERBOUND(#11088, .T.);
#11088 = IFCPOLYLOOP((#11064, #11082, #11054));
#11089 = IFCFACE((#11090));
#11090 = IFCFACEOUTERBOUND(#11091, .T.);
#11091 = IFCPOLYLOOP((#11082, #11064, #11092));
#11092 = IFCCARTESIANPOINT((5039.90354443562, 9951.79446433042, 407.664616079191));
#11093 = IFCFACE((#11094));
#11094 = IFCFACEOUTERBOUND(#11095, .T.);
#11095 = IFCPOLYLOOP((#11092, #11064, #11077));
#11096 = IFCFACE((#11097));
#11097 = IFCFACEOUTERBOUND(#11098, .T.);
#11098 = IFCPOLYLOOP((#11049, #11077, #11064));
#11099 = IFCFACE((#11100));
#11100 = IFCFACEOUTERBOUND(#11101, .T.);
#11101 = IFCPOLYLOOP((#11050, #11077, #11049));
#11102 = IFCFACE((#11103));
#11103 = IFCFACEOUTERBOUND(#11104, .T.);
#11104 = IFCPOLYLOOP((#11105, #11078, #11106));
#11105 = IFCCARTESIANPOINT((5042.23931246266, 9953.82338181606, 407.726591766307));
#11106 = IFCCARTESIANPOINT((5042.23931246266, 9953.82338181606, 408.006648076155));
#11107 = IFCFACE((#11108));
#11108 = IFCFACEOUTERBOUND(#11109, .T.);
#11109 = IFCPOLYLOOP((#11106, #11078, #11110));
#11110 = IFCCARTESIANPOINT((5039.97151236089, 9951.72111338233, 407.944797018639));
#11111 = IFCFACE((#11112));
#11112 = IFCFACEOUTERBOUND(#11113, .T.);
#11113 = IFCPOLYLOOP((#11082, #11110, #11078));
#11114 = IFCFACE((#11115));
#11115 = IFCFACEOUTERBOUND(#11116, .T.);
#11116 = IFCPOLYLOOP((#11092, #11110, #11082));
#11117 = IFCFACE((#11118));
#11118 = IFCFACEOUTERBOUND(#11119, .T.);
#11119 = IFCPOLYLOOP((#11110, #11092, #11120));
#11120 = IFCCARTESIANPOINT((5039.97151236089, 9951.72111338233, 407.664741024241));
#11121 = IFCFACE((#11122));
#11122 = IFCFACEOUTERBOUND(#11123, .T.);
#11123 = IFCPOLYLOOP((#11120, #11092, #11105));
#11124 = IFCFACE((#11125));
#11125 = IFCFACEOUTERBOUND(#11126, .T.);
#11126 = IFCPOLYLOOP((#11077, #11105, #11092));
#11127 = IFCFACE((#11128));
#11128 = IFCFACEOUTERBOUND(#11129, .T.);
#11129 = IFCPOLYLOOP((#11078, #11105, #11077));
#11130 = IFCFACE((#11131));
#11131 = IFCFACEOUTERBOUND(#11132, .T.);
#11132 = IFCPOLYLOOP((#11133, #11106, #11134));
#11133 = IFCCARTESIANPOINT((5042.30719482596, 9953.74995155136, 407.726714299724));
#11134 = IFCCARTESIANPOINT((5042.30719482596, 9953.74995155136, 408.006770603785));
#11135 = IFCFACE((#11136));
#11136 = IFCFACEOUTERBOUND(#11137, .T.);
#11137 = IFCPOLYLOOP((#11134, #11106, #11138));
#11138 = IFCCARTESIANPOINT((5040.03948028616, 9951.64776243424, 407.94492196373));
#11139 = IFCFACE((#11140));
#11140 = IFCFACEOUTERBOUND(#11141, .T.);
#11141 = IFCPOLYLOOP((#11110, #11138, #11106));
#11142 = IFCFACE((#11143));
#11143 = IFCFACEOUTERBOUND(#11144, .T.);
#11144 = IFCPOLYLOOP((#11120, #11138, #11110));
#11145 = IFCFACE((#11146));
#11146 = IFCFACEOUTERBOUND(#11147, .T.);
#11147 = IFCPOLYLOOP((#11138, #11120, #11148));
#11148 = IFCCARTESIANPOINT((5040.03948028616, 9951.64776243424, 407.664865969329));
#11149 = IFCFACE((#11150));
#11150 = IFCFACEOUTERBOUND(#11151, .T.);
#11151 = IFCPOLYLOOP((#11148, #11120, #11133));
#11152 = IFCFACE((#11153));
#11153 = IFCFACEOUTERBOUND(#11154, .T.);
#11154 = IFCPOLYLOOP((#11105, #11133, #11120));
#11155 = IFCFACE((#11156));
#11156 = IFCFACEOUTERBOUND(#11157, .T.);
#11157 = IFCPOLYLOOP((#11106, #11133, #11105));
#11158 = IFCFACE((#11159));
#11159 = IFCFACEOUTERBOUND(#11160, .T.);
#11160 = IFCPOLYLOOP((#11161, #11134, #11162));
#11161 = IFCCARTESIANPOINT((5042.37507718928, 9953.67652128666, 407.726836833157));
#11162 = IFCCARTESIANPOINT((5042.37507718928, 9953.67652128666, 408.006893131432));
#11163 = IFCFACE((#11164));
#11164 = IFCFACEOUTERBOUND(#11165, .T.);
#11165 = IFCPOLYLOOP((#11162, #11134, #11166));
#11166 = IFCCARTESIANPOINT((5040.10744821144, 9951.57441148614, 407.945046908855));
#11167 = IFCFACE((#11168));
#11168 = IFCFACEOUTERBOUND(#11169, .T.);
#11169 = IFCPOLYLOOP((#11138, #11166, #11134));
#11170 = IFCFACE((#11171));
#11171 = IFCFACEOUTERBOUND(#11172, .T.);
#11172 = IFCPOLYLOOP((#11148, #11166, #11138));
#11173 = IFCFACE((#11174));
#11174 = IFCFACEOUTERBOUND(#11175, .T.);
#11175 = IFCPOLYLOOP((#11166, #11148, #11176));
#11176 = IFCCARTESIANPOINT((5040.10744821144, 9951.57441148614, 407.664990914455));
#11177 = IFCFACE((#11178));
#11178 = IFCFACEOUTERBOUND(#11179, .T.);
#11179 = IFCPOLYLOOP((#11176, #11148, #11161));
#11180 = IFCFACE((#11181));
#11181 = IFCFACEOUTERBOUND(#11182, .T.);
#11182 = IFCPOLYLOOP((#11133, #11161, #11148));
#11183 = IFCFACE((#11184));
#11184 = IFCFACEOUTERBOUND(#11185, .T.);
#11185 = IFCPOLYLOOP((#11134, #11161, #11133));
#11186 = IFCFACE((#11187));
#11187 = IFCFACEOUTERBOUND(#11188, .T.);
#11188 = IFCPOLYLOOP((#11189, #11162, #11190));
#11189 = IFCCARTESIANPOINT((5042.44295955259, 9953.60309102196, 407.726959366605));
#11190 = IFCCARTESIANPOINT((5042.44295955259, 9953.60309102196, 408.007015659092));
#11191 = IFCFACE((#11192));
#11192 = IFCFACEOUTERBOUND(#11193, .T.);
#11193 = IFCPOLYLOOP((#11190, #11162, #11194));
#11194 = IFCCARTESIANPOINT((5040.17541613671, 9951.50106053805, 407.94517185402));
#11195 = IFCFACE((#11196));
#11196 = IFCFACEOUTERBOUND(#11197, .T.);
#11197 = IFCPOLYLOOP((#11166, #11194, #11162));
#11198 = IFCFACE((#11199));
#11199 = IFCFACEOUTERBOUND(#11200, .T.);
#11200 = IFCPOLYLOOP((#11176, #11194, #11166));
#11201 = IFCFACE((#11202));
#11202 = IFCFACEOUTERBOUND(#11203, .T.);
#11203 = IFCPOLYLOOP((#11194, #11176, #11204));
#11204 = IFCCARTESIANPOINT((5040.17541613671, 9951.50106053805, 407.665115859619));
#11205 = IFCFACE((#11206));
#11206 = IFCFACEOUTERBOUND(#11207, .T.);
#11207 = IFCPOLYLOOP((#11204, #11176, #11189));
#11208 = IFCFACE((#11209));
#11209 = IFCFACEOUTERBOUND(#11210, .T.);
#11210 = IFCPOLYLOOP((#11161, #11189, #11176));
#11211 = IFCFACE((#11212));
#11212 = IFCFACEOUTERBOUND(#11213, .T.);
#11213 = IFCPOLYLOOP((#11162, #11189, #11161));
#11214 = IFCFACE((#11215));
#11215 = IFCFACEOUTERBOUND(#11216, .T.);
#11216 = IFCPOLYLOOP((#11217, #11190, #11218));
#11217 = IFCCARTESIANPOINT((5042.51084191589, 9953.52966075726, 407.727081900068));
#11218 = IFCCARTESIANPOINT((5042.51084191589, 9953.52966075726, 408.007138186774));
#11219 = IFCFACE((#11220));
#11220 = IFCFACEOUTERBOUND(#11221, .T.);
#11221 = IFCPOLYLOOP((#11218, #11190, #11222));
#11222 = IFCCARTESIANPOINT((5040.24338406198, 9951.42770958996, 407.945296799222));
#11223 = IFCFACE((#11224));
#11224 = IFCFACEOUTERBOUND(#11225, .T.);
#11225 = IFCPOLYLOOP((#11194, #11222, #11190));
#11226 = IFCFACE((#11227));
#11227 = IFCFACEOUTERBOUND(#11228, .T.);
#11228 = IFCPOLYLOOP((#11204, #11222, #11194));
#11229 = IFCFACE((#11230));
#11230 = IFCFACEOUTERBOUND(#11231, .T.);
#11231 = IFCPOLYLOOP((#11222, #11204, #11232));
#11232 = IFCCARTESIANPOINT((5040.24338406198, 9951.42770958996, 407.665240804821));
#11233 = IFCFACE((#11234));
#11234 = IFCFACEOUTERBOUND(#11235, .T.);
#11235 = IFCPOLYLOOP((#11232, #11204, #11217));
#11236 = IFCFACE((#11237));
#11237 = IFCFACEOUTERBOUND(#11238, .T.);
#11238 = IFCPOLYLOOP((#11189, #11217, #11204));
#11239 = IFCFACE((#11240));
#11240 = IFCFACEOUTERBOUND(#11241, .T.);
#11241 = IFCPOLYLOOP((#11190, #11217, #11189));
#11242 = IFCFACE((#11243));
#11243 = IFCFACEOUTERBOUND(#11244, .T.);
#11244 = IFCPOLYLOOP((#11245, #11218, #11246));
#11245 = IFCCARTESIANPOINT((5042.5787242792, 9953.45623049256, 407.727204433546));
#11246 = IFCCARTESIANPOINT((5042.5787242792, 9953.45623049256, 408.007260714467));
#11247 = IFCFACE((#11248));
#11248 = IFCFACEOUTERBOUND(#11249, .T.);
#11249 = IFCPOLYLOOP((#11246, #11218, #11250));
#11250 = IFCCARTESIANPOINT((5040.31135198725, 9951.35435864187, 407.94542174446));
#11251 = IFCFACE((#11252));
#11252 = IFCFACEOUTERBOUND(#11253, .T.);
#11253 = IFCPOLYLOOP((#11222, #11250, #11218));
#11254 = IFCFACE((#11255));
#11255 = IFCFACEOUTERBOUND(#11256, .T.);
#11256 = IFCPOLYLOOP((#11232, #11250, #11222));
#11257 = IFCFACE((#11258));
#11258 = IFCFACEOUTERBOUND(#11259, .T.);
#11259 = IFCPOLYLOOP((#11250, #11232, #11260));
#11260 = IFCCARTESIANPOINT((5040.31135198725, 9951.35435864187, 407.665365750062));
#11261 = IFCFACE((#11262));
#11262 = IFCFACEOUTERBOUND(#11263, .T.);
#11263 = IFCPOLYLOOP((#11260, #11232, #11245));
#11264 = IFCFACE((#11265));
#11265 = IFCFACEOUTERBOUND(#11266, .T.);
#11266 = IFCPOLYLOOP((#11217, #11245, #11232));
#11267 = IFCFACE((#11268));
#11268 = IFCFACEOUTERBOUND(#11269, .T.);
#11269 = IFCPOLYLOOP((#11218, #11245, #11217));
#11270 = IFCFACE((#11271));
#11271 = IFCFACEOUTERBOUND(#11272, .T.);
#11272 = IFCPOLYLOOP((#11273, #11246, #11274));
#11273 = IFCCARTESIANPOINT((5042.64660664251, 9953.38280022786, 407.727326967041));
#11274 = IFCCARTESIANPOINT((5042.64660664251, 9953.38280022786, 408.00738324218));
#11275 = IFCFACE((#11276));
#11276 = IFCFACEOUTERBOUND(#11277, .T.);
#11277 = IFCPOLYLOOP((#11274, #11246, #11278));
#11278 = IFCCARTESIANPOINT((5040.37931991252, 9951.28100769377, 407.945546689742));
#11279 = IFCFACE((#11280));
#11280 = IFCFACEOUTERBOUND(#11281, .T.);
#11281 = IFCPOLYLOOP((#11250, #11278, #11246));
#11282 = IFCFACE((#11283));
#11283 = IFCFACEOUTERBOUND(#11284, .T.);
#11284 = IFCPOLYLOOP((#11260, #11278, #11250));
#11285 = IFCFACE((#11286));
#11286 = IFCFACEOUTERBOUND(#11287, .T.);
#11287 = IFCPOLYLOOP((#11278, #11260, #11288));
#11288 = IFCCARTESIANPOINT((5040.37931991252, 9951.28100769377, 407.66549069534));
#11289 = IFCFACE((#11290));
#11290 = IFCFACEOUTERBOUND(#11291, .T.);
#11291 = IFCPOLYLOOP((#11288, #11260, #11273));
#11292 = IFCFACE((#11293));
#11293 = IFCFACEOUTERBOUND(#11294, .T.);
#11294 = IFCPOLYLOOP((#11245, #11273, #11260));
#11295 = IFCFACE((#11296));
#11296 = IFCFACEOUTERBOUND(#11297, .T.);
#11297 = IFCPOLYLOOP((#11246, #11273, #11245));
#11298 = IFCFACE((#11299));
#11299 = IFCFACEOUTERBOUND(#11300, .T.);
#11300 = IFCPOLYLOOP((#11301, #11274, #11302));
#11301 = IFCCARTESIANPOINT((5042.71448900582, 9953.30936996316, 407.72744950055));
#11302 = IFCCARTESIANPOINT((5042.71448900582, 9953.30936996316, 408.007505769905));
#11303 = IFCFACE((#11304));
#11304 = IFCFACEOUTERBOUND(#11305, .T.);
#11305 = IFCPOLYLOOP((#11302, #11274, #11306));
#11306 = IFCCARTESIANPOINT((5040.44728783779, 9951.20765674568, 407.945671635058));
#11307 = IFCFACE((#11308));
#11308 = IFCFACEOUTERBOUND(#11309, .T.);
#11309 = IFCPOLYLOOP((#11278, #11306, #11274));
#11310 = IFCFACE((#11311));
#11311 = IFCFACEOUTERBOUND(#11312, .T.);
#11312 = IFCPOLYLOOP((#11288, #11306, #11278));
#11313 = IFCFACE((#11314));
#11314 = IFCFACEOUTERBOUND(#11315, .T.);
#11315 = IFCPOLYLOOP((#11306, #11288, #11316));
#11316 = IFCCARTESIANPOINT((5040.44728783779, 9951.20765674568, 407.665615640657));
#11317 = IFCFACE((#11318));
#11318 = IFCFACEOUTERBOUND(#11319, .T.);
#11319 = IFCPOLYLOOP((#11316, #11288, #11301));
#11320 = IFCFACE((#11321));
#11321 = IFCFACEOUTERBOUND(#11322, .T.);
#11322 = IFCPOLYLOOP((#11273, #11301, #11288));
#11323 = IFCFACE((#11324));
#11324 = IFCFACEOUTERBOUND(#11325, .T.);
#11325 = IFCPOLYLOOP((#11274, #11301, #11273));
#11326 = IFCFACE((#11327));
#11327 = IFCFACEOUTERBOUND(#11328, .T.);
#11328 = IFCPOLYLOOP((#11329, #11302, #11330));
#11329 = IFCCARTESIANPOINT((5042.78237136914, 9953.23593969847, 407.727572034075));
#11330 = IFCCARTESIANPOINT((5042.78237136914, 9953.23593969847, 408.007628297651));
#11331 = IFCFACE((#11332));
#11332 = IFCFACEOUTERBOUND(#11333, .T.);
#11333 = IFCPOLYLOOP((#11330, #11302, #11334));
#11334 = IFCCARTESIANPOINT((5040.51525576306, 9951.13430579759, 407.945796580414));
#11335 = IFCFACE((#11336));
#11336 = IFCFACEOUTERBOUND(#11337, .T.);
#11337 = IFCPOLYLOOP((#11306, #11334, #11302));
#11338 = IFCFACE((#11339));
#11339 = IFCFACEOUTERBOUND(#11340, .T.);
#11340 = IFCPOLYLOOP((#11316, #11334, #11306));
#11341 = IFCFACE((#11342));
#11342 = IFCFACEOUTERBOUND(#11343, .T.);
#11343 = IFCPOLYLOOP((#11334, #11316, #11344));
#11344 = IFCCARTESIANPOINT((5040.51525576306, 9951.13430579759, 407.665740586012));
#11345 = IFCFACE((#11346));
#11346 = IFCFACEOUTERBOUND(#11347, .T.);
#11347 = IFCPOLYLOOP((#11344, #11316, #11329));
#11348 = IFCFACE((#11349));
#11349 = IFCFACEOUTERBOUND(#11350, .T.);
#11350 = IFCPOLYLOOP((#11301, #11329, #11316));
#11351 = IFCFACE((#11352));
#11352 = IFCFACEOUTERBOUND(#11353, .T.);
#11353 = IFCPOLYLOOP((#11302, #11329, #11301));
#11354 = IFCFACE((#11355));
#11355 = IFCFACEOUTERBOUND(#11356, .T.);
#11356 = IFCPOLYLOOP((#11357, #11330, #11358));
#11357 = IFCCARTESIANPOINT((5042.85025373244, 9953.16250943377, 407.727694567615));
#11358 = IFCCARTESIANPOINT((5042.85025373244, 9953.16250943377, 408.007750825414));
#11359 = IFCFACE((#11360));
#11360 = IFCFACEOUTERBOUND(#11361, .T.);
#11361 = IFCPOLYLOOP((#11358, #11330, #11362));
#11362 = IFCCARTESIANPOINT((5040.58322368833, 9951.06095484949, 407.945921525807));
#11363 = IFCFACE((#11364));
#11364 = IFCFACEOUTERBOUND(#11365, .T.);
#11365 = IFCPOLYLOOP((#11334, #11362, #11330));
#11366 = IFCFACE((#11367));
#11367 = IFCFACEOUTERBOUND(#11368, .T.);
#11368 = IFCPOLYLOOP((#11344, #11362, #11334));
#11369 = IFCFACE((#11370));
#11370 = IFCFACEOUTERBOUND(#11371, .T.);
#11371 = IFCPOLYLOOP((#11362, #11344, #11372));
#11372 = IFCCARTESIANPOINT((5040.58322368833, 9951.06095484949, 407.665865531405));
#11373 = IFCFACE((#11374));
#11374 = IFCFACEOUTERBOUND(#11375, .T.);
#11375 = IFCPOLYLOOP((#11372, #11344, #11357));
#11376 = IFCFACE((#11377));
#11377 = IFCFACEOUTERBOUND(#11378, .T.);
#11378 = IFCPOLYLOOP((#11329, #11357, #11344));
#11379 = IFCFACE((#11380));
#11380 = IFCFACEOUTERBOUND(#11381, .T.);
#11381 = IFCPOLYLOOP((#11330, #11357, #11329));
#11382 = IFCFACE((#11383));
#11383 = IFCFACEOUTERBOUND(#11384, .T.);
#11384 = IFCPOLYLOOP((#11385, #11358, #11386));
#11385 = IFCCARTESIANPOINT((5042.91813609576, 9953.08907916907, 407.727817101171));
#11386 = IFCCARTESIANPOINT((5042.91813609576, 9953.08907916907, 408.007873353188));
#11387 = IFCFACE((#11388));
#11388 = IFCFACEOUTERBOUND(#11389, .T.);
#11389 = IFCPOLYLOOP((#11386, #11358, #11390));
#11390 = IFCCARTESIANPOINT((5040.6511916136, 9950.9876039014, 407.946046471237));
#11391 = IFCFACE((#11392));
#11392 = IFCFACEOUTERBOUND(#11393, .T.);
#11393 = IFCPOLYLOOP((#11362, #11390, #11358));
#11394 = IFCFACE((#11395));
#11395 = IFCFACEOUTERBOUND(#11396, .T.);
#11396 = IFCPOLYLOOP((#11372, #11390, #11362));
#11397 = IFCFACE((#11398));
#11398 = IFCFACEOUTERBOUND(#11399, .T.);
#11399 = IFCPOLYLOOP((#11390, #11372, #11400));
#11400 = IFCCARTESIANPOINT((5040.6511916136, 9950.9876039014, 407.665990476837));
#11401 = IFCFACE((#11402));
#11402 = IFCFACEOUTERBOUND(#11403, .T.);
#11403 = IFCPOLYLOOP((#11400, #11372, #11385));
#11404 = IFCFACE((#11405));
#11405 = IFCFACEOUTERBOUND(#11406, .T.);
#11406 = IFCPOLYLOOP((#11357, #11385, #11372));
#11407 = IFCFACE((#11408));
#11408 = IFCFACEOUTERBOUND(#11409, .T.);
#11409 = IFCPOLYLOOP((#11358, #11385, #11357));
#11410 = IFCFACE((#11411));
#11411 = IFCFACEOUTERBOUND(#11412, .T.);
#11412 = IFCPOLYLOOP((#11413, #11386, #11414));
#11413 = IFCCARTESIANPOINT((5042.98601845906, 9953.01564890437, 407.727939634742));
#11414 = IFCCARTESIANPOINT((5042.98601845906, 9953.01564890437, 408.00799588098));
#11415 = IFCFACE((#11416));
#11416 = IFCFACEOUTERBOUND(#11417, .T.);
#11417 = IFCPOLYLOOP((#11414, #11386, #11418));
#11418 = IFCCARTESIANPOINT((5040.71915953887, 9950.91425295331, 407.946171416706));
#11419 = IFCFACE((#11420));
#11420 = IFCFACEOUTERBOUND(#11421, .T.);
#11421 = IFCPOLYLOOP((#11390, #11418, #11386));
#11422 = IFCFACE((#11423));
#11423 = IFCFACEOUTERBOUND(#11424, .T.);
#11424 = IFCPOLYLOOP((#11400, #11418, #11390));
#11425 = IFCFACE((#11426));
#11426 = IFCFACEOUTERBOUND(#11427, .T.);
#11427 = IFCPOLYLOOP((#11418, #11400, #11428));
#11428 = IFCCARTESIANPOINT((5040.71915953887, 9950.91425295331, 407.666115422306));
#11429 = IFCFACE((#11430));
#11430 = IFCFACEOUTERBOUND(#11431, .T.);
#11431 = IFCPOLYLOOP((#11428, #11400, #11413));
#11432 = IFCFACE((#11433));
#11433 = IFCFACEOUTERBOUND(#11434, .T.);
#11434 = IFCPOLYLOOP((#11385, #11413, #11400));
#11435 = IFCFACE((#11436));
#11436 = IFCFACEOUTERBOUND(#11437, .T.);
#11437 = IFCPOLYLOOP((#11386, #11413, #11385));
#11438 = IFCFACE((#11439));
#11439 = IFCFACEOUTERBOUND(#11440, .T.);
#11440 = IFCPOLYLOOP((#11441, #11414, #11442));
#11441 = IFCCARTESIANPOINT((5043.05390082237, 9952.94221863967, 407.728062168328));
#11442 = IFCCARTESIANPOINT((5043.05390082237, 9952.94221863967, 408.008118408791));
#11443 = IFCFACE((#11444));
#11444 = IFCFACEOUTERBOUND(#11445, .T.);
#11445 = IFCPOLYLOOP((#11442, #11414, #11446));
#11446 = IFCCARTESIANPOINT((5040.78712746414, 9950.84090200522, 407.946296362215));
#11447 = IFCFACE((#11448));
#11448 = IFCFACEOUTERBOUND(#11449, .T.);
#11449 = IFCPOLYLOOP((#11418, #11446, #11414));
#11450 = IFCFACE((#11451));
#11451 = IFCFACEOUTERBOUND(#11452, .T.);
#11452 = IFCPOLYLOOP((#11428, #11446, #11418));
#11453 = IFCFACE((#11454));
#11454 = IFCFACEOUTERBOUND(#11455, .T.);
#11455 = IFCPOLYLOOP((#11446, #11428, #11456));
#11456 = IFCCARTESIANPOINT((5040.78712746414, 9950.84090200522, 407.666240367814));
#11457 = IFCFACE((#11458));
#11458 = IFCFACEOUTERBOUND(#11459, .T.);
#11459 = IFCPOLYLOOP((#11456, #11428, #11441));
#11460 = IFCFACE((#11461));
#11461 = IFCFACEOUTERBOUND(#11462, .T.);
#11462 = IFCPOLYLOOP((#11413, #11441, #11428));
#11463 = IFCFACE((#11464));
#11464 = IFCFACEOUTERBOUND(#11465, .T.);
#11465 = IFCPOLYLOOP((#11414, #11441, #11413));
#11466 = IFCFACE((#11467));
#11467 = IFCFACEOUTERBOUND(#11468, .T.);
#11468 = IFCPOLYLOOP((#11469, #11442, #11470));
#11469 = IFCCARTESIANPOINT((5043.12178318568, 9952.86878837497, 407.72818470193));
#11470 = IFCCARTESIANPOINT((5043.12178318568, 9952.86878837497, 408.008240936619));
#11471 = IFCFACE((#11472));
#11472 = IFCFACEOUTERBOUND(#11473, .T.);
#11473 = IFCPOLYLOOP((#11470, #11442, #11474));
#11474 = IFCCARTESIANPOINT((5040.85509538941, 9950.76755105712, 407.946421307761));
#11475 = IFCFACE((#11476));
#11476 = IFCFACEOUTERBOUND(#11477, .T.);
#11477 = IFCPOLYLOOP((#11446, #11474, #11442));
#11478 = IFCFACE((#11479));
#11479 = IFCFACEOUTERBOUND(#11480, .T.);
#11480 = IFCPOLYLOOP((#11456, #11474, #11446));
#11481 = IFCFACE((#11482));
#11482 = IFCFACEOUTERBOUND(#11483, .T.);
#11483 = IFCPOLYLOOP((#11474, #11456, #11484));
#11484 = IFCCARTESIANPOINT((5040.85509538941, 9950.76755105712, 407.66636531336));
#11485 = IFCFACE((#11486));
#11486 = IFCFACEOUTERBOUND(#11487, .T.);
#11487 = IFCPOLYLOOP((#11484, #11456, #11469));
#11488 = IFCFACE((#11489));
#11489 = IFCFACEOUTERBOUND(#11490, .T.);
#11490 = IFCPOLYLOOP((#11441, #11469, #11456));
#11491 = IFCFACE((#11492));
#11492 = IFCFACEOUTERBOUND(#11493, .T.);
#11493 = IFCPOLYLOOP((#11442, #11469, #11441));
#11494 = IFCFACE((#11495));
#11495 = IFCFACEOUTERBOUND(#11496, .T.);
#11496 = IFCPOLYLOOP((#11497, #11470, #11498));
#11497 = IFCCARTESIANPOINT((5043.189665549, 9952.79535811027, 407.728307235547));
#11498 = IFCCARTESIANPOINT((5043.189665549, 9952.79535811027, 408.008363464462));
#11499 = IFCFACE((#11500));
#11500 = IFCFACEOUTERBOUND(#11501, .T.);
#11501 = IFCPOLYLOOP((#11498, #11470, #11502));
#11502 = IFCCARTESIANPOINT((5040.92306331468, 9950.69420010903, 407.946546253344));
#11503 = IFCFACE((#11504));
#11504 = IFCFACEOUTERBOUND(#11505, .T.);
#11505 = IFCPOLYLOOP((#11474, #11502, #11470));
#11506 = IFCFACE((#11507));
#11507 = IFCFACEOUTERBOUND(#11508, .T.);
#11508 = IFCPOLYLOOP((#11484, #11502, #11474));
#11509 = IFCFACE((#11510));
#11510 = IFCFACEOUTERBOUND(#11511, .T.);
#11511 = IFCPOLYLOOP((#11502, #11484, #11512));
#11512 = IFCCARTESIANPOINT((5040.92306331468, 9950.69420010903, 407.666490258944));
#11513 = IFCFACE((#11514));
#11514 = IFCFACEOUTERBOUND(#11515, .T.);
#11515 = IFCPOLYLOOP((#11512, #11484, #11497));
#11516 = IFCFACE((#11517));
#11517 = IFCFACEOUTERBOUND(#11518, .T.);
#11518 = IFCPOLYLOOP((#11469, #11497, #11484));
#11519 = IFCFACE((#11520));
#11520 = IFCFACEOUTERBOUND(#11521, .T.);
#11521 = IFCPOLYLOOP((#11470, #11497, #11469));
#11522 = IFCFACE((#11523));
#11523 = IFCFACEOUTERBOUND(#11524, .T.);
#11524 = IFCPOLYLOOP((#11525, #11498, #11526));
#11525 = IFCCARTESIANPOINT((5043.2575479123, 9952.72192784557, 407.728429769179));
#11526 = IFCCARTESIANPOINT((5043.2575479123, 9952.72192784557, 408.008485992322));
#11527 = IFCFACE((#11528));
#11528 = IFCFACEOUTERBOUND(#11529, .T.);
#11529 = IFCPOLYLOOP((#11526, #11498, #11530));
#11530 = IFCCARTESIANPOINT((5040.99103123995, 9950.62084916094, 407.946671198968));
#11531 = IFCFACE((#11532));
#11532 = IFCFACEOUTERBOUND(#11533, .T.);
#11533 = IFCPOLYLOOP((#11502, #11530, #11498));
#11534 = IFCFACE((#11535));
#11535 = IFCFACEOUTERBOUND(#11536, .T.);
#11536 = IFCPOLYLOOP((#11512, #11530, #11502));
#11537 = IFCFACE((#11538));
#11538 = IFCFACEOUTERBOUND(#11539, .T.);
#11539 = IFCPOLYLOOP((#11530, #11512, #11540));
#11540 = IFCCARTESIANPOINT((5040.99103123995, 9950.62084916094, 407.666615204566));
#11541 = IFCFACE((#11542));
#11542 = IFCFACEOUTERBOUND(#11543, .T.);
#11543 = IFCPOLYLOOP((#11540, #11512, #11525));
#11544 = IFCFACE((#11545));
#11545 = IFCFACEOUTERBOUND(#11546, .T.);
#11546 = IFCPOLYLOOP((#11497, #11525, #11512));
#11547 = IFCFACE((#11548));
#11548 = IFCFACEOUTERBOUND(#11549, .T.);
#11549 = IFCPOLYLOOP((#11498, #11525, #11497));
#11550 = IFCFACE((#11551));
#11551 = IFCFACEOUTERBOUND(#11552, .T.);
#11552 = IFCPOLYLOOP((#11553, #11526, #11554));
#11553 = IFCCARTESIANPOINT((5043.32543027561, 9952.64849758087, 407.728552302827));
#11554 = IFCCARTESIANPOINT((5043.32543027561, 9952.64849758087, 408.008608520195));
#11555 = IFCFACE((#11556));
#11556 = IFCFACEOUTERBOUND(#11557, .T.);
#11557 = IFCPOLYLOOP((#11554, #11526, #11558));
#11558 = IFCCARTESIANPOINT((5041.05899916522, 9950.54749821285, 407.946796144626));
#11559 = IFCFACE((#11560));
#11560 = IFCFACEOUTERBOUND(#11561, .T.);
#11561 = IFCPOLYLOOP((#11530, #11558, #11526));
#11562 = IFCFACE((#11563));
#11563 = IFCFACEOUTERBOUND(#11564, .T.);
#11564 = IFCPOLYLOOP((#11540, #11558, #11530));
#11565 = IFCFACE((#11566));
#11566 = IFCFACEOUTERBOUND(#11567, .T.);
#11567 = IFCPOLYLOOP((#11558, #11540, #11568));
#11568 = IFCCARTESIANPOINT((5041.05899916522, 9950.54749821285, 407.666740150227));
#11569 = IFCFACE((#11570));
#11570 = IFCFACEOUTERBOUND(#11571, .T.);
#11571 = IFCPOLYLOOP((#11568, #11540, #11553));
#11572 = IFCFACE((#11573));
#11573 = IFCFACEOUTERBOUND(#11574, .T.);
#11574 = IFCPOLYLOOP((#11525, #11553, #11540));
#11575 = IFCFACE((#11576));
#11576 = IFCFACEOUTERBOUND(#11577, .T.);
#11577 = IFCPOLYLOOP((#11526, #11553, #11525));
#11578 = IFCFACE((#11579));
#11579 = IFCFACEOUTERBOUND(#11580, .T.);
#11580 = IFCPOLYLOOP((#11581, #11554, #11582));
#11581 = IFCCARTESIANPOINT((5043.39331263892, 9952.57506731617, 407.728674836491));
#11582 = IFCCARTESIANPOINT((5043.39331263892, 9952.57506731617, 408.008731048087));
#11583 = IFCFACE((#11584));
#11584 = IFCFACEOUTERBOUND(#11585, .T.);
#11585 = IFCPOLYLOOP((#11582, #11554, #11586));
#11586 = IFCCARTESIANPOINT((5041.12696709049, 9950.47414726475, 407.946921090324));
#11587 = IFCFACE((#11588));
#11588 = IFCFACEOUTERBOUND(#11589, .T.);
#11589 = IFCPOLYLOOP((#11558, #11586, #11554));
#11590 = IFCFACE((#11591));
#11591 = IFCFACEOUTERBOUND(#11592, .T.);
#11592 = IFCPOLYLOOP((#11568, #11586, #11558));
#11593 = IFCFACE((#11594));
#11594 = IFCFACEOUTERBOUND(#11595, .T.);
#11595 = IFCPOLYLOOP((#11586, #11568, #11596));
#11596 = IFCCARTESIANPOINT((5041.12696709049, 9950.47414726475, 407.666865095925));
#11597 = IFCFACE((#11598));
#11598 = IFCFACEOUTERBOUND(#11599, .T.);
#11599 = IFCPOLYLOOP((#11596, #11568, #11581));
#11600 = IFCFACE((#11601));
#11601 = IFCFACEOUTERBOUND(#11602, .T.);
#11602 = IFCPOLYLOOP((#11553, #11581, #11568));
#11603 = IFCFACE((#11604));
#11604 = IFCFACEOUTERBOUND(#11605, .T.);
#11605 = IFCPOLYLOOP((#11554, #11581, #11553));
#11606 = IFCFACE((#11607));
#11607 = IFCFACEOUTERBOUND(#11608, .T.);
#11608 = IFCPOLYLOOP((#11609, #11582, #11610));
#11609 = IFCCARTESIANPOINT((5043.46119500223, 9952.50163705147, 407.72879737017));
#11610 = IFCCARTESIANPOINT((5043.46119500223, 9952.50163705147, 408.008853575999));
#11611 = IFCFACE((#11612));
#11612 = IFCFACEOUTERBOUND(#11613, .T.);
#11613 = IFCPOLYLOOP((#11610, #11582, #11614));
#11614 = IFCCARTESIANPOINT((5041.19493501576, 9950.40079631666, 407.947046036063));
#11615 = IFCFACE((#11616));
#11616 = IFCFACEOUTERBOUND(#11617, .T.);
#11617 = IFCPOLYLOOP((#11586, #11614, #11582));
#11618 = IFCFACE((#11619));
#11619 = IFCFACEOUTERBOUND(#11620, .T.);
#11620 = IFCPOLYLOOP((#11596, #11614, #11586));
#11621 = IFCFACE((#11622));
#11622 = IFCFACEOUTERBOUND(#11623, .T.);
#11623 = IFCPOLYLOOP((#11614, #11596, #11624));
#11624 = IFCCARTESIANPOINT((5041.19493501576, 9950.40079631666, 407.666990041662));
#11625 = IFCFACE((#11626));
#11626 = IFCFACEOUTERBOUND(#11627, .T.);
#11627 = IFCPOLYLOOP((#11624, #11596, #11609));
#11628 = IFCFACE((#11629));
#11629 = IFCFACEOUTERBOUND(#11630, .T.);
#11630 = IFCPOLYLOOP((#11581, #11609, #11596));
#11631 = IFCFACE((#11632));
#11632 = IFCFACEOUTERBOUND(#11633, .T.);
#11633 = IFCPOLYLOOP((#11582, #11609, #11581));
#11634 = IFCFACE((#11635));
#11635 = IFCFACEOUTERBOUND(#11636, .T.);
#11636 = IFCPOLYLOOP((#11637, #11610, #11638));
#11637 = IFCCARTESIANPOINT((5043.52907736554, 9952.42820678677, 407.728919903864));
#11638 = IFCCARTESIANPOINT((5043.52907736554, 9952.42820678677, 408.008976103923));
#11639 = IFCFACE((#11640));
#11640 = IFCFACEOUTERBOUND(#11641, .T.);
#11641 = IFCPOLYLOOP((#11638, #11610, #11642));
#11642 = IFCCARTESIANPOINT((5041.26290294103, 9950.32744536857, 407.947170981837));
#11643 = IFCFACE((#11644));
#11644 = IFCFACEOUTERBOUND(#11645, .T.);
#11645 = IFCPOLYLOOP((#11614, #11642, #11610));
#11646 = IFCFACE((#11647));
#11647 = IFCFACEOUTERBOUND(#11648, .T.);
#11648 = IFCPOLYLOOP((#11624, #11642, #11614));
#11649 = IFCFACE((#11650));
#11650 = IFCFACEOUTERBOUND(#11651, .T.);
#11651 = IFCPOLYLOOP((#11642, #11624, #11652));
#11652 = IFCCARTESIANPOINT((5041.26290294103, 9950.32744536857, 407.667114987437));
#11653 = IFCFACE((#11654));
#11654 = IFCFACEOUTERBOUND(#11655, .T.);
#11655 = IFCPOLYLOOP((#11652, #11624, #11637));
#11656 = IFCFACE((#11657));
#11657 = IFCFACEOUTERBOUND(#11658, .T.);
#11658 = IFCPOLYLOOP((#11609, #11637, #11624));
#11659 = IFCFACE((#11660));
#11660 = IFCFACEOUTERBOUND(#11661, .T.);
#11661 = IFCPOLYLOOP((#11610, #11637, #11609));
#11662 = IFCFACE((#11663));
#11663 = IFCFACEOUTERBOUND(#11664, .T.);
#11664 = IFCPOLYLOOP((#11665, #11638, #11666));
#11665 = IFCCARTESIANPOINT((5043.59695972885, 9952.35477652207, 407.729042437574));
#11666 = IFCCARTESIANPOINT((5043.59695972885, 9952.35477652207, 408.009098631867));
#11667 = IFCFACE((#11668));
#11668 = IFCFACEOUTERBOUND(#11669, .T.);
#11669 = IFCPOLYLOOP((#11666, #11638, #11670));
#11670 = IFCCARTESIANPOINT((5041.3308708663, 9950.25409442047, 407.947295927654));
#11671 = IFCFACE((#11672));
#11672 = IFCFACEOUTERBOUND(#11673, .T.);
#11673 = IFCPOLYLOOP((#11642, #11670, #11638));
#11674 = IFCFACE((#11675));
#11675 = IFCFACEOUTERBOUND(#11676, .T.);
#11676 = IFCPOLYLOOP((#11652, #11670, #11642));
#11677 = IFCFACE((#11678));
#11678 = IFCFACEOUTERBOUND(#11679, .T.);
#11679 = IFCPOLYLOOP((#11670, #11652, #11680));
#11680 = IFCCARTESIANPOINT((5041.3308708663, 9950.25409442047, 407.66723993325));
#11681 = IFCFACE((#11682));
#11682 = IFCFACEOUTERBOUND(#11683, .T.);
#11683 = IFCPOLYLOOP((#11680, #11652, #11665));
#11684 = IFCFACE((#11685));
#11685 = IFCFACEOUTERBOUND(#11686, .T.);
#11686 = IFCPOLYLOOP((#11637, #11665, #11652));
#11687 = IFCFACE((#11688));
#11688 = IFCFACEOUTERBOUND(#11689, .T.);
#11689 = IFCPOLYLOOP((#11638, #11665, #11637));
#11690 = IFCFACE((#11691));
#11691 = IFCFACEOUTERBOUND(#11692, .T.);
#11692 = IFCPOLYLOOP((#11693, #11666, #11694));
#11693 = IFCCARTESIANPOINT((5043.66484209216, 9952.28134625737, 407.729164971299));
#11694 = IFCCARTESIANPOINT((5043.66484209216, 9952.28134625737, 408.009221159824));
#11695 = IFCFACE((#11696));
#11696 = IFCFACEOUTERBOUND(#11697, .T.);
#11697 = IFCPOLYLOOP((#11694, #11666, #11698));
#11698 = IFCCARTESIANPOINT((5041.39883879158, 9950.18074347238, 407.947420873503));
#11699 = IFCFACE((#11700));
#11700 = IFCFACEOUTERBOUND(#11701, .T.);
#11701 = IFCPOLYLOOP((#11670, #11698, #11666));
#11702 = IFCFACE((#11703));
#11703 = IFCFACEOUTERBOUND(#11704, .T.);
#11704 = IFCPOLYLOOP((#11680, #11698, #11670));
#11705 = IFCFACE((#11706));
#11706 = IFCFACEOUTERBOUND(#11707, .T.);
#11707 = IFCPOLYLOOP((#11698, #11680, #11708));
#11708 = IFCCARTESIANPOINT((5041.39883879158, 9950.18074347238, 407.667364879101));
#11709 = IFCFACE((#11710));
#11710 = IFCFACEOUTERBOUND(#11711, .T.);
#11711 = IFCPOLYLOOP((#11708, #11680, #11693));
#11712 = IFCFACE((#11713));
#11713 = IFCFACEOUTERBOUND(#11714, .T.);
#11714 = IFCPOLYLOOP((#11665, #11693, #11680));
#11715 = IFCFACE((#11716));
#11716 = IFCFACEOUTERBOUND(#11717, .T.);
#11717 = IFCPOLYLOOP((#11666, #11693, #11665));
#11718 = IFCFACE((#11719));
#11719 = IFCFACEOUTERBOUND(#11720, .T.);
#11720 = IFCPOLYLOOP((#11721, #11694, #11722));
#11721 = IFCCARTESIANPOINT((5043.73272445547, 9952.20791599267, 407.72928750504));
#11722 = IFCCARTESIANPOINT((5043.73272445547, 9952.20791599267, 408.009343687799));
#11723 = IFCFACE((#11724));
#11724 = IFCFACEOUTERBOUND(#11725, .T.);
#11725 = IFCPOLYLOOP((#11722, #11694, #11726));
#11726 = IFCCARTESIANPOINT((5041.46680671684, 9950.10739252429, 407.947545819392));
#11727 = IFCFACE((#11728));
#11728 = IFCFACEOUTERBOUND(#11729, .T.);
#11729 = IFCPOLYLOOP((#11698, #11726, #11694));
#11730 = IFCFACE((#11731));
#11731 = IFCFACEOUTERBOUND(#11732, .T.);
#11732 = IFCPOLYLOOP((#11708, #11726, #11698));
#11733 = IFCFACE((#11734));
#11734 = IFCFACEOUTERBOUND(#11735, .T.);
#11735 = IFCPOLYLOOP((#11726, #11708, #11736));
#11736 = IFCCARTESIANPOINT((5041.46680671684, 9950.10739252429, 407.667489824991));
#11737 = IFCFACE((#11738));
#11738 = IFCFACEOUTERBOUND(#11739, .T.);
#11739 = IFCPOLYLOOP((#11736, #11708, #11721));
#11740 = IFCFACE((#11741));
#11741 = IFCFACEOUTERBOUND(#11742, .T.);
#11742 = IFCPOLYLOOP((#11693, #11721, #11708));
#11743 = IFCFACE((#11744));
#11744 = IFCFACEOUTERBOUND(#11745, .T.);
#11745 = IFCPOLYLOOP((#11694, #11721, #11693));
#11746 = IFCFACE((#11747));
#11747 = IFCFACEOUTERBOUND(#11748, .T.);
#11748 = IFCPOLYLOOP((#11749, #11722, #11750));
#11749 = IFCCARTESIANPOINT((5043.80060681879, 9952.13448572797, 407.729410038796));
#11750 = IFCCARTESIANPOINT((5043.80060681879, 9952.13448572797, 408.009466215789));
#11751 = IFCFACE((#11752));
#11752 = IFCFACEOUTERBOUND(#11753, .T.);
#11753 = IFCPOLYLOOP((#11750, #11722, #11754));
#11754 = IFCCARTESIANPOINT((5041.53477464212, 9950.0340415762, 407.947670765319));
#11755 = IFCFACE((#11756));
#11756 = IFCFACEOUTERBOUND(#11757, .T.);
#11757 = IFCPOLYLOOP((#11726, #11754, #11722));
#11758 = IFCFACE((#11759));
#11759 = IFCFACEOUTERBOUND(#11760, .T.);
#11760 = IFCPOLYLOOP((#11736, #11754, #11726));
#11761 = IFCFACE((#11762));
#11762 = IFCFACEOUTERBOUND(#11763, .T.);
#11763 = IFCPOLYLOOP((#11754, #11736, #11764));
#11764 = IFCCARTESIANPOINT((5041.53477464212, 9950.0340415762, 407.667614770919));
#11765 = IFCFACE((#11766));
#11766 = IFCFACEOUTERBOUND(#11767, .T.);
#11767 = IFCPOLYLOOP((#11764, #11736, #11749));
#11768 = IFCFACE((#11769));
#11769 = IFCFACEOUTERBOUND(#11770, .T.);
#11770 = IFCPOLYLOOP((#11721, #11749, #11736));
#11771 = IFCFACE((#11772));
#11772 = IFCFACEOUTERBOUND(#11773, .T.);
#11773 = IFCPOLYLOOP((#11722, #11749, #11721));
#11774 = IFCFACE((#11775));
#11775 = IFCFACEOUTERBOUND(#11776, .T.);
#11776 = IFCPOLYLOOP((#11777, #11750, #11778));
#11777 = IFCCARTESIANPOINT((5043.86848918209, 9952.06105546327, 407.729532572567));
#11778 = IFCCARTESIANPOINT((5043.86848918209, 9952.06105546327, 408.009588743797));
#11779 = IFCFACE((#11780));
#11780 = IFCFACEOUTERBOUND(#11781, .T.);
#11781 = IFCPOLYLOOP((#11778, #11750, #11782));
#11782 = IFCCARTESIANPOINT((5041.60274256739, 9949.9606906281, 407.947795711287));
#11783 = IFCFACE((#11784));
#11784 = IFCFACEOUTERBOUND(#11785, .T.);
#11785 = IFCPOLYLOOP((#11754, #11782, #11750));
#11786 = IFCFACE((#11787));
#11787 = IFCFACEOUTERBOUND(#11788, .T.);
#11788 = IFCPOLYLOOP((#11764, #11782, #11754));
#11789 = IFCFACE((#11790));
#11790 = IFCFACEOUTERBOUND(#11791, .T.);
#11791 = IFCPOLYLOOP((#11782, #11764, #11792));
#11792 = IFCCARTESIANPOINT((5041.60274256739, 9949.9606906281, 407.667739716885));
#11793 = IFCFACE((#11794));
#11794 = IFCFACEOUTERBOUND(#11795, .T.);
#11795 = IFCPOLYLOOP((#11792, #11764, #11777));
#11796 = IFCFACE((#11797));
#11797 = IFCFACEOUTERBOUND(#11798, .T.);
#11798 = IFCPOLYLOOP((#11749, #11777, #11764));
#11799 = IFCFACE((#11800));
#11800 = IFCFACEOUTERBOUND(#11801, .T.);
#11801 = IFCPOLYLOOP((#11750, #11777, #11749));
#11802 = IFCFACE((#11803));
#11803 = IFCFACEOUTERBOUND(#11804, .T.);
#11804 = IFCPOLYLOOP((#11805, #11778, #11806));
#11805 = IFCCARTESIANPOINT((5043.9363715454, 9951.98762519858, 407.729655106354));
#11806 = IFCCARTESIANPOINT((5043.9363715454, 9951.98762519858, 408.009711271821));
#11807 = IFCFACE((#11808));
#11808 = IFCFACEOUTERBOUND(#11809, .T.);
#11809 = IFCPOLYLOOP((#11806, #11778, #11810));
#11810 = IFCCARTESIANPOINT((5041.67071049266, 9949.88733968001, 407.947920657292));
#11811 = IFCFACE((#11812));
#11812 = IFCFACEOUTERBOUND(#11813, .T.);
#11813 = IFCPOLYLOOP((#11782, #11810, #11778));
#11814 = IFCFACE((#11815));
#11815 = IFCFACEOUTERBOUND(#11816, .T.);
#11816 = IFCPOLYLOOP((#11792, #11810, #11782));
#11817 = IFCFACE((#11818));
#11818 = IFCFACEOUTERBOUND(#11819, .T.);
#11819 = IFCPOLYLOOP((#11810, #11792, #11820));
#11820 = IFCCARTESIANPOINT((5041.67071049266, 9949.88733968001, 407.667864662889));
#11821 = IFCFACE((#11822));
#11822 = IFCFACEOUTERBOUND(#11823, .T.);
#11823 = IFCPOLYLOOP((#11820, #11792, #11805));
#11824 = IFCFACE((#11825));
#11825 = IFCFACEOUTERBOUND(#11826, .T.);
#11826 = IFCPOLYLOOP((#11777, #11805, #11792));
#11827 = IFCFACE((#11828));
#11828 = IFCFACEOUTERBOUND(#11829, .T.);
#11829 = IFCPOLYLOOP((#11778, #11805, #11777));
#11830 = IFCFACE((#11831));
#11831 = IFCFACEOUTERBOUND(#11832, .T.);
#11832 = IFCPOLYLOOP((#11833, #11806, #11834));
#11833 = IFCCARTESIANPOINT((5044.00425390871, 9951.91419493388, 407.729777640157));
#11834 = IFCCARTESIANPOINT((5044.00425390871, 9951.91419493388, 408.009833799864));
#11835 = IFCFACE((#11836));
#11836 = IFCFACEOUTERBOUND(#11837, .T.);
#11837 = IFCPOLYLOOP((#11834, #11806, #11838));
#11838 = IFCCARTESIANPOINT((5041.73867841793, 9949.81398873192, 407.948045603333));
#11839 = IFCFACE((#11840));
#11840 = IFCFACEOUTERBOUND(#11841, .T.);
#11841 = IFCPOLYLOOP((#11810, #11838, #11806));
#11842 = IFCFACE((#11843));
#11843 = IFCFACEOUTERBOUND(#11844, .T.);
#11844 = IFCPOLYLOOP((#11820, #11838, #11810));
#11845 = IFCFACE((#11846));
#11846 = IFCFACEOUTERBOUND(#11847, .T.);
#11847 = IFCPOLYLOOP((#11838, #11820, #11848));
#11848 = IFCCARTESIANPOINT((5041.73867841793, 9949.81398873192, 407.667989608931));
#11849 = IFCFACE((#11850));
#11850 = IFCFACEOUTERBOUND(#11851, .T.);
#11851 = IFCPOLYLOOP((#11848, #11820, #11833));
#11852 = IFCFACE((#11853));
#11853 = IFCFACEOUTERBOUND(#11854, .T.);
#11854 = IFCPOLYLOOP((#11805, #11833, #11820));
#11855 = IFCFACE((#11856));
#11856 = IFCFACEOUTERBOUND(#11857, .T.);
#11857 = IFCPOLYLOOP((#11806, #11833, #11805));
#11858 = IFCFACE((#11859));
#11859 = IFCFACEOUTERBOUND(#11860, .T.);
#11860 = IFCPOLYLOOP((#11861, #11834, #11862));
#11861 = IFCCARTESIANPOINT((5044.07213627203, 9951.84076466918, 407.729900173975));
#11862 = IFCCARTESIANPOINT((5044.07213627203, 9951.84076466918, 408.009956327919));
#11863 = IFCFACE((#11864));
#11864 = IFCFACEOUTERBOUND(#11865, .T.);
#11865 = IFCPOLYLOOP((#11862, #11834, #11866));
#11866 = IFCCARTESIANPOINT((5041.8066463432, 9949.74063778383, 407.948170549413));
#11867 = IFCFACE((#11868));
#11868 = IFCFACEOUTERBOUND(#11869, .T.);
#11869 = IFCPOLYLOOP((#11838, #11866, #11834));
#11870 = IFCFACE((#11871));
#11871 = IFCFACEOUTERBOUND(#11872, .T.);
#11872 = IFCPOLYLOOP((#11848, #11866, #11838));
#11873 = IFCFACE((#11874));
#11874 = IFCFACEOUTERBOUND(#11875, .T.);
#11875 = IFCPOLYLOOP((#11866, #11848, #11876));
#11876 = IFCCARTESIANPOINT((5041.8066463432, 9949.74063778383, 407.668114555011));
#11877 = IFCFACE((#11878));
#11878 = IFCFACEOUTERBOUND(#11879, .T.);
#11879 = IFCPOLYLOOP((#11876, #11848, #11861));
#11880 = IFCFACE((#11881));
#11881 = IFCFACEOUTERBOUND(#11882, .T.);
#11882 = IFCPOLYLOOP((#11833, #11861, #11848));
#11883 = IFCFACE((#11884));
#11884 = IFCFACEOUTERBOUND(#11885, .T.);
#11885 = IFCPOLYLOOP((#11834, #11861, #11833));
#11886 = IFCFACE((#11887));
#11887 = IFCFACEOUTERBOUND(#11888, .T.);
#11888 = IFCPOLYLOOP((#11889, #11862, #11890));
#11889 = IFCCARTESIANPOINT((5044.14001863533, 9951.76733440448, 407.730022707808));
#11890 = IFCCARTESIANPOINT((5044.14001863533, 9951.76733440448, 408.010078855994));
#11891 = IFCFACE((#11892));
#11892 = IFCFACEOUTERBOUND(#11893, .T.);
#11893 = IFCPOLYLOOP((#11890, #11862, #11894));
#11894 = IFCCARTESIANPOINT((5041.87461426847, 9949.66728683573, 407.948295495531));
#11895 = IFCFACE((#11896));
#11896 = IFCFACEOUTERBOUND(#11897, .T.);
#11897 = IFCPOLYLOOP((#11866, #11894, #11862));
#11898 = IFCFACE((#11899));
#11899 = IFCFACEOUTERBOUND(#11900, .T.);
#11900 = IFCPOLYLOOP((#11876, #11894, #11866));
#11901 = IFCFACE((#11902));
#11902 = IFCFACEOUTERBOUND(#11903, .T.);
#11903 = IFCPOLYLOOP((#11894, #11876, #11904));
#11904 = IFCCARTESIANPOINT((5041.87461426847, 9949.66728683573, 407.66823950113));
#11905 = IFCFACE((#11906));
#11906 = IFCFACEOUTERBOUND(#11907, .T.);
#11907 = IFCPOLYLOOP((#11904, #11876, #11889));
#11908 = IFCFACE((#11909));
#11909 = IFCFACEOUTERBOUND(#11910, .T.);
#11910 = IFCPOLYLOOP((#11861, #11889, #11876));
#11911 = IFCFACE((#11912));
#11912 = IFCFACEOUTERBOUND(#11913, .T.);
#11913 = IFCPOLYLOOP((#11862, #11889, #11861));
#11914 = IFCFACE((#11915));
#11915 = IFCFACEOUTERBOUND(#11916, .T.);
#11916 = IFCPOLYLOOP((#11917, #11890, #11918));
#11917 = IFCCARTESIANPOINT((5044.20790099864, 9951.69390413978, 407.730145241657));
#11918 = IFCCARTESIANPOINT((5044.20790099864, 9951.69390413978, 408.010201384082));
#11919 = IFCFACE((#11920));
#11920 = IFCFACEOUTERBOUND(#11921, .T.);
#11921 = IFCPOLYLOOP((#11918, #11890, #11922));
#11922 = IFCCARTESIANPOINT((5041.94258219374, 9949.59393588764, 407.948420441688));
#11923 = IFCFACE((#11924));
#11924 = IFCFACEOUTERBOUND(#11925, .T.);
#11925 = IFCPOLYLOOP((#11894, #11922, #11890));
#11926 = IFCFACE((#11927));
#11927 = IFCFACEOUTERBOUND(#11928, .T.);
#11928 = IFCPOLYLOOP((#11904, #11922, #11894));
#11929 = IFCFACE((#11930));
#11930 = IFCFACEOUTERBOUND(#11931, .T.);
#11931 = IFCPOLYLOOP((#11922, #11904, #11932));
#11932 = IFCCARTESIANPOINT((5041.94258219374, 9949.59393588764, 407.668364447287));
#11933 = IFCFACE((#11934));
#11934 = IFCFACEOUTERBOUND(#11935, .T.);
#11935 = IFCPOLYLOOP((#11932, #11904, #11917));
#11936 = IFCFACE((#11937));
#11937 = IFCFACEOUTERBOUND(#11938, .T.);
#11938 = IFCPOLYLOOP((#11889, #11917, #11904));
#11939 = IFCFACE((#11940));
#11940 = IFCFACEOUTERBOUND(#11941, .T.);
#11941 = IFCPOLYLOOP((#11890, #11917, #11889));
#11942 = IFCFACE((#11943));
#11943 = IFCFACEOUTERBOUND(#11944, .T.);
#11944 = IFCPOLYLOOP((#11945, #11918, #11946));
#11945 = IFCCARTESIANPOINT((5044.27578336195, 9951.62047387508, 407.730267775521));
#11946 = IFCCARTESIANPOINT((5044.27578336195, 9951.62047387508, 408.010323912191));
#11947 = IFCFACE((#11948));
#11948 = IFCFACEOUTERBOUND(#11949, .T.);
#11949 = IFCPOLYLOOP((#11946, #11918, #11950));
#11950 = IFCCARTESIANPOINT((5042.01055011901, 9949.52058493955, 407.948545387882));
#11951 = IFCFACE((#11952));
#11952 = IFCFACEOUTERBOUND(#11953, .T.);
#11953 = IFCPOLYLOOP((#11922, #11950, #11918));
#11954 = IFCFACE((#11955));
#11955 = IFCFACEOUTERBOUND(#11956, .T.);
#11956 = IFCPOLYLOOP((#11932, #11950, #11922));
#11957 = IFCFACE((#11958));
#11958 = IFCFACEOUTERBOUND(#11959, .T.);
#11959 = IFCPOLYLOOP((#11950, #11932, #11960));
#11960 = IFCCARTESIANPOINT((5042.01055011901, 9949.52058493955, 407.668489393481));
#11961 = IFCFACE((#11962));
#11962 = IFCFACEOUTERBOUND(#11963, .T.);
#11963 = IFCPOLYLOOP((#11960, #11932, #11945));
#11964 = IFCFACE((#11965));
#11965 = IFCFACEOUTERBOUND(#11966, .T.);
#11966 = IFCPOLYLOOP((#11917, #11945, #11932));
#11967 = IFCFACE((#11968));
#11968 = IFCFACEOUTERBOUND(#11969, .T.);
#11969 = IFCPOLYLOOP((#11918, #11945, #11917));
#11970 = IFCFACE((#11971));
#11971 = IFCFACEOUTERBOUND(#11972, .T.);
#11972 = IFCPOLYLOOP((#11973, #11946, #11974));
#11973 = IFCCARTESIANPOINT((5044.34366572526, 9951.54704361038, 407.730390309401));
#11974 = IFCCARTESIANPOINT((5044.34366572526, 9951.54704361038, 408.010446440313));
#11975 = IFCFACE((#11976));
#11976 = IFCFACEOUTERBOUND(#11977, .T.);
#11977 = IFCPOLYLOOP((#11974, #11946, #11978));
#11978 = IFCCARTESIANPOINT((5042.07851804428, 9949.44723399146, 407.948670334115));
#11979 = IFCFACE((#11980));
#11980 = IFCFACEOUTERBOUND(#11981, .T.);
#11981 = IFCPOLYLOOP((#11950, #11978, #11946));
#11982 = IFCFACE((#11983));
#11983 = IFCFACEOUTERBOUND(#11984, .T.);
#11984 = IFCPOLYLOOP((#11960, #11978, #11950));
#11985 = IFCFACE((#11986));
#11986 = IFCFACEOUTERBOUND(#11987, .T.);
#11987 = IFCPOLYLOOP((#11978, #11960, #11988));
#11988 = IFCCARTESIANPOINT((5042.07851804428, 9949.44723399146, 407.668614339715));
#11989 = IFCFACE((#11990));
#11990 = IFCFACEOUTERBOUND(#11991, .T.);
#11991 = IFCPOLYLOOP((#11988, #11960, #11973));
#11992 = IFCFACE((#11993));
#11993 = IFCFACEOUTERBOUND(#11994, .T.);
#11994 = IFCPOLYLOOP((#11945, #11973, #11960));
#11995 = IFCFACE((#11996));
#11996 = IFCFACEOUTERBOUND(#11997, .T.);
#11997 = IFCPOLYLOOP((#11946, #11973, #11945));
#11998 = IFCFACE((#11999));
#11999 = IFCFACEOUTERBOUND(#12000, .T.);
#12000 = IFCPOLYLOOP((#12001, #11974, #12002));
#12001 = IFCCARTESIANPOINT((5044.41154808857, 9951.47361334568, 407.730512843296));
#12002 = IFCCARTESIANPOINT((5044.41154808857, 9951.47361334568, 408.010568968454));
#12003 = IFCFACE((#12004));
#12004 = IFCFACEOUTERBOUND(#12005, .T.);
#12005 = IFCPOLYLOOP((#12002, #11974, #12006));
#12006 = IFCCARTESIANPOINT((5042.14648596955, 9949.37388304336, 407.948795280388));
#12007 = IFCFACE((#12008));
#12008 = IFCFACEOUTERBOUND(#12009, .T.);
#12009 = IFCPOLYLOOP((#11978, #12006, #11974));
#12010 = IFCFACE((#12011));
#12011 = IFCFACEOUTERBOUND(#12012, .T.);
#12012 = IFCPOLYLOOP((#11988, #12006, #11978));
#12013 = IFCFACE((#12014));
#12014 = IFCFACEOUTERBOUND(#12015, .T.);
#12015 = IFCPOLYLOOP((#12006, #11988, #12016));
#12016 = IFCCARTESIANPOINT((5042.14648596955, 9949.37388304336, 407.668739285986));
#12017 = IFCFACE((#12018));
#12018 = IFCFACEOUTERBOUND(#12019, .T.);
#12019 = IFCPOLYLOOP((#12016, #11988, #12001));
#12020 = IFCFACE((#12021));
#12021 = IFCFACEOUTERBOUND(#12022, .T.);
#12022 = IFCPOLYLOOP((#11973, #12001, #11988));
#12023 = IFCFACE((#12024));
#12024 = IFCFACEOUTERBOUND(#12025, .T.);
#12025 = IFCPOLYLOOP((#11974, #12001, #11973));
#12026 = IFCFACE((#12027));
#12027 = IFCFACEOUTERBOUND(#12028, .T.);
#12028 = IFCPOLYLOOP((#12029, #12002, #12030));
#12029 = IFCCARTESIANPOINT((5044.47943045188, 9951.40018308098, 407.730635377207));
#12030 = IFCCARTESIANPOINT((5044.47943045188, 9951.40018308098, 408.010691496609));
#12031 = IFCFACE((#12032));
#12032 = IFCFACEOUTERBOUND(#12033, .T.);
#12033 = IFCPOLYLOOP((#12030, #12002, #12034));
#12034 = IFCCARTESIANPOINT((5042.21445389482, 9949.30053209527, 407.948920226698));
#12035 = IFCFACE((#12036));
#12036 = IFCFACEOUTERBOUND(#12037, .T.);
#12037 = IFCPOLYLOOP((#12006, #12034, #12002));
#12038 = IFCFACE((#12039));
#12039 = IFCFACEOUTERBOUND(#12040, .T.);
#12040 = IFCPOLYLOOP((#12016, #12034, #12006));
#12041 = IFCFACE((#12042));
#12042 = IFCFACEOUTERBOUND(#12043, .T.);
#12043 = IFCPOLYLOOP((#12034, #12016, #12044));
#12044 = IFCCARTESIANPOINT((5042.21445389482, 9949.30053209527, 407.668864232295));
#12045 = IFCFACE((#12046));
#12046 = IFCFACEOUTERBOUND(#12047, .T.);
#12047 = IFCPOLYLOOP((#12044, #12016, #12029));
#12048 = IFCFACE((#12049));
#12049 = IFCFACEOUTERBOUND(#12050, .T.);
#12050 = IFCPOLYLOOP((#12001, #12029, #12016));
#12051 = IFCFACE((#12052));
#12052 = IFCFACEOUTERBOUND(#12053, .T.);
#12053 = IFCPOLYLOOP((#12002, #12029, #12001));
#12054 = IFCFACE((#12055));
#12055 = IFCFACEOUTERBOUND(#12056, .T.);
#12056 = IFCPOLYLOOP((#12057, #12030, #12058));
#12057 = IFCCARTESIANPOINT((5044.54731281519, 9951.32675281628, 407.730757911133));
#12058 = IFCCARTESIANPOINT((5044.54731281519, 9951.32675281628, 408.010814024782));
#12059 = IFCFACE((#12060));
#12060 = IFCFACEOUTERBOUND(#12061, .T.);
#12061 = IFCPOLYLOOP((#12058, #12030, #12062));
#12062 = IFCCARTESIANPOINT((5042.28242182009, 9949.22718114718, 407.949045173043));
#12063 = IFCFACE((#12064));
#12064 = IFCFACEOUTERBOUND(#12065, .T.);
#12065 = IFCPOLYLOOP((#12034, #12062, #12030));
#12066 = IFCFACE((#12067));
#12067 = IFCFACEOUTERBOUND(#12068, .T.);
#12068 = IFCPOLYLOOP((#12044, #12062, #12034));
#12069 = IFCFACE((#12070));
#12070 = IFCFACEOUTERBOUND(#12071, .T.);
#12071 = IFCPOLYLOOP((#12062, #12044, #12072));
#12072 = IFCCARTESIANPOINT((5042.28242182009, 9949.22718114718, 407.668989178643));
#12073 = IFCFACE((#12074));
#12074 = IFCFACEOUTERBOUND(#12075, .T.);
#12075 = IFCPOLYLOOP((#12072, #12044, #12057));
#12076 = IFCFACE((#12077));
#12077 = IFCFACEOUTERBOUND(#12078, .T.);
#12078 = IFCPOLYLOOP((#12029, #12057, #12044));
#12079 = IFCFACE((#12080));
#12080 = IFCFACEOUTERBOUND(#12081, .T.);
#12081 = IFCPOLYLOOP((#12030, #12057, #12029));
#12082 = IFCFACE((#12083));
#12083 = IFCFACEOUTERBOUND(#12084, .T.);
#12084 = IFCPOLYLOOP((#12085, #12058, #12086));
#12085 = IFCCARTESIANPOINT((5044.6151951785, 9951.25332255158, 407.730880445075));
#12086 = IFCCARTESIANPOINT((5044.6151951785, 9951.25332255158, 408.010936552971));
#12087 = IFCFACE((#12088));
#12088 = IFCFACEOUTERBOUND(#12089, .T.);
#12089 = IFCPOLYLOOP((#12086, #12058, #12090));
#12090 = IFCCARTESIANPOINT((5042.35038974536, 9949.15383019908, 407.949170119431));
#12091 = IFCFACE((#12092));
#12092 = IFCFACEOUTERBOUND(#12093, .T.);
#12093 = IFCPOLYLOOP((#12062, #12090, #12058));
#12094 = IFCFACE((#12095));
#12095 = IFCFACEOUTERBOUND(#12096, .T.);
#12096 = IFCPOLYLOOP((#12072, #12090, #12062));
#12097 = IFCFACE((#12098));
#12098 = IFCFACEOUTERBOUND(#12099, .T.);
#12099 = IFCPOLYLOOP((#12090, #12072, #12100));
#12100 = IFCCARTESIANPOINT((5042.35038974536, 9949.15383019908, 407.669114125029));
#12101 = IFCFACE((#12102));
#12102 = IFCFACEOUTERBOUND(#12103, .T.);
#12103 = IFCPOLYLOOP((#12100, #12072, #12085));
#12104 = IFCFACE((#12105));
#12105 = IFCFACEOUTERBOUND(#12106, .T.);
#12106 = IFCPOLYLOOP((#12057, #12085, #12072));
#12107 = IFCFACE((#12108));
#12108 = IFCFACEOUTERBOUND(#12109, .T.);
#12109 = IFCPOLYLOOP((#12058, #12085, #12057));
#12110 = IFCFACE((#12111));
#12111 = IFCFACEOUTERBOUND(#12112, .T.);
#12112 = IFCPOLYLOOP((#12113, #12086, #12114));
#12113 = IFCCARTESIANPOINT((5044.68307754181, 9951.17989228688, 407.731002979032));
#12114 = IFCCARTESIANPOINT((5044.68307754181, 9951.17989228688, 408.01105908118));
#12115 = IFCFACE((#12116));
#12116 = IFCFACEOUTERBOUND(#12117, .T.);
#12117 = IFCPOLYLOOP((#12114, #12086, #12118));
#12118 = IFCCARTESIANPOINT((5042.41835767063, 9949.08047925099, 407.949295065853));
#12119 = IFCFACE((#12120));
#12120 = IFCFACEOUTERBOUND(#12121, .T.);
#12121 = IFCPOLYLOOP((#12090, #12118, #12086));
#12122 = IFCFACE((#12123));
#12123 = IFCFACEOUTERBOUND(#12124, .T.);
#12124 = IFCPOLYLOOP((#12100, #12118, #12090));
#12125 = IFCFACE((#12126));
#12126 = IFCFACEOUTERBOUND(#12127, .T.);
#12127 = IFCPOLYLOOP((#12118, #12100, #12128));
#12128 = IFCCARTESIANPOINT((5042.41835767063, 9949.08047925099, 407.669239071453));
#12129 = IFCFACE((#12130));
#12130 = IFCFACEOUTERBOUND(#12131, .T.);
#12131 = IFCPOLYLOOP((#12128, #12100, #12113));
#12132 = IFCFACE((#12133));
#12133 = IFCFACEOUTERBOUND(#12134, .T.);
#12134 = IFCPOLYLOOP((#12085, #12113, #12100));
#12135 = IFCFACE((#12136));
#12136 = IFCFACEOUTERBOUND(#12137, .T.);
#12137 = IFCPOLYLOOP((#12086, #12113, #12085));
#12138 = IFCFACE((#12139));
#12139 = IFCFACEOUTERBOUND(#12140, .T.);
#12140 = IFCPOLYLOOP((#12141, #12114, #12142));
#12141 = IFCCARTESIANPOINT((5044.75095990512, 9951.10646202218, 407.731125513005));
#12142 = IFCCARTESIANPOINT((5044.75095990512, 9951.10646202218, 408.011181609398));
#12143 = IFCFACE((#12144));
#12144 = IFCFACEOUTERBOUND(#12145, .T.);
#12145 = IFCPOLYLOOP((#12142, #12114, #12146));
#12146 = IFCCARTESIANPOINT((5042.4863255959, 9949.0071283029, 407.949420012315));
#12147 = IFCFACE((#12148));
#12148 = IFCFACEOUTERBOUND(#12149, .T.);
#12149 = IFCPOLYLOOP((#12118, #12146, #12114));
#12150 = IFCFACE((#12151));
#12151 = IFCFACEOUTERBOUND(#12152, .T.);
#12152 = IFCPOLYLOOP((#12128, #12146, #12118));
#12153 = IFCFACE((#12154));
#12154 = IFCFACEOUTERBOUND(#12155, .T.);
#12155 = IFCPOLYLOOP((#12146, #12128, #12156));
#12156 = IFCCARTESIANPOINT((5042.4863255959, 9949.0071283029, 407.669364017915));
#12157 = IFCFACE((#12158));
#12158 = IFCFACEOUTERBOUND(#12159, .T.);
#12159 = IFCPOLYLOOP((#12156, #12128, #12141));
#12160 = IFCFACE((#12161));
#12161 = IFCFACEOUTERBOUND(#12162, .T.);
#12162 = IFCPOLYLOOP((#12113, #12141, #12128));
#12163 = IFCFACE((#12164));
#12164 = IFCFACEOUTERBOUND(#12165, .T.);
#12165 = IFCPOLYLOOP((#12114, #12141, #12113));
#12166 = IFCFACE((#12167));
#12167 = IFCFACEOUTERBOUND(#12168, .T.);
#12168 = IFCPOLYLOOP((#12169, #12142, #12170));
#12169 = IFCCARTESIANPOINT((5044.81884226843, 9951.03303175748, 407.731248046993));
#12170 = IFCCARTESIANPOINT((5044.81884226843, 9951.03303175748, 408.011304137639));
#12171 = IFCFACE((#12172));
#12172 = IFCFACEOUTERBOUND(#12173, .T.);
#12173 = IFCPOLYLOOP((#12170, #12142, #12174));
#12174 = IFCCARTESIANPOINT((5042.55429352117, 9948.93377735481, 407.949544958816));
#12175 = IFCFACE((#12176));
#12176 = IFCFACEOUTERBOUND(#12177, .T.);
#12177 = IFCPOLYLOOP((#12146, #12174, #12142));
#12178 = IFCFACE((#12179));
#12179 = IFCFACEOUTERBOUND(#12180, .T.);
#12180 = IFCPOLYLOOP((#12156, #12174, #12146));
#12181 = IFCFACE((#12182));
#12182 = IFCFACEOUTERBOUND(#12183, .T.);
#12183 = IFCPOLYLOOP((#12174, #12156, #12184));
#12184 = IFCCARTESIANPOINT((5042.55429352117, 9948.93377735481, 407.669488964415));
#12185 = IFCFACE((#12186));
#12186 = IFCFACEOUTERBOUND(#12187, .T.);
#12187 = IFCPOLYLOOP((#12184, #12156, #12169));
#12188 = IFCFACE((#12189));
#12189 = IFCFACEOUTERBOUND(#12190, .T.);
#12190 = IFCPOLYLOOP((#12141, #12169, #12156));
#12191 = IFCFACE((#12192));
#12192 = IFCFACEOUTERBOUND(#12193, .T.);
#12193 = IFCPOLYLOOP((#12142, #12169, #12141));
#12194 = IFCFACE((#12195));
#12195 = IFCFACEOUTERBOUND(#12196, .T.);
#12196 = IFCPOLYLOOP((#12197, #12170, #12198));
#12197 = IFCCARTESIANPOINT((5044.88672463174, 9950.95960149278, 407.731370580997));
#12198 = IFCCARTESIANPOINT((5044.88672463174, 9950.95960149278, 408.011426665894));
#12199 = IFCFACE((#12200));
#12200 = IFCFACEOUTERBOUND(#12201, .T.);
#12201 = IFCPOLYLOOP((#12198, #12170, #12202));
#12202 = IFCCARTESIANPOINT((5042.62226144644, 9948.86042640671, 407.949669905356));
#12203 = IFCFACE((#12204));
#12204 = IFCFACEOUTERBOUND(#12205, .T.);
#12205 = IFCPOLYLOOP((#12174, #12202, #12170));
#12206 = IFCFACE((#12207));
#12207 = IFCFACEOUTERBOUND(#12208, .T.);
#12208 = IFCPOLYLOOP((#12184, #12202, #12174));
#12209 = IFCFACE((#12210));
#12210 = IFCFACEOUTERBOUND(#12211, .T.);
#12211 = IFCPOLYLOOP((#12202, #12184, #12212));
#12212 = IFCCARTESIANPOINT((5042.62226144644, 9948.86042640671, 407.669613910954));
#12213 = IFCFACE((#12214));
#12214 = IFCFACEOUTERBOUND(#12215, .T.);
#12215 = IFCPOLYLOOP((#12212, #12184, #12197));
#12216 = IFCFACE((#12217));
#12217 = IFCFACEOUTERBOUND(#12218, .T.);
#12218 = IFCPOLYLOOP((#12169, #12197, #12184));
#12219 = IFCFACE((#12220));
#12220 = IFCFACEOUTERBOUND(#12221, .T.);
#12221 = IFCPOLYLOOP((#12170, #12197, #12169));
#12222 = IFCFACE((#12223));
#12223 = IFCFACEOUTERBOUND(#12224, .T.);
#12224 = IFCPOLYLOOP((#12225, #12198, #12226));
#12225 = IFCCARTESIANPOINT((5044.95460699505, 9950.88617122809, 407.731493115016));
#12226 = IFCCARTESIANPOINT((5044.95460699505, 9950.88617122809, 408.011549194169));
#12227 = IFCFACE((#12228));
#12228 = IFCFACEOUTERBOUND(#12229, .T.);
#12229 = IFCPOLYLOOP((#12226, #12198, #12230));
#12230 = IFCCARTESIANPOINT((5042.69022937172, 9948.78707545862, 407.949794851931));
#12231 = IFCFACE((#12232));
#12232 = IFCFACEOUTERBOUND(#12233, .T.);
#12233 = IFCPOLYLOOP((#12202, #12230, #12198));
#12234 = IFCFACE((#12235));
#12235 = IFCFACEOUTERBOUND(#12236, .T.);
#12236 = IFCPOLYLOOP((#12212, #12230, #12202));
#12237 = IFCFACE((#12238));
#12238 = IFCFACEOUTERBOUND(#12239, .T.);
#12239 = IFCPOLYLOOP((#12230, #12212, #12240));
#12240 = IFCCARTESIANPOINT((5042.69022937172, 9948.78707545862, 407.669738857531));
#12241 = IFCFACE((#12242));
#12242 = IFCFACEOUTERBOUND(#12243, .T.);
#12243 = IFCPOLYLOOP((#12240, #12212, #12225));
#12244 = IFCFACE((#12245));
#12245 = IFCFACEOUTERBOUND(#12246, .T.);
#12246 = IFCPOLYLOOP((#12197, #12225, #12212));
#12247 = IFCFACE((#12248));
#12248 = IFCFACEOUTERBOUND(#12249, .T.);
#12249 = IFCPOLYLOOP((#12198, #12225, #12197));
#12250 = IFCFACE((#12251));
#12251 = IFCFACEOUTERBOUND(#12252, .T.);
#12252 = IFCPOLYLOOP((#12253, #12226, #12254));
#12253 = IFCCARTESIANPOINT((5045.02248935836, 9950.81274096338, 407.731615649051));
#12254 = IFCCARTESIANPOINT((5045.02248935836, 9950.81274096338, 408.011671722456));
#12255 = IFCFACE((#12256));
#12256 = IFCFACEOUTERBOUND(#12257, .T.);
#12257 = IFCPOLYLOOP((#12254, #12226, #12258));
#12258 = IFCCARTESIANPOINT((5042.75819729698, 9948.71372451053, 407.949919798548));
#12259 = IFCFACE((#12260));
#12260 = IFCFACEOUTERBOUND(#12261, .T.);
#12261 = IFCPOLYLOOP((#12230, #12258, #12226));
#12262 = IFCFACE((#12263));
#12263 = IFCFACEOUTERBOUND(#12264, .T.);
#12264 = IFCPOLYLOOP((#12240, #12258, #12230));
#12265 = IFCFACE((#12266));
#12266 = IFCFACEOUTERBOUND(#12267, .T.);
#12267 = IFCPOLYLOOP((#12258, #12240, #12268));
#12268 = IFCCARTESIANPOINT((5042.75819729698, 9948.71372451053, 407.669863804146));
#12269 = IFCFACE((#12270));
#12270 = IFCFACEOUTERBOUND(#12271, .T.);
#12271 = IFCPOLYLOOP((#12268, #12240, #12253));
#12272 = IFCFACE((#12273));
#12273 = IFCFACEOUTERBOUND(#12274, .T.);
#12274 = IFCPOLYLOOP((#12225, #12253, #12240));
#12275 = IFCFACE((#12276));
#12276 = IFCFACEOUTERBOUND(#12277, .T.);
#12277 = IFCPOLYLOOP((#12226, #12253, #12225));
#12278 = IFCFACE((#12279));
#12279 = IFCFACEOUTERBOUND(#12280, .T.);
#12280 = IFCPOLYLOOP((#12281, #12254, #12282));
#12281 = IFCCARTESIANPOINT((5045.09037172167, 9950.73931069869, 407.731738183101));
#12282 = IFCCARTESIANPOINT((5045.09037172167, 9950.73931069869, 408.011794250761));
#12283 = IFCFACE((#12284));
#12284 = IFCFACEOUTERBOUND(#12285, .T.);
#12285 = IFCPOLYLOOP((#12282, #12254, #12286));
#12286 = IFCCARTESIANPOINT((5042.82616522226, 9948.64037356244, 407.950044745199));
#12287 = IFCFACE((#12288));
#12288 = IFCFACEOUTERBOUND(#12289, .T.);
#12289 = IFCPOLYLOOP((#12258, #12286, #12254));
#12290 = IFCFACE((#12291));
#12291 = IFCFACEOUTERBOUND(#12292, .T.);
#12292 = IFCPOLYLOOP((#12268, #12286, #12258));
#12293 = IFCFACE((#12294));
#12294 = IFCFACEOUTERBOUND(#12295, .T.);
#12295 = IFCPOLYLOOP((#12286, #12268, #12296));
#12296 = IFCCARTESIANPOINT((5042.82616522226, 9948.64037356244, 407.669988750799));
#12297 = IFCFACE((#12298));
#12298 = IFCFACEOUTERBOUND(#12299, .T.);
#12299 = IFCPOLYLOOP((#12296, #12268, #12281));
#12300 = IFCFACE((#12301));
#12301 = IFCFACEOUTERBOUND(#12302, .T.);
#12302 = IFCPOLYLOOP((#12253, #12281, #12268));
#12303 = IFCFACE((#12304));
#12304 = IFCFACEOUTERBOUND(#12305, .T.);
#12305 = IFCPOLYLOOP((#12254, #12281, #12253));
#12306 = IFCFACE((#12307));
#12307 = IFCFACEOUTERBOUND(#12308, .T.);
#12308 = IFCPOLYLOOP((#12309, #12282, #12310));
#12309 = IFCCARTESIANPOINT((5045.15825408498, 9950.66588043399, 407.731860717167));
#12310 = IFCCARTESIANPOINT((5045.15825408498, 9950.66588043399, 408.011916779083));
#12311 = IFCFACE((#12312));
#12312 = IFCFACEOUTERBOUND(#12313, .T.);
#12313 = IFCPOLYLOOP((#12310, #12282, #12314));
#12314 = IFCCARTESIANPOINT((5042.89413314753, 9948.56702261434, 407.950169691891));
#12315 = IFCFACE((#12316));
#12316 = IFCFACEOUTERBOUND(#12317, .T.);
#12317 = IFCPOLYLOOP((#12286, #12314, #12282));
#12318 = IFCFACE((#12319));
#12319 = IFCFACEOUTERBOUND(#12320, .T.);
#12320 = IFCPOLYLOOP((#12296, #12314, #12286));
#12321 = IFCFACE((#12322));
#12322 = IFCFACEOUTERBOUND(#12323, .T.);
#12323 = IFCPOLYLOOP((#12314, #12296, #12324));
#12324 = IFCCARTESIANPOINT((5042.89413314753, 9948.56702261434, 407.67011369749));
#12325 = IFCFACE((#12326));
#12326 = IFCFACEOUTERBOUND(#12327, .T.);
#12327 = IFCPOLYLOOP((#12324, #12296, #12309));
#12328 = IFCFACE((#12329));
#12329 = IFCFACEOUTERBOUND(#12330, .T.);
#12330 = IFCPOLYLOOP((#12281, #12309, #12296));
#12331 = IFCFACE((#12332));
#12332 = IFCFACEOUTERBOUND(#12333, .T.);
#12333 = IFCPOLYLOOP((#12282, #12309, #12281));
#12334 = IFCFACE((#12335));
#12335 = IFCFACEOUTERBOUND(#12336, .T.);
#12336 = IFCPOLYLOOP((#12337, #12310, #12338));
#12337 = IFCCARTESIANPOINT((5045.22613644829, 9950.59245016929, 407.731983251248));
#12338 = IFCCARTESIANPOINT((5045.22613644829, 9950.59245016929, 408.012039307421));
#12339 = IFCFACE((#12340));
#12340 = IFCFACEOUTERBOUND(#12341, .T.);
#12341 = IFCPOLYLOOP((#12338, #12310, #12342));
#12342 = IFCCARTESIANPOINT((5042.9621010728, 9948.49367166625, 407.95029463862));
#12343 = IFCFACE((#12344));
#12344 = IFCFACEOUTERBOUND(#12345, .T.);
#12345 = IFCPOLYLOOP((#12314, #12342, #12310));
#12346 = IFCFACE((#12347));
#12347 = IFCFACEOUTERBOUND(#12348, .T.);
#12348 = IFCPOLYLOOP((#12324, #12342, #12314));
#12349 = IFCFACE((#12350));
#12350 = IFCFACEOUTERBOUND(#12351, .T.);
#12351 = IFCPOLYLOOP((#12342, #12324, #12352));
#12352 = IFCCARTESIANPOINT((5042.9621010728, 9948.49367166625, 407.670238644219));
#12353 = IFCFACE((#12354));
#12354 = IFCFACEOUTERBOUND(#12355, .T.);
#12355 = IFCPOLYLOOP((#12352, #12324, #12337));
#12356 = IFCFACE((#12357));
#12357 = IFCFACEOUTERBOUND(#12358, .T.);
#12358 = IFCPOLYLOOP((#12309, #12337, #12324));
#12359 = IFCFACE((#12360));
#12360 = IFCFACEOUTERBOUND(#12361, .T.);
#12361 = IFCPOLYLOOP((#12310, #12337, #12309));
#12362 = IFCFACE((#12363));
#12363 = IFCFACEOUTERBOUND(#12364, .T.);
#12364 = IFCPOLYLOOP((#12365, #12338, #12366));
#12365 = IFCCARTESIANPOINT((5045.2940188116, 9950.51901990459, 407.732105785345));
#12366 = IFCCARTESIANPOINT((5045.2940188116, 9950.51901990459, 408.012161835778));
#12367 = IFCFACE((#12368));
#12368 = IFCFACEOUTERBOUND(#12369, .T.);
#12369 = IFCPOLYLOOP((#12366, #12338, #12370));
#12370 = IFCCARTESIANPOINT((5043.03006899807, 9948.42032071816, 407.950419585388));
#12371 = IFCFACE((#12372));
#12372 = IFCFACEOUTERBOUND(#12373, .T.);
#12373 = IFCPOLYLOOP((#12342, #12370, #12338));
#12374 = IFCFACE((#12375));
#12375 = IFCFACEOUTERBOUND(#12376, .T.);
#12376 = IFCPOLYLOOP((#12352, #12370, #12342));
#12377 = IFCFACE((#12378));
#12378 = IFCFACEOUTERBOUND(#12379, .T.);
#12379 = IFCPOLYLOOP((#12370, #12352, #12380));
#12380 = IFCCARTESIANPOINT((5043.03006899807, 9948.42032071816, 407.670363590987));
#12381 = IFCFACE((#12382));
#12382 = IFCFACEOUTERBOUND(#12383, .T.);
#12383 = IFCPOLYLOOP((#12380, #12352, #12365));
#12384 = IFCFACE((#12385));
#12385 = IFCFACEOUTERBOUND(#12386, .T.);
#12386 = IFCPOLYLOOP((#12337, #12365, #12352));
#12387 = IFCFACE((#12388));
#12388 = IFCFACEOUTERBOUND(#12389, .T.);
#12389 = IFCPOLYLOOP((#12338, #12365, #12337));
#12390 = IFCFACE((#12391));
#12391 = IFCFACEOUTERBOUND(#12392, .T.);
#12392 = IFCPOLYLOOP((#12393, #12366, #12394));
#12393 = IFCCARTESIANPOINT((5045.33529671269, 9950.47436843206, 407.732180298337));
#12394 = IFCCARTESIANPOINT((5045.33529671269, 9950.47436843206, 408.012236345278));
#12395 = IFCFACE((#12396));
#12396 = IFCFACEOUTERBOUND(#12397, .T.);
#12397 = IFCPOLYLOOP((#12394, #12366, #12398));
#12398 = IFCCARTESIANPOINT((5043.07139892939, 9948.37571747806, 407.950495565534));
#12399 = IFCFACE((#12400));
#12400 = IFCFACEOUTERBOUND(#12401, .T.);
#12401 = IFCPOLYLOOP((#12370, #12398, #12366));
#12402 = IFCFACE((#12403));
#12403 = IFCFACEOUTERBOUND(#12404, .T.);
#12404 = IFCPOLYLOOP((#12380, #12398, #12370));
#12405 = IFCFACE((#12406));
#12406 = IFCFACEOUTERBOUND(#12407, .T.);
#12407 = IFCPOLYLOOP((#12398, #12380, #12408));
#12408 = IFCCARTESIANPOINT((5043.07139892939, 9948.37571747806, 407.670439571135));
#12409 = IFCFACE((#12410));
#12410 = IFCFACEOUTERBOUND(#12411, .T.);
#12411 = IFCPOLYLOOP((#12408, #12380, #12393));
#12412 = IFCFACE((#12413));
#12413 = IFCFACEOUTERBOUND(#12414, .T.);
#12414 = IFCPOLYLOOP((#12365, #12393, #12380));
#12415 = IFCFACE((#12416));
#12416 = IFCFACEOUTERBOUND(#12417, .T.);
#12417 = IFCPOLYLOOP((#12366, #12393, #12365));
#12418 = IFCFACE((#12419));
#12419 = IFCFACEOUTERBOUND(#12420, .T.);
#12420 = IFCPOLYLOOP((#12421, #12394, #12422));
#12421 = IFCCARTESIANPOINT((5045.33610451282, 9950.47349461192, 407.732181654061));
#12422 = IFCCARTESIANPOINT((5045.33610451282, 9950.47349461192, 408.012237687486));
#12423 = IFCFACE((#12424));
#12424 = IFCFACEOUTERBOUND(#12425, .T.);
#12425 = IFCPOLYLOOP((#12422, #12394, #12426));
#12426 = IFCCARTESIANPOINT((5044.06518295192, 9949.29534038345, 407.977577024636));
#12427 = IFCFACE((#12428));
#12428 = IFCFACEOUTERBOUND(#12429, .T.);
#12429 = IFCPOLYLOOP((#12398, #12426, #12394));
#12430 = IFCFACE((#12431));
#12431 = IFCFACEOUTERBOUND(#12432, .T.);
#12432 = IFCPOLYLOOP((#12408, #12426, #12398));
#12433 = IFCFACE((#12434));
#12434 = IFCFACEOUTERBOUND(#12435, .T.);
#12435 = IFCPOLYLOOP((#12426, #12408, #12436));
#12436 = IFCCARTESIANPOINT((5044.06518295192, 9949.29534038345, 407.697521030234));
#12437 = IFCFACE((#12438));
#12438 = IFCFACEOUTERBOUND(#12439, .T.);
#12439 = IFCPOLYLOOP((#12436, #12408, #12421));
#12440 = IFCFACE((#12441));
#12441 = IFCFACEOUTERBOUND(#12442, .T.);
#12442 = IFCPOLYLOOP((#12393, #12421, #12408));
#12443 = IFCFACE((#12444));
#12444 = IFCFACEOUTERBOUND(#12445, .T.);
#12445 = IFCPOLYLOOP((#12394, #12421, #12393));
#12446 = IFCFACE((#12447));
#12447 = IFCFACEOUTERBOUND(#12448, .T.);
#12448 = IFCPOLYLOOP((#12449, #12422, #12450));
#12449 = IFCCARTESIANPOINT((5045.36190117491, 9950.44558963989, 407.732228221272));
#12450 = IFCCARTESIANPOINT((5045.36190117491, 9950.44558963989, 408.012284253076));
#12451 = IFCFACE((#12452));
#12452 = IFCFACEOUTERBOUND(#12453, .T.);
#12453 = IFCPOLYLOOP((#12426, #12450, #12422));
#12454 = IFCFACE((#12455));
#12455 = IFCFACEOUTERBOUND(#12456, .T.);
#12456 = IFCPOLYLOOP((#12450, #12426, #12457));
#12457 = IFCCARTESIANPOINT((5044.09097961402, 9949.26743541142, 407.977623617733));
#12458 = IFCFACE((#12459));
#12459 = IFCFACEOUTERBOUND(#12460, .T.);
#12460 = IFCPOLYLOOP((#12436, #12457, #12426));
#12461 = IFCFACE((#12462));
#12462 = IFCFACEOUTERBOUND(#12463, .T.);
#12463 = IFCPOLYLOOP((#12457, #12436, #12464));
#12464 = IFCCARTESIANPOINT((5044.09097961402, 9949.26743541142, 407.69756762333));
#12465 = IFCFACE((#12466));
#12466 = IFCFACEOUTERBOUND(#12467, .T.);
#12467 = IFCPOLYLOOP((#12421, #12464, #12436));
#12468 = IFCFACE((#12469));
#12469 = IFCFACEOUTERBOUND(#12470, .T.);
#12470 = IFCPOLYLOOP((#12464, #12421, #12449));
#12471 = IFCFACE((#12472));
#12472 = IFCFACEOUTERBOUND(#12473, .T.);
#12473 = IFCPOLYLOOP((#12422, #12449, #12421));
#12474 = IFCFACE((#12475));
#12475 = IFCFACEOUTERBOUND(#12476, .T.);
#12476 = IFCPOLYLOOP((#12477, #12450, #12478));
#12477 = IFCCARTESIANPOINT((5045.40731107242, 9950.39646846434, 407.732310204081));
#12478 = IFCCARTESIANPOINT((5045.40731107242, 9950.39646846434, 408.012366233028));
#12479 = IFCFACE((#12480));
#12480 = IFCFACEOUTERBOUND(#12481, .T.);
#12481 = IFCPOLYLOOP((#12457, #12478, #12450));
#12482 = IFCFACE((#12483));
#12483 = IFCFACEOUTERBOUND(#12484, .T.);
#12484 = IFCPOLYLOOP((#12478, #12457, #12485));
#12485 = IFCCARTESIANPOINT((5044.13638951153, 9949.21831423587, 407.977705646117));
#12486 = IFCFACE((#12487));
#12487 = IFCFACEOUTERBOUND(#12488, .T.);
#12488 = IFCPOLYLOOP((#12464, #12485, #12457));
#12489 = IFCFACE((#12490));
#12490 = IFCFACEOUTERBOUND(#12491, .T.);
#12491 = IFCPOLYLOOP((#12485, #12464, #12492));
#12492 = IFCCARTESIANPOINT((5044.13638951153, 9949.21831423587, 407.697649651715));
#12493 = IFCFACE((#12494));
#12494 = IFCFACEOUTERBOUND(#12495, .T.);
#12495 = IFCPOLYLOOP((#12449, #12492, #12464));
#12496 = IFCFACE((#12497));
#12497 = IFCFACEOUTERBOUND(#12498, .T.);
#12498 = IFCPOLYLOOP((#12492, #12449, #12477));
#12499 = IFCFACE((#12500));
#12500 = IFCFACEOUTERBOUND(#12501, .T.);
#12501 = IFCPOLYLOOP((#12450, #12477, #12449));
#12502 = IFCFACE((#12503));
#12503 = IFCFACEOUTERBOUND(#12504, .T.);
#12504 = IFCPOLYLOOP((#12478, #12485, #12492));
#12505 = IFCFACE((#12506));
#12506 = IFCFACEOUTERBOUND(#12507, .T.);
#12507 = IFCPOLYLOOP((#12477, #12478, #12492));
ENDSEC;
END-ISO-10303-21;
